[     192ms] [ERROR] Failed to load resource: the server responded with a status of 500 (Internal Server Error) @ http://localhost:3000/claims/tariffs-push-inflation-above-4pct-2026:0
[     433ms] [INFO] %cDownload the React DevTools for a better development experience: https://react.dev/link/react-devtools font-weight:bold @ http://localhost:3000/_next/static/chunks/1l_l_react-dom_0juj_l_._.js:15305
[     443ms] Error: ./Dropbox (Maestral)/smarthumans.ai/src/app/claims/[slug]/page.tsx:560:32
Unexpected character '”'
  558 |
  559 |           {related.length > 0 && (
> 560 |             <section className=”mt-10”>
      |                                ^
  561 |               <h2 className=”border-b pb-2 text-xs font-semibold uppercase tracking-[0.12...
  562 |                 Related claims
  563 |               </h2>

Parsing ecmascript source code failed


    at <unknown> (Error: ./Dropbox (Maestral)/smarthumans.ai/src/app/claims/[slug]/page.tsx:560:32)
    at Object.getCompilationErrors (file:///Users/joelei/Dropbox (Maestral)/smarthumans.ai/node_modules/next/dist/server/dev/hot-reloader-turbopack.js:1186:59)
    at DevBundlerService.getCompilationError (file:///Users/joelei/Dropbox (Maestral)/smarthumans.ai/node_modules/next/dist/server/lib/dev-bundler-service.js:44:55)
    at DevServer.getCompilationError (file:///Users/joelei/Dropbox (Maestral)/smarthumans.ai/node_modules/next/dist/server/dev/next-dev-server.js:720:42)
    at DevServer.findPageComponents (file:///Users/joelei/Dropbox (Maestral)/smarthumans.ai/node_modules/next/dist/server/dev/next-dev-server.js:690:43)
    at async DevServer.renderErrorToResponseImpl (file:///Users/joelei/Dropbox (Maestral)/smarthumans.ai/node_modules/next/dist/server/base-server.js:1753:26)
[     442ms] [LOG] [HMR] connected @ http://localhost:3000/_next/static/chunks/1l_l_next_dist_0sxpgfl._.js:1226
[     444ms] [ERROR] ./Dropbox (Maestral)/smarthumans.ai/src/app/claims/[slug]/page.tsx:560:32
Unexpected character '”'
  558 |
  559 |           {related.length > 0 && (
> 560 |             <section className=”mt-10”>
      |                                ^
  561 |               <h2 className=”border-b pb-2 text-xs font-semibold uppercase tracking-[0.12...
  562 |                 Related claims
  563 |               </h2>

Parsing ecmascript source code failed @ http://localhost:3000/_next/static/chunks/1l_l_next_dist_0sxpgfl._.js:1945
[     446ms] [ERROR] ./Dropbox (Maestral)/smarthumans.ai/src/app/claims/[slug]/page.tsx:560:32
Unexpected character '”'
  558 |
  559 |           {related.length > 0 && (
> 560 |             <section className=”mt-10”>
      |                                ^
  561 |               <h2 className=”border-b pb-2 text-xs font-semibold uppercase tracking-[0.12...
  562 |                 Related claims
  563 |               </h2>

Parsing ecmascript source code failed @ http://localhost:3000/_next/static/chunks/1l_l_next_dist_0sxpgfl._.js:1945
[     494ms] [ERROR] ./Dropbox (Maestral)/smarthumans.ai/src/app/claims/[slug]/page.tsx:560:32
Unexpected character '”'
  558 |
  559 |           {related.length > 0 && (
> 560 |             <section className=”mt-10”>
      |                                ^
  561 |               <h2 className=”border-b pb-2 text-xs font-semibold uppercase tracking-[0.12...
  562 |                 Related claims
  563 |               </h2>

Parsing ecmascript source code failed @ http://localhost:3000/_next/static/chunks/1l_l_next_dist_0sxpgfl._.js:1945
[     581ms] [ERROR] ./Dropbox (Maestral)/smarthumans.ai/src/app/claims/[slug]/page.tsx:560:32
Unexpected character '”'
  558 |
  559 |           {related.length > 0 && (
> 560 |             <section className=”mt-10”>
      |                                ^
  561 |               <h2 className=”border-b pb-2 text-xs font-semibold uppercase tracking-[0.12...
  562 |                 Related claims
  563 |               </h2>

Parsing ecmascript source code failed @ http://localhost:3000/_next/static/chunks/1l_l_next_dist_0sxpgfl._.js:1945
[     638ms] [ERROR] ./Dropbox (Maestral)/smarthumans.ai/src/app/claims/[slug]/page.tsx:560:32
Unexpected character '”'
  558 |
  559 |           {related.length > 0 && (
> 560 |             <section className=”mt-10”>
      |                                ^
  561 |               <h2 className=”border-b pb-2 text-xs font-semibold uppercase tracking-[0.12...
  562 |                 Related claims
  563 |               </h2>

Parsing ecmascript source code failed @ http://localhost:3000/_next/static/chunks/1l_l_next_dist_0sxpgfl._.js:1945
[     696ms] [ERROR] ./Dropbox (Maestral)/smarthumans.ai/src/app/claims/[slug]/page.tsx:560:32
Unexpected character '”'
  558 |
  559 |           {related.length > 0 && (
> 560 |             <section className=”mt-10”>
      |                                ^
  561 |               <h2 className=”border-b pb-2 text-xs font-semibold uppercase tracking-[0.12...
  562 |                 Related claims
  563 |               </h2>

Parsing ecmascript source code failed @ http://localhost:3000/_next/static/chunks/1l_l_next_dist_0sxpgfl._.js:1945
[     753ms] [ERROR] ./Dropbox (Maestral)/smarthumans.ai/src/app/claims/[slug]/page.tsx:560:32
Unexpected character '”'
  558 |
  559 |           {related.length > 0 && (
> 560 |             <section className=”mt-10”>
      |                                ^
  561 |               <h2 className=”border-b pb-2 text-xs font-semibold uppercase tracking-[0.12...
  562 |                 Related claims
  563 |               </h2>

Parsing ecmascript source code failed @ http://localhost:3000/_next/static/chunks/1l_l_next_dist_0sxpgfl._.js:1945
[     817ms] [ERROR] ./Dropbox (Maestral)/smarthumans.ai/src/app/claims/[slug]/page.tsx:560:32
Unexpected character '”'
  558 |
  559 |           {related.length > 0 && (
> 560 |             <section className=”mt-10”>
      |                                ^
  561 |               <h2 className=”border-b pb-2 text-xs font-semibold uppercase tracking-[0.12...
  562 |                 Related claims
  563 |               </h2>

Parsing ecmascript source code failed @ http://localhost:3000/_next/static/chunks/1l_l_next_dist_0sxpgfl._.js:1945
[     873ms] [ERROR] ./Dropbox (Maestral)/smarthumans.ai/src/app/claims/[slug]/page.tsx:560:32
Unexpected character '”'
  558 |
  559 |           {related.length > 0 && (
> 560 |             <section className=”mt-10”>
      |                                ^
  561 |               <h2 className=”border-b pb-2 text-xs font-semibold uppercase tracking-[0.12...
  562 |                 Related claims
  563 |               </h2>

Parsing ecmascript source code failed @ http://localhost:3000/_next/static/chunks/1l_l_next_dist_0sxpgfl._.js:1945
[     941ms] [ERROR] ./Dropbox (Maestral)/smarthumans.ai/src/app/claims/[slug]/page.tsx:560:32
Unexpected character '”'
  558 |
  559 |           {related.length > 0 && (
> 560 |             <section className=”mt-10”>
      |                                ^
  561 |               <h2 className=”border-b pb-2 text-xs font-semibold uppercase tracking-[0.12...
  562 |                 Related claims
  563 |               </h2>

Parsing ecmascript source code failed @ http://localhost:3000/_next/static/chunks/1l_l_next_dist_0sxpgfl._.js:1945
[    1027ms] [ERROR] ./Dropbox (Maestral)/smarthumans.ai/src/app/claims/[slug]/page.tsx:560:32
Unexpected character '”'
  558 |
  559 |           {related.length > 0 && (
> 560 |             <section className=”mt-10”>
      |                                ^
  561 |               <h2 className=”border-b pb-2 text-xs font-semibold uppercase tracking-[0.12...
  562 |                 Related claims
  563 |               </h2>

Parsing ecmascript source code failed @ http://localhost:3000/_next/static/chunks/1l_l_next_dist_0sxpgfl._.js:1945
[    1087ms] [ERROR] ./Dropbox (Maestral)/smarthumans.ai/src/app/claims/[slug]/page.tsx:560:32
Unexpected character '”'
  558 |
  559 |           {related.length > 0 && (
> 560 |             <section className=”mt-10”>
      |                                ^
  561 |               <h2 className=”border-b pb-2 text-xs font-semibold uppercase tracking-[0.12...
  562 |                 Related claims
  563 |               </h2>

Parsing ecmascript source code failed @ http://localhost:3000/_next/static/chunks/1l_l_next_dist_0sxpgfl._.js:1945
[    1143ms] [ERROR] ./Dropbox (Maestral)/smarthumans.ai/src/app/claims/[slug]/page.tsx:560:32
Unexpected character '”'
  558 |
  559 |           {related.length > 0 && (
> 560 |             <section className=”mt-10”>
      |                                ^
  561 |               <h2 className=”border-b pb-2 text-xs font-semibold uppercase tracking-[0.12...
  562 |                 Related claims
  563 |               </h2>

Parsing ecmascript source code failed @ http://localhost:3000/_next/static/chunks/1l_l_next_dist_0sxpgfl._.js:1945
[    1198ms] [ERROR] ./Dropbox (Maestral)/smarthumans.ai/src/app/claims/[slug]/page.tsx:560:32
Unexpected character '”'
  558 |
  559 |           {related.length > 0 && (
> 560 |             <section className=”mt-10”>
      |                                ^
  561 |               <h2 className=”border-b pb-2 text-xs font-semibold uppercase tracking-[0.12...
  562 |                 Related claims
  563 |               </h2>

Parsing ecmascript source code failed @ http://localhost:3000/_next/static/chunks/1l_l_next_dist_0sxpgfl._.js:1945
[    1256ms] [ERROR] ./Dropbox (Maestral)/smarthumans.ai/src/app/claims/[slug]/page.tsx:560:32
Unexpected character '”'
  558 |
  559 |           {related.length > 0 && (
> 560 |             <section className=”mt-10”>
      |                                ^
  561 |               <h2 className=”border-b pb-2 text-xs font-semibold uppercase tracking-[0.12...
  562 |                 Related claims
  563 |               </h2>

Parsing ecmascript source code failed @ http://localhost:3000/_next/static/chunks/1l_l_next_dist_0sxpgfl._.js:1945
[    1321ms] [ERROR] ./Dropbox (Maestral)/smarthumans.ai/src/app/claims/[slug]/page.tsx:560:32
Unexpected character '”'
  558 |
  559 |           {related.length > 0 && (
> 560 |             <section className=”mt-10”>
      |                                ^
  561 |               <h2 className=”border-b pb-2 text-xs font-semibold uppercase tracking-[0.12...
  562 |                 Related claims
  563 |               </h2>

Parsing ecmascript source code failed @ http://localhost:3000/_next/static/chunks/1l_l_next_dist_0sxpgfl._.js:1945
[    1381ms] [ERROR] ./Dropbox (Maestral)/smarthumans.ai/src/app/claims/[slug]/page.tsx:560:32
Unexpected character '”'
  558 |
  559 |           {related.length > 0 && (
> 560 |             <section className=”mt-10”>
      |                                ^
  561 |               <h2 className=”border-b pb-2 text-xs font-semibold uppercase tracking-[0.12...
  562 |                 Related claims
  563 |               </h2>

Parsing ecmascript source code failed @ http://localhost:3000/_next/static/chunks/1l_l_next_dist_0sxpgfl._.js:1945
[    1438ms] [ERROR] ./Dropbox (Maestral)/smarthumans.ai/src/app/claims/[slug]/page.tsx:560:32
Unexpected character '”'
  558 |
  559 |           {related.length > 0 && (
> 560 |             <section className=”mt-10”>
      |                                ^
  561 |               <h2 className=”border-b pb-2 text-xs font-semibold uppercase tracking-[0.12...
  562 |                 Related claims
  563 |               </h2>

Parsing ecmascript source code failed @ http://localhost:3000/_next/static/chunks/1l_l_next_dist_0sxpgfl._.js:1945
[    1486ms] [ERROR] ./Dropbox (Maestral)/smarthumans.ai/src/app/claims/[slug]/page.tsx:560:32
Unexpected character '”'
  558 |
  559 |           {related.length > 0 && (
> 560 |             <section className=”mt-10”>
      |                                ^
  561 |               <h2 className=”border-b pb-2 text-xs font-semibold uppercase tracking-[0.12...
  562 |                 Related claims
  563 |               </h2>

Parsing ecmascript source code failed @ http://localhost:3000/_next/static/chunks/1l_l_next_dist_0sxpgfl._.js:1945
[    1541ms] [ERROR] ./Dropbox (Maestral)/smarthumans.ai/src/app/claims/[slug]/page.tsx:560:32
Unexpected character '”'
  558 |
  559 |           {related.length > 0 && (
> 560 |             <section className=”mt-10”>
      |                                ^
  561 |               <h2 className=”border-b pb-2 text-xs font-semibold uppercase tracking-[0.12...
  562 |                 Related claims
  563 |               </h2>

Parsing ecmascript source code failed @ http://localhost:3000/_next/static/chunks/1l_l_next_dist_0sxpgfl._.js:1945
[    1598ms] [ERROR] ./Dropbox (Maestral)/smarthumans.ai/src/app/claims/[slug]/page.tsx:560:32
Unexpected character '”'
  558 |
  559 |           {related.length > 0 && (
> 560 |             <section className=”mt-10”>
      |                                ^
  561 |               <h2 className=”border-b pb-2 text-xs font-semibold uppercase tracking-[0.12...
  562 |                 Related claims
  563 |               </h2>

Parsing ecmascript source code failed @ http://localhost:3000/_next/static/chunks/1l_l_next_dist_0sxpgfl._.js:1945
[    1648ms] [ERROR] ./Dropbox (Maestral)/smarthumans.ai/src/app/claims/[slug]/page.tsx:560:32
Unexpected character '”'
  558 |
  559 |           {related.length > 0 && (
> 560 |             <section className=”mt-10”>
      |                                ^
  561 |               <h2 className=”border-b pb-2 text-xs font-semibold uppercase tracking-[0.12...
  562 |                 Related claims
  563 |               </h2>

Parsing ecmascript source code failed @ http://localhost:3000/_next/static/chunks/1l_l_next_dist_0sxpgfl._.js:1945
[    1704ms] [ERROR] ./Dropbox (Maestral)/smarthumans.ai/src/app/claims/[slug]/page.tsx:560:32
Unexpected character '”'
  558 |
  559 |           {related.length > 0 && (
> 560 |             <section className=”mt-10”>
      |                                ^
  561 |               <h2 className=”border-b pb-2 text-xs font-semibold uppercase tracking-[0.12...
  562 |                 Related claims
  563 |               </h2>

Parsing ecmascript source code failed @ http://localhost:3000/_next/static/chunks/1l_l_next_dist_0sxpgfl._.js:1945
[    1763ms] [ERROR] ./Dropbox (Maestral)/smarthumans.ai/src/app/claims/[slug]/page.tsx:560:32
Unexpected character '”'
  558 |
  559 |           {related.length > 0 && (
> 560 |             <section className=”mt-10”>
      |                                ^
  561 |               <h2 className=”border-b pb-2 text-xs font-semibold uppercase tracking-[0.12...
  562 |                 Related claims
  563 |               </h2>

Parsing ecmascript source code failed @ http://localhost:3000/_next/static/chunks/1l_l_next_dist_0sxpgfl._.js:1945
[    1820ms] [ERROR] ./Dropbox (Maestral)/smarthumans.ai/src/app/claims/[slug]/page.tsx:560:32
Unexpected character '”'
  558 |
  559 |           {related.length > 0 && (
> 560 |             <section className=”mt-10”>
      |                                ^
  561 |               <h2 className=”border-b pb-2 text-xs font-semibold uppercase tracking-[0.12...
  562 |                 Related claims
  563 |               </h2>

Parsing ecmascript source code failed @ http://localhost:3000/_next/static/chunks/1l_l_next_dist_0sxpgfl._.js:1945
[    1876ms] [ERROR] ./Dropbox (Maestral)/smarthumans.ai/src/app/claims/[slug]/page.tsx:560:32
Unexpected character '”'
  558 |
  559 |           {related.length > 0 && (
> 560 |             <section className=”mt-10”>
      |                                ^
  561 |               <h2 className=”border-b pb-2 text-xs font-semibold uppercase tracking-[0.12...
  562 |                 Related claims
  563 |               </h2>

Parsing ecmascript source code failed @ http://localhost:3000/_next/static/chunks/1l_l_next_dist_0sxpgfl._.js:1945
[    1932ms] [ERROR] ./Dropbox (Maestral)/smarthumans.ai/src/app/claims/[slug]/page.tsx:560:32
Unexpected character '”'
  558 |
  559 |           {related.length > 0 && (
> 560 |             <section className=”mt-10”>
      |                                ^
  561 |               <h2 className=”border-b pb-2 text-xs font-semibold uppercase tracking-[0.12...
  562 |                 Related claims
  563 |               </h2>

Parsing ecmascript source code failed @ http://localhost:3000/_next/static/chunks/1l_l_next_dist_0sxpgfl._.js:1945
[    1989ms] [ERROR] ./Dropbox (Maestral)/smarthumans.ai/src/app/claims/[slug]/page.tsx:560:32
Unexpected character '”'
  558 |
  559 |           {related.length > 0 && (
> 560 |             <section className=”mt-10”>
      |                                ^
  561 |               <h2 className=”border-b pb-2 text-xs font-semibold uppercase tracking-[0.12...
  562 |                 Related claims
  563 |               </h2>

Parsing ecmascript source code failed @ http://localhost:3000/_next/static/chunks/1l_l_next_dist_0sxpgfl._.js:1945
[    2047ms] [ERROR] ./Dropbox (Maestral)/smarthumans.ai/src/app/claims/[slug]/page.tsx:560:32
Unexpected character '”'
  558 |
  559 |           {related.length > 0 && (
> 560 |             <section className=”mt-10”>
      |                                ^
  561 |               <h2 className=”border-b pb-2 text-xs font-semibold uppercase tracking-[0.12...
  562 |                 Related claims
  563 |               </h2>

Parsing ecmascript source code failed @ http://localhost:3000/_next/static/chunks/1l_l_next_dist_0sxpgfl._.js:1945
[    2096ms] [ERROR] ./Dropbox (Maestral)/smarthumans.ai/src/app/claims/[slug]/page.tsx:560:32
Unexpected character '”'
  558 |
  559 |           {related.length > 0 && (
> 560 |             <section className=”mt-10”>
      |                                ^
  561 |               <h2 className=”border-b pb-2 text-xs font-semibold uppercase tracking-[0.12...
  562 |                 Related claims
  563 |               </h2>

Parsing ecmascript source code failed @ http://localhost:3000/_next/static/chunks/1l_l_next_dist_0sxpgfl._.js:1945
[    2154ms] [ERROR] ./Dropbox (Maestral)/smarthumans.ai/src/app/claims/[slug]/page.tsx:560:32
Unexpected character '”'
  558 |
  559 |           {related.length > 0 && (
> 560 |             <section className=”mt-10”>
      |                                ^
  561 |               <h2 className=”border-b pb-2 text-xs font-semibold uppercase tracking-[0.12...
  562 |                 Related claims
  563 |               </h2>

Parsing ecmascript source code failed @ http://localhost:3000/_next/static/chunks/1l_l_next_dist_0sxpgfl._.js:1945
[    2211ms] [ERROR] ./Dropbox (Maestral)/smarthumans.ai/src/app/claims/[slug]/page.tsx:560:32
Unexpected character '”'
  558 |
  559 |           {related.length > 0 && (
> 560 |             <section className=”mt-10”>
      |                                ^
  561 |               <h2 className=”border-b pb-2 text-xs font-semibold uppercase tracking-[0.12...
  562 |                 Related claims
  563 |               </h2>

Parsing ecmascript source code failed @ http://localhost:3000/_next/static/chunks/1l_l_next_dist_0sxpgfl._.js:1945
[    2268ms] [ERROR] ./Dropbox (Maestral)/smarthumans.ai/src/app/claims/[slug]/page.tsx:560:32
Unexpected character '”'
  558 |
  559 |           {related.length > 0 && (
> 560 |             <section className=”mt-10”>
      |                                ^
  561 |               <h2 className=”border-b pb-2 text-xs font-semibold uppercase tracking-[0.12...
  562 |                 Related claims
  563 |               </h2>

Parsing ecmascript source code failed @ http://localhost:3000/_next/static/chunks/1l_l_next_dist_0sxpgfl._.js:1945
[    2323ms] [ERROR] ./Dropbox (Maestral)/smarthumans.ai/src/app/claims/[slug]/page.tsx:560:32
Unexpected character '”'
  558 |
  559 |           {related.length > 0 && (
> 560 |             <section className=”mt-10”>
      |                                ^
  561 |               <h2 className=”border-b pb-2 text-xs font-semibold uppercase tracking-[0.12...
  562 |                 Related claims
  563 |               </h2>

Parsing ecmascript source code failed @ http://localhost:3000/_next/static/chunks/1l_l_next_dist_0sxpgfl._.js:1945
[    2381ms] [ERROR] ./Dropbox (Maestral)/smarthumans.ai/src/app/claims/[slug]/page.tsx:560:32
Unexpected character '”'
  558 |
  559 |           {related.length > 0 && (
> 560 |             <section className=”mt-10”>
      |                                ^
  561 |               <h2 className=”border-b pb-2 text-xs font-semibold uppercase tracking-[0.12...
  562 |                 Related claims
  563 |               </h2>

Parsing ecmascript source code failed @ http://localhost:3000/_next/static/chunks/1l_l_next_dist_0sxpgfl._.js:1945
[    2439ms] [ERROR] ./Dropbox (Maestral)/smarthumans.ai/src/app/claims/[slug]/page.tsx:560:32
Unexpected character '”'
  558 |
  559 |           {related.length > 0 && (
> 560 |             <section className=”mt-10”>
      |                                ^
  561 |               <h2 className=”border-b pb-2 text-xs font-semibold uppercase tracking-[0.12...
  562 |                 Related claims
  563 |               </h2>

Parsing ecmascript source code failed @ http://localhost:3000/_next/static/chunks/1l_l_next_dist_0sxpgfl._.js:1945
[    2497ms] [ERROR] ./Dropbox (Maestral)/smarthumans.ai/src/app/claims/[slug]/page.tsx:560:32
Unexpected character '”'
  558 |
  559 |           {related.length > 0 && (
> 560 |             <section className=”mt-10”>
      |                                ^
  561 |               <h2 className=”border-b pb-2 text-xs font-semibold uppercase tracking-[0.12...
  562 |                 Related claims
  563 |               </h2>

Parsing ecmascript source code failed @ http://localhost:3000/_next/static/chunks/1l_l_next_dist_0sxpgfl._.js:1945
[    2548ms] [ERROR] ./Dropbox (Maestral)/smarthumans.ai/src/app/claims/[slug]/page.tsx:560:32
Unexpected character '”'
  558 |
  559 |           {related.length > 0 && (
> 560 |             <section className=”mt-10”>
      |                                ^
  561 |               <h2 className=”border-b pb-2 text-xs font-semibold uppercase tracking-[0.12...
  562 |                 Related claims
  563 |               </h2>

Parsing ecmascript source code failed @ http://localhost:3000/_next/static/chunks/1l_l_next_dist_0sxpgfl._.js:1945
[    2595ms] [ERROR] ./Dropbox (Maestral)/smarthumans.ai/src/app/claims/[slug]/page.tsx:560:32
Unexpected character '”'
  558 |
  559 |           {related.length > 0 && (
> 560 |             <section className=”mt-10”>
      |                                ^
  561 |               <h2 className=”border-b pb-2 text-xs font-semibold uppercase tracking-[0.12...
  562 |                 Related claims
  563 |               </h2>

Parsing ecmascript source code failed @ http://localhost:3000/_next/static/chunks/1l_l_next_dist_0sxpgfl._.js:1945
[    2658ms] [ERROR] ./Dropbox (Maestral)/smarthumans.ai/src/app/claims/[slug]/page.tsx:560:32
Unexpected character '”'
  558 |
  559 |           {related.length > 0 && (
> 560 |             <section className=”mt-10”>
      |                                ^
  561 |               <h2 className=”border-b pb-2 text-xs font-semibold uppercase tracking-[0.12...
  562 |                 Related claims
  563 |               </h2>

Parsing ecmascript source code failed @ http://localhost:3000/_next/static/chunks/1l_l_next_dist_0sxpgfl._.js:1945
[    2718ms] [ERROR] ./Dropbox (Maestral)/smarthumans.ai/src/app/claims/[slug]/page.tsx:560:32
Unexpected character '”'
  558 |
  559 |           {related.length > 0 && (
> 560 |             <section className=”mt-10”>
      |                                ^
  561 |               <h2 className=”border-b pb-2 text-xs font-semibold uppercase tracking-[0.12...
  562 |                 Related claims
  563 |               </h2>

Parsing ecmascript source code failed @ http://localhost:3000/_next/static/chunks/1l_l_next_dist_0sxpgfl._.js:1945
[    2777ms] [ERROR] ./Dropbox (Maestral)/smarthumans.ai/src/app/claims/[slug]/page.tsx:560:32
Unexpected character '”'
  558 |
  559 |           {related.length > 0 && (
> 560 |             <section className=”mt-10”>
      |                                ^
  561 |               <h2 className=”border-b pb-2 text-xs font-semibold uppercase tracking-[0.12...
  562 |                 Related claims
  563 |               </h2>

Parsing ecmascript source code failed @ http://localhost:3000/_next/static/chunks/1l_l_next_dist_0sxpgfl._.js:1945
[    2834ms] [ERROR] ./Dropbox (Maestral)/smarthumans.ai/src/app/claims/[slug]/page.tsx:560:32
Unexpected character '”'
  558 |
  559 |           {related.length > 0 && (
> 560 |             <section className=”mt-10”>
      |                                ^
  561 |               <h2 className=”border-b pb-2 text-xs font-semibold uppercase tracking-[0.12...
  562 |                 Related claims
  563 |               </h2>

Parsing ecmascript source code failed @ http://localhost:3000/_next/static/chunks/1l_l_next_dist_0sxpgfl._.js:1945
[    2891ms] [ERROR] ./Dropbox (Maestral)/smarthumans.ai/src/app/claims/[slug]/page.tsx:560:32
Unexpected character '”'
  558 |
  559 |           {related.length > 0 && (
> 560 |             <section className=”mt-10”>
      |                                ^
  561 |               <h2 className=”border-b pb-2 text-xs font-semibold uppercase tracking-[0.12...
  562 |                 Related claims
  563 |               </h2>

Parsing ecmascript source code failed @ http://localhost:3000/_next/static/chunks/1l_l_next_dist_0sxpgfl._.js:1945
[    2939ms] [ERROR] ./Dropbox (Maestral)/smarthumans.ai/src/app/claims/[slug]/page.tsx:560:32
Unexpected character '”'
  558 |
  559 |           {related.length > 0 && (
> 560 |             <section className=”mt-10”>
      |                                ^
  561 |               <h2 className=”border-b pb-2 text-xs font-semibold uppercase tracking-[0.12...
  562 |                 Related claims
  563 |               </h2>

Parsing ecmascript source code failed @ http://localhost:3000/_next/static/chunks/1l_l_next_dist_0sxpgfl._.js:1945
[    2996ms] [ERROR] ./Dropbox (Maestral)/smarthumans.ai/src/app/claims/[slug]/page.tsx:560:32
Unexpected character '”'
  558 |
  559 |           {related.length > 0 && (
> 560 |             <section className=”mt-10”>
      |                                ^
  561 |               <h2 className=”border-b pb-2 text-xs font-semibold uppercase tracking-[0.12...
  562 |                 Related claims
  563 |               </h2>

Parsing ecmascript source code failed @ http://localhost:3000/_next/static/chunks/1l_l_next_dist_0sxpgfl._.js:1945
[    3056ms] [ERROR] ./Dropbox (Maestral)/smarthumans.ai/src/app/claims/[slug]/page.tsx:560:32
Unexpected character '”'
  558 |
  559 |           {related.length > 0 && (
> 560 |             <section className=”mt-10”>
      |                                ^
  561 |               <h2 className=”border-b pb-2 text-xs font-semibold uppercase tracking-[0.12...
  562 |                 Related claims
  563 |               </h2>

Parsing ecmascript source code failed @ http://localhost:3000/_next/static/chunks/1l_l_next_dist_0sxpgfl._.js:1945
[    3115ms] [ERROR] ./Dropbox (Maestral)/smarthumans.ai/src/app/claims/[slug]/page.tsx:560:32
Unexpected character '”'
  558 |
  559 |           {related.length > 0 && (
> 560 |             <section className=”mt-10”>
      |                                ^
  561 |               <h2 className=”border-b pb-2 text-xs font-semibold uppercase tracking-[0.12...
  562 |                 Related claims
  563 |               </h2>

Parsing ecmascript source code failed @ http://localhost:3000/_next/static/chunks/1l_l_next_dist_0sxpgfl._.js:1945
[    3173ms] [ERROR] ./Dropbox (Maestral)/smarthumans.ai/src/app/claims/[slug]/page.tsx:560:32
Unexpected character '”'
  558 |
  559 |           {related.length > 0 && (
> 560 |             <section className=”mt-10”>
      |                                ^
  561 |               <h2 className=”border-b pb-2 text-xs font-semibold uppercase tracking-[0.12...
  562 |                 Related claims
  563 |               </h2>

Parsing ecmascript source code failed @ http://localhost:3000/_next/static/chunks/1l_l_next_dist_0sxpgfl._.js:1945
[    3230ms] [ERROR] ./Dropbox (Maestral)/smarthumans.ai/src/app/claims/[slug]/page.tsx:560:32
Unexpected character '”'
  558 |
  559 |           {related.length > 0 && (
> 560 |             <section className=”mt-10”>
      |                                ^
  561 |               <h2 className=”border-b pb-2 text-xs font-semibold uppercase tracking-[0.12...
  562 |                 Related claims
  563 |               </h2>

Parsing ecmascript source code failed @ http://localhost:3000/_next/static/chunks/1l_l_next_dist_0sxpgfl._.js:1945
[    3287ms] [ERROR] ./Dropbox (Maestral)/smarthumans.ai/src/app/claims/[slug]/page.tsx:560:32
Unexpected character '”'
  558 |
  559 |           {related.length > 0 && (
> 560 |             <section className=”mt-10”>
      |                                ^
  561 |               <h2 className=”border-b pb-2 text-xs font-semibold uppercase tracking-[0.12...
  562 |                 Related claims
  563 |               </h2>

Parsing ecmascript source code failed @ http://localhost:3000/_next/static/chunks/1l_l_next_dist_0sxpgfl._.js:1945
[    3344ms] [ERROR] ./Dropbox (Maestral)/smarthumans.ai/src/app/claims/[slug]/page.tsx:560:32
Unexpected character '”'
  558 |
  559 |           {related.length > 0 && (
> 560 |             <section className=”mt-10”>
      |                                ^
  561 |               <h2 className=”border-b pb-2 text-xs font-semibold uppercase tracking-[0.12...
  562 |                 Related claims
  563 |               </h2>

Parsing ecmascript source code failed @ http://localhost:3000/_next/static/chunks/1l_l_next_dist_0sxpgfl._.js:1945
[    3401ms] [ERROR] ./Dropbox (Maestral)/smarthumans.ai/src/app/claims/[slug]/page.tsx:560:32
Unexpected character '”'
  558 |
  559 |           {related.length > 0 && (
> 560 |             <section className=”mt-10”>
      |                                ^
  561 |               <h2 className=”border-b pb-2 text-xs font-semibold uppercase tracking-[0.12...
  562 |                 Related claims
  563 |               </h2>

Parsing ecmascript source code failed @ http://localhost:3000/_next/static/chunks/1l_l_next_dist_0sxpgfl._.js:1945
[    3457ms] [ERROR] ./Dropbox (Maestral)/smarthumans.ai/src/app/claims/[slug]/page.tsx:560:32
Unexpected character '”'
  558 |
  559 |           {related.length > 0 && (
> 560 |             <section className=”mt-10”>
      |                                ^
  561 |               <h2 className=”border-b pb-2 text-xs font-semibold uppercase tracking-[0.12...
  562 |                 Related claims
  563 |               </h2>

Parsing ecmascript source code failed @ http://localhost:3000/_next/static/chunks/1l_l_next_dist_0sxpgfl._.js:1945
[    3513ms] [ERROR] ./Dropbox (Maestral)/smarthumans.ai/src/app/claims/[slug]/page.tsx:560:32
Unexpected character '”'
  558 |
  559 |           {related.length > 0 && (
> 560 |             <section className=”mt-10”>
      |                                ^
  561 |               <h2 className=”border-b pb-2 text-xs font-semibold uppercase tracking-[0.12...
  562 |                 Related claims
  563 |               </h2>

Parsing ecmascript source code failed @ http://localhost:3000/_next/static/chunks/1l_l_next_dist_0sxpgfl._.js:1945
[    3571ms] [ERROR] ./Dropbox (Maestral)/smarthumans.ai/src/app/claims/[slug]/page.tsx:560:32
Unexpected character '”'
  558 |
  559 |           {related.length > 0 && (
> 560 |             <section className=”mt-10”>
      |                                ^
  561 |               <h2 className=”border-b pb-2 text-xs font-semibold uppercase tracking-[0.12...
  562 |                 Related claims
  563 |               </h2>

Parsing ecmascript source code failed @ http://localhost:3000/_next/static/chunks/1l_l_next_dist_0sxpgfl._.js:1945
[    3628ms] [ERROR] ./Dropbox (Maestral)/smarthumans.ai/src/app/claims/[slug]/page.tsx:560:32
Unexpected character '”'
  558 |
  559 |           {related.length > 0 && (
> 560 |             <section className=”mt-10”>
      |                                ^
  561 |               <h2 className=”border-b pb-2 text-xs font-semibold uppercase tracking-[0.12...
  562 |                 Related claims
  563 |               </h2>

Parsing ecmascript source code failed @ http://localhost:3000/_next/static/chunks/1l_l_next_dist_0sxpgfl._.js:1945
[    3695ms] [ERROR] ./Dropbox (Maestral)/smarthumans.ai/src/app/claims/[slug]/page.tsx:560:32
Unexpected character '”'
  558 |
  559 |           {related.length > 0 && (
> 560 |             <section className=”mt-10”>
      |                                ^
  561 |               <h2 className=”border-b pb-2 text-xs font-semibold uppercase tracking-[0.12...
  562 |                 Related claims
  563 |               </h2>

Parsing ecmascript source code failed @ http://localhost:3000/_next/static/chunks/1l_l_next_dist_0sxpgfl._.js:1945
[    3756ms] [ERROR] ./Dropbox (Maestral)/smarthumans.ai/src/app/claims/[slug]/page.tsx:560:32
Unexpected character '”'
  558 |
  559 |           {related.length > 0 && (
> 560 |             <section className=”mt-10”>
      |                                ^
  561 |               <h2 className=”border-b pb-2 text-xs font-semibold uppercase tracking-[0.12...
  562 |                 Related claims
  563 |               </h2>

Parsing ecmascript source code failed @ http://localhost:3000/_next/static/chunks/1l_l_next_dist_0sxpgfl._.js:1945
[    3814ms] [ERROR] ./Dropbox (Maestral)/smarthumans.ai/src/app/claims/[slug]/page.tsx:560:32
Unexpected character '”'
  558 |
  559 |           {related.length > 0 && (
> 560 |             <section className=”mt-10”>
      |                                ^
  561 |               <h2 className=”border-b pb-2 text-xs font-semibold uppercase tracking-[0.12...
  562 |                 Related claims
  563 |               </h2>

Parsing ecmascript source code failed @ http://localhost:3000/_next/static/chunks/1l_l_next_dist_0sxpgfl._.js:1945
[    3873ms] [ERROR] ./Dropbox (Maestral)/smarthumans.ai/src/app/claims/[slug]/page.tsx:560:32
Unexpected character '”'
  558 |
  559 |           {related.length > 0 && (
> 560 |             <section className=”mt-10”>
      |                                ^
  561 |               <h2 className=”border-b pb-2 text-xs font-semibold uppercase tracking-[0.12...
  562 |                 Related claims
  563 |               </h2>

Parsing ecmascript source code failed @ http://localhost:3000/_next/static/chunks/1l_l_next_dist_0sxpgfl._.js:1945
[    3939ms] [ERROR] ./Dropbox (Maestral)/smarthumans.ai/src/app/claims/[slug]/page.tsx:560:32
Unexpected character '”'
  558 |
  559 |           {related.length > 0 && (
> 560 |             <section className=”mt-10”>
      |                                ^
  561 |               <h2 className=”border-b pb-2 text-xs font-semibold uppercase tracking-[0.12...
  562 |                 Related claims
  563 |               </h2>

Parsing ecmascript source code failed @ http://localhost:3000/_next/static/chunks/1l_l_next_dist_0sxpgfl._.js:1945
[    3991ms] [ERROR] ./Dropbox (Maestral)/smarthumans.ai/src/app/claims/[slug]/page.tsx:560:32
Unexpected character '”'
  558 |
  559 |           {related.length > 0 && (
> 560 |             <section className=”mt-10”>
      |                                ^
  561 |               <h2 className=”border-b pb-2 text-xs font-semibold uppercase tracking-[0.12...
  562 |                 Related claims
  563 |               </h2>

Parsing ecmascript source code failed @ http://localhost:3000/_next/static/chunks/1l_l_next_dist_0sxpgfl._.js:1945
[    4049ms] [ERROR] ./Dropbox (Maestral)/smarthumans.ai/src/app/claims/[slug]/page.tsx:560:32
Unexpected character '”'
  558 |
  559 |           {related.length > 0 && (
> 560 |             <section className=”mt-10”>
      |                                ^
  561 |               <h2 className=”border-b pb-2 text-xs font-semibold uppercase tracking-[0.12...
  562 |                 Related claims
  563 |               </h2>

Parsing ecmascript source code failed @ http://localhost:3000/_next/static/chunks/1l_l_next_dist_0sxpgfl._.js:1945
[    4106ms] [ERROR] ./Dropbox (Maestral)/smarthumans.ai/src/app/claims/[slug]/page.tsx:560:32
Unexpected character '”'
  558 |
  559 |           {related.length > 0 && (
> 560 |             <section className=”mt-10”>
      |                                ^
  561 |               <h2 className=”border-b pb-2 text-xs font-semibold uppercase tracking-[0.12...
  562 |                 Related claims
  563 |               </h2>

Parsing ecmascript source code failed @ http://localhost:3000/_next/static/chunks/1l_l_next_dist_0sxpgfl._.js:1945
[    4167ms] [ERROR] ./Dropbox (Maestral)/smarthumans.ai/src/app/claims/[slug]/page.tsx:560:32
Unexpected character '”'
  558 |
  559 |           {related.length > 0 && (
> 560 |             <section className=”mt-10”>
      |                                ^
  561 |               <h2 className=”border-b pb-2 text-xs font-semibold uppercase tracking-[0.12...
  562 |                 Related claims
  563 |               </h2>

Parsing ecmascript source code failed @ http://localhost:3000/_next/static/chunks/1l_l_next_dist_0sxpgfl._.js:1945
[    4225ms] [ERROR] ./Dropbox (Maestral)/smarthumans.ai/src/app/claims/[slug]/page.tsx:560:32
Unexpected character '”'
  558 |
  559 |           {related.length > 0 && (
> 560 |             <section className=”mt-10”>
      |                                ^
  561 |               <h2 className=”border-b pb-2 text-xs font-semibold uppercase tracking-[0.12...
  562 |                 Related claims
  563 |               </h2>

Parsing ecmascript source code failed @ http://localhost:3000/_next/static/chunks/1l_l_next_dist_0sxpgfl._.js:1945
[    4279ms] [ERROR] ./Dropbox (Maestral)/smarthumans.ai/src/app/claims/[slug]/page.tsx:560:32
Unexpected character '”'
  558 |
  559 |           {related.length > 0 && (
> 560 |             <section className=”mt-10”>
      |                                ^
  561 |               <h2 className=”border-b pb-2 text-xs font-semibold uppercase tracking-[0.12...
  562 |                 Related claims
  563 |               </h2>

Parsing ecmascript source code failed @ http://localhost:3000/_next/static/chunks/1l_l_next_dist_0sxpgfl._.js:1945
[    4335ms] [ERROR] ./Dropbox (Maestral)/smarthumans.ai/src/app/claims/[slug]/page.tsx:560:32
Unexpected character '”'
  558 |
  559 |           {related.length > 0 && (
> 560 |             <section className=”mt-10”>
      |                                ^
  561 |               <h2 className=”border-b pb-2 text-xs font-semibold uppercase tracking-[0.12...
  562 |                 Related claims
  563 |               </h2>

Parsing ecmascript source code failed @ http://localhost:3000/_next/static/chunks/1l_l_next_dist_0sxpgfl._.js:1945
[    4391ms] [ERROR] ./Dropbox (Maestral)/smarthumans.ai/src/app/claims/[slug]/page.tsx:560:32
Unexpected character '”'
  558 |
  559 |           {related.length > 0 && (
> 560 |             <section className=”mt-10”>
      |                                ^
  561 |               <h2 className=”border-b pb-2 text-xs font-semibold uppercase tracking-[0.12...
  562 |                 Related claims
  563 |               </h2>

Parsing ecmascript source code failed @ http://localhost:3000/_next/static/chunks/1l_l_next_dist_0sxpgfl._.js:1945
[    4448ms] [ERROR] ./Dropbox (Maestral)/smarthumans.ai/src/app/claims/[slug]/page.tsx:560:32
Unexpected character '”'
  558 |
  559 |           {related.length > 0 && (
> 560 |             <section className=”mt-10”>
      |                                ^
  561 |               <h2 className=”border-b pb-2 text-xs font-semibold uppercase tracking-[0.12...
  562 |                 Related claims
  563 |               </h2>

Parsing ecmascript source code failed @ http://localhost:3000/_next/static/chunks/1l_l_next_dist_0sxpgfl._.js:1945
[    4504ms] [ERROR] ./Dropbox (Maestral)/smarthumans.ai/src/app/claims/[slug]/page.tsx:560:32
Unexpected character '”'
  558 |
  559 |           {related.length > 0 && (
> 560 |             <section className=”mt-10”>
      |                                ^
  561 |               <h2 className=”border-b pb-2 text-xs font-semibold uppercase tracking-[0.12...
  562 |                 Related claims
  563 |               </h2>

Parsing ecmascript source code failed @ http://localhost:3000/_next/static/chunks/1l_l_next_dist_0sxpgfl._.js:1945
[    4561ms] [ERROR] ./Dropbox (Maestral)/smarthumans.ai/src/app/claims/[slug]/page.tsx:560:32
Unexpected character '”'
  558 |
  559 |           {related.length > 0 && (
> 560 |             <section className=”mt-10”>
      |                                ^
  561 |               <h2 className=”border-b pb-2 text-xs font-semibold uppercase tracking-[0.12...
  562 |                 Related claims
  563 |               </h2>

Parsing ecmascript source code failed @ http://localhost:3000/_next/static/chunks/1l_l_next_dist_0sxpgfl._.js:1945
[    4617ms] [ERROR] ./Dropbox (Maestral)/smarthumans.ai/src/app/claims/[slug]/page.tsx:560:32
Unexpected character '”'
  558 |
  559 |           {related.length > 0 && (
> 560 |             <section className=”mt-10”>
      |                                ^
  561 |               <h2 className=”border-b pb-2 text-xs font-semibold uppercase tracking-[0.12...
  562 |                 Related claims
  563 |               </h2>

Parsing ecmascript source code failed @ http://localhost:3000/_next/static/chunks/1l_l_next_dist_0sxpgfl._.js:1945
[    4671ms] [ERROR] ./Dropbox (Maestral)/smarthumans.ai/src/app/claims/[slug]/page.tsx:560:32
Unexpected character '”'
  558 |
  559 |           {related.length > 0 && (
> 560 |             <section className=”mt-10”>
      |                                ^
  561 |               <h2 className=”border-b pb-2 text-xs font-semibold uppercase tracking-[0.12...
  562 |                 Related claims
  563 |               </h2>

Parsing ecmascript source code failed @ http://localhost:3000/_next/static/chunks/1l_l_next_dist_0sxpgfl._.js:1945
[    4732ms] [ERROR] ./Dropbox (Maestral)/smarthumans.ai/src/app/claims/[slug]/page.tsx:560:32
Unexpected character '”'
  558 |
  559 |           {related.length > 0 && (
> 560 |             <section className=”mt-10”>
      |                                ^
  561 |               <h2 className=”border-b pb-2 text-xs font-semibold uppercase tracking-[0.12...
  562 |                 Related claims
  563 |               </h2>

Parsing ecmascript source code failed @ http://localhost:3000/_next/static/chunks/1l_l_next_dist_0sxpgfl._.js:1945
[    4791ms] [ERROR] ./Dropbox (Maestral)/smarthumans.ai/src/app/claims/[slug]/page.tsx:560:32
Unexpected character '”'
  558 |
  559 |           {related.length > 0 && (
> 560 |             <section className=”mt-10”>
      |                                ^
  561 |               <h2 className=”border-b pb-2 text-xs font-semibold uppercase tracking-[0.12...
  562 |                 Related claims
  563 |               </h2>

Parsing ecmascript source code failed @ http://localhost:3000/_next/static/chunks/1l_l_next_dist_0sxpgfl._.js:1945
[    4848ms] [ERROR] ./Dropbox (Maestral)/smarthumans.ai/src/app/claims/[slug]/page.tsx:560:32
Unexpected character '”'
  558 |
  559 |           {related.length > 0 && (
> 560 |             <section className=”mt-10”>
      |                                ^
  561 |               <h2 className=”border-b pb-2 text-xs font-semibold uppercase tracking-[0.12...
  562 |                 Related claims
  563 |               </h2>

Parsing ecmascript source code failed @ http://localhost:3000/_next/static/chunks/1l_l_next_dist_0sxpgfl._.js:1945
[    4905ms] [ERROR] ./Dropbox (Maestral)/smarthumans.ai/src/app/claims/[slug]/page.tsx:560:32
Unexpected character '”'
  558 |
  559 |           {related.length > 0 && (
> 560 |             <section className=”mt-10”>
      |                                ^
  561 |               <h2 className=”border-b pb-2 text-xs font-semibold uppercase tracking-[0.12...
  562 |                 Related claims
  563 |               </h2>

Parsing ecmascript source code failed @ http://localhost:3000/_next/static/chunks/1l_l_next_dist_0sxpgfl._.js:1945
[    4961ms] [ERROR] ./Dropbox (Maestral)/smarthumans.ai/src/app/claims/[slug]/page.tsx:560:32
Unexpected character '”'
  558 |
  559 |           {related.length > 0 && (
> 560 |             <section className=”mt-10”>
      |                                ^
  561 |               <h2 className=”border-b pb-2 text-xs font-semibold uppercase tracking-[0.12...
  562 |                 Related claims
  563 |               </h2>

Parsing ecmascript source code failed @ http://localhost:3000/_next/static/chunks/1l_l_next_dist_0sxpgfl._.js:1945
[    5020ms] [ERROR] ./Dropbox (Maestral)/smarthumans.ai/src/app/claims/[slug]/page.tsx:560:32
Unexpected character '”'
  558 |
  559 |           {related.length > 0 && (
> 560 |             <section className=”mt-10”>
      |                                ^
  561 |               <h2 className=”border-b pb-2 text-xs font-semibold uppercase tracking-[0.12...
  562 |                 Related claims
  563 |               </h2>

Parsing ecmascript source code failed @ http://localhost:3000/_next/static/chunks/1l_l_next_dist_0sxpgfl._.js:1945
[    5074ms] [ERROR] ./Dropbox (Maestral)/smarthumans.ai/src/app/claims/[slug]/page.tsx:560:32
Unexpected character '”'
  558 |
  559 |           {related.length > 0 && (
> 560 |             <section className=”mt-10”>
      |                                ^
  561 |               <h2 className=”border-b pb-2 text-xs font-semibold uppercase tracking-[0.12...
  562 |                 Related claims
  563 |               </h2>

Parsing ecmascript source code failed @ http://localhost:3000/_next/static/chunks/1l_l_next_dist_0sxpgfl._.js:1945
[    5131ms] [ERROR] ./Dropbox (Maestral)/smarthumans.ai/src/app/claims/[slug]/page.tsx:560:32
Unexpected character '”'
  558 |
  559 |           {related.length > 0 && (
> 560 |             <section className=”mt-10”>
      |                                ^
  561 |               <h2 className=”border-b pb-2 text-xs font-semibold uppercase tracking-[0.12...
  562 |                 Related claims
  563 |               </h2>

Parsing ecmascript source code failed @ http://localhost:3000/_next/static/chunks/1l_l_next_dist_0sxpgfl._.js:1945
[    5187ms] [ERROR] ./Dropbox (Maestral)/smarthumans.ai/src/app/claims/[slug]/page.tsx:560:32
Unexpected character '”'
  558 |
  559 |           {related.length > 0 && (
> 560 |             <section className=”mt-10”>
      |                                ^
  561 |               <h2 className=”border-b pb-2 text-xs font-semibold uppercase tracking-[0.12...
  562 |                 Related claims
  563 |               </h2>

Parsing ecmascript source code failed @ http://localhost:3000/_next/static/chunks/1l_l_next_dist_0sxpgfl._.js:1945
[    5244ms] [ERROR] ./Dropbox (Maestral)/smarthumans.ai/src/app/claims/[slug]/page.tsx:560:32
Unexpected character '”'
  558 |
  559 |           {related.length > 0 && (
> 560 |             <section className=”mt-10”>
      |                                ^
  561 |               <h2 className=”border-b pb-2 text-xs font-semibold uppercase tracking-[0.12...
  562 |                 Related claims
  563 |               </h2>

Parsing ecmascript source code failed @ http://localhost:3000/_next/static/chunks/1l_l_next_dist_0sxpgfl._.js:1945
[    5300ms] [ERROR] ./Dropbox (Maestral)/smarthumans.ai/src/app/claims/[slug]/page.tsx:560:32
Unexpected character '”'
  558 |
  559 |           {related.length > 0 && (
> 560 |             <section className=”mt-10”>
      |                                ^
  561 |               <h2 className=”border-b pb-2 text-xs font-semibold uppercase tracking-[0.12...
  562 |                 Related claims
  563 |               </h2>

Parsing ecmascript source code failed @ http://localhost:3000/_next/static/chunks/1l_l_next_dist_0sxpgfl._.js:1945
[    5361ms] [ERROR] ./Dropbox (Maestral)/smarthumans.ai/src/app/claims/[slug]/page.tsx:560:32
Unexpected character '”'
  558 |
  559 |           {related.length > 0 && (
> 560 |             <section className=”mt-10”>
      |                                ^
  561 |               <h2 className=”border-b pb-2 text-xs font-semibold uppercase tracking-[0.12...
  562 |                 Related claims
  563 |               </h2>

Parsing ecmascript source code failed @ http://localhost:3000/_next/static/chunks/1l_l_next_dist_0sxpgfl._.js:1945
[    5428ms] [ERROR] ./Dropbox (Maestral)/smarthumans.ai/src/app/claims/[slug]/page.tsx:560:32
Unexpected character '”'
  558 |
  559 |           {related.length > 0 && (
> 560 |             <section className=”mt-10”>
      |                                ^
  561 |               <h2 className=”border-b pb-2 text-xs font-semibold uppercase tracking-[0.12...
  562 |                 Related claims
  563 |               </h2>

Parsing ecmascript source code failed @ http://localhost:3000/_next/static/chunks/1l_l_next_dist_0sxpgfl._.js:1945
[    5502ms] [ERROR] ./Dropbox (Maestral)/smarthumans.ai/src/app/claims/[slug]/page.tsx:560:32
Unexpected character '”'
  558 |
  559 |           {related.length > 0 && (
> 560 |             <section className=”mt-10”>
      |                                ^
  561 |               <h2 className=”border-b pb-2 text-xs font-semibold uppercase tracking-[0.12...
  562 |                 Related claims
  563 |               </h2>

Parsing ecmascript source code failed @ http://localhost:3000/_next/static/chunks/1l_l_next_dist_0sxpgfl._.js:1945
[    5566ms] [ERROR] ./Dropbox (Maestral)/smarthumans.ai/src/app/claims/[slug]/page.tsx:560:32
Unexpected character '”'
  558 |
  559 |           {related.length > 0 && (
> 560 |             <section className=”mt-10”>
      |                                ^
  561 |               <h2 className=”border-b pb-2 text-xs font-semibold uppercase tracking-[0.12...
  562 |                 Related claims
  563 |               </h2>

Parsing ecmascript source code failed @ http://localhost:3000/_next/static/chunks/1l_l_next_dist_0sxpgfl._.js:1945
[    5630ms] [ERROR] ./Dropbox (Maestral)/smarthumans.ai/src/app/claims/[slug]/page.tsx:560:32
Unexpected character '”'
  558 |
  559 |           {related.length > 0 && (
> 560 |             <section className=”mt-10”>
      |                                ^
  561 |               <h2 className=”border-b pb-2 text-xs font-semibold uppercase tracking-[0.12...
  562 |                 Related claims
  563 |               </h2>

Parsing ecmascript source code failed @ http://localhost:3000/_next/static/chunks/1l_l_next_dist_0sxpgfl._.js:1945
[    5692ms] [ERROR] ./Dropbox (Maestral)/smarthumans.ai/src/app/claims/[slug]/page.tsx:560:32
Unexpected character '”'
  558 |
  559 |           {related.length > 0 && (
> 560 |             <section className=”mt-10”>
      |                                ^
  561 |               <h2 className=”border-b pb-2 text-xs font-semibold uppercase tracking-[0.12...
  562 |                 Related claims
  563 |               </h2>

Parsing ecmascript source code failed @ http://localhost:3000/_next/static/chunks/1l_l_next_dist_0sxpgfl._.js:1945
[    5743ms] [ERROR] ./Dropbox (Maestral)/smarthumans.ai/src/app/claims/[slug]/page.tsx:560:32
Unexpected character '”'
  558 |
  559 |           {related.length > 0 && (
> 560 |             <section className=”mt-10”>
      |                                ^
  561 |               <h2 className=”border-b pb-2 text-xs font-semibold uppercase tracking-[0.12...
  562 |                 Related claims
  563 |               </h2>

Parsing ecmascript source code failed @ http://localhost:3000/_next/static/chunks/1l_l_next_dist_0sxpgfl._.js:1945
[    5808ms] [ERROR] ./Dropbox (Maestral)/smarthumans.ai/src/app/claims/[slug]/page.tsx:560:32
Unexpected character '”'
  558 |
  559 |           {related.length > 0 && (
> 560 |             <section className=”mt-10”>
      |                                ^
  561 |               <h2 className=”border-b pb-2 text-xs font-semibold uppercase tracking-[0.12...
  562 |                 Related claims
  563 |               </h2>

Parsing ecmascript source code failed @ http://localhost:3000/_next/static/chunks/1l_l_next_dist_0sxpgfl._.js:1945
[    5864ms] [ERROR] ./Dropbox (Maestral)/smarthumans.ai/src/app/claims/[slug]/page.tsx:560:32
Unexpected character '”'
  558 |
  559 |           {related.length > 0 && (
> 560 |             <section className=”mt-10”>
      |                                ^
  561 |               <h2 className=”border-b pb-2 text-xs font-semibold uppercase tracking-[0.12...
  562 |                 Related claims
  563 |               </h2>

Parsing ecmascript source code failed @ http://localhost:3000/_next/static/chunks/1l_l_next_dist_0sxpgfl._.js:1945
[    5922ms] [ERROR] ./Dropbox (Maestral)/smarthumans.ai/src/app/claims/[slug]/page.tsx:560:32
Unexpected character '”'
  558 |
  559 |           {related.length > 0 && (
> 560 |             <section className=”mt-10”>
      |                                ^
  561 |               <h2 className=”border-b pb-2 text-xs font-semibold uppercase tracking-[0.12...
  562 |                 Related claims
  563 |               </h2>

Parsing ecmascript source code failed @ http://localhost:3000/_next/static/chunks/1l_l_next_dist_0sxpgfl._.js:1945
[    5979ms] [ERROR] ./Dropbox (Maestral)/smarthumans.ai/src/app/claims/[slug]/page.tsx:560:32
Unexpected character '”'
  558 |
  559 |           {related.length > 0 && (
> 560 |             <section className=”mt-10”>
      |                                ^
  561 |               <h2 className=”border-b pb-2 text-xs font-semibold uppercase tracking-[0.12...
  562 |                 Related claims
  563 |               </h2>

Parsing ecmascript source code failed @ http://localhost:3000/_next/static/chunks/1l_l_next_dist_0sxpgfl._.js:1945
[    6036ms] [ERROR] ./Dropbox (Maestral)/smarthumans.ai/src/app/claims/[slug]/page.tsx:560:32
Unexpected character '”'
  558 |
  559 |           {related.length > 0 && (
> 560 |             <section className=”mt-10”>
      |                                ^
  561 |               <h2 className=”border-b pb-2 text-xs font-semibold uppercase tracking-[0.12...
  562 |                 Related claims
  563 |               </h2>

Parsing ecmascript source code failed @ http://localhost:3000/_next/static/chunks/1l_l_next_dist_0sxpgfl._.js:1945
[    6102ms] [ERROR] ./Dropbox (Maestral)/smarthumans.ai/src/app/claims/[slug]/page.tsx:560:32
Unexpected character '”'
  558 |
  559 |           {related.length > 0 && (
> 560 |             <section className=”mt-10”>
      |                                ^
  561 |               <h2 className=”border-b pb-2 text-xs font-semibold uppercase tracking-[0.12...
  562 |                 Related claims
  563 |               </h2>

Parsing ecmascript source code failed @ http://localhost:3000/_next/static/chunks/1l_l_next_dist_0sxpgfl._.js:1945
[    6167ms] [ERROR] ./Dropbox (Maestral)/smarthumans.ai/src/app/claims/[slug]/page.tsx:560:32
Unexpected character '”'
  558 |
  559 |           {related.length > 0 && (
> 560 |             <section className=”mt-10”>
      |                                ^
  561 |               <h2 className=”border-b pb-2 text-xs font-semibold uppercase tracking-[0.12...
  562 |                 Related claims
  563 |               </h2>

Parsing ecmascript source code failed @ http://localhost:3000/_next/static/chunks/1l_l_next_dist_0sxpgfl._.js:1945
[    6224ms] [ERROR] ./Dropbox (Maestral)/smarthumans.ai/src/app/claims/[slug]/page.tsx:560:32
Unexpected character '”'
  558 |
  559 |           {related.length > 0 && (
> 560 |             <section className=”mt-10”>
      |                                ^
  561 |               <h2 className=”border-b pb-2 text-xs font-semibold uppercase tracking-[0.12...
  562 |                 Related claims
  563 |               </h2>

Parsing ecmascript source code failed @ http://localhost:3000/_next/static/chunks/1l_l_next_dist_0sxpgfl._.js:1945
[    6284ms] [ERROR] ./Dropbox (Maestral)/smarthumans.ai/src/app/claims/[slug]/page.tsx:560:32
Unexpected character '”'
  558 |
  559 |           {related.length > 0 && (
> 560 |             <section className=”mt-10”>
      |                                ^
  561 |               <h2 className=”border-b pb-2 text-xs font-semibold uppercase tracking-[0.12...
  562 |                 Related claims
  563 |               </h2>

Parsing ecmascript source code failed @ http://localhost:3000/_next/static/chunks/1l_l_next_dist_0sxpgfl._.js:1945
[    6342ms] [ERROR] ./Dropbox (Maestral)/smarthumans.ai/src/app/claims/[slug]/page.tsx:560:32
Unexpected character '”'
  558 |
  559 |           {related.length > 0 && (
> 560 |             <section className=”mt-10”>
      |                                ^
  561 |               <h2 className=”border-b pb-2 text-xs font-semibold uppercase tracking-[0.12...
  562 |                 Related claims
  563 |               </h2>

Parsing ecmascript source code failed @ http://localhost:3000/_next/static/chunks/1l_l_next_dist_0sxpgfl._.js:1945
[    6443ms] [ERROR] ./Dropbox (Maestral)/smarthumans.ai/src/app/claims/[slug]/page.tsx:560:32
Unexpected character '”'
  558 |
  559 |           {related.length > 0 && (
> 560 |             <section className=”mt-10”>
      |                                ^
  561 |               <h2 className=”border-b pb-2 text-xs font-semibold uppercase tracking-[0.12...
  562 |                 Related claims
  563 |               </h2>

Parsing ecmascript source code failed @ http://localhost:3000/_next/static/chunks/1l_l_next_dist_0sxpgfl._.js:1945
[    6500ms] [ERROR] ./Dropbox (Maestral)/smarthumans.ai/src/app/claims/[slug]/page.tsx:560:32
Unexpected character '”'
  558 |
  559 |           {related.length > 0 && (
> 560 |             <section className=”mt-10”>
      |                                ^
  561 |               <h2 className=”border-b pb-2 text-xs font-semibold uppercase tracking-[0.12...
  562 |                 Related claims
  563 |               </h2>

Parsing ecmascript source code failed @ http://localhost:3000/_next/static/chunks/1l_l_next_dist_0sxpgfl._.js:1945
[    6560ms] [ERROR] ./Dropbox (Maestral)/smarthumans.ai/src/app/claims/[slug]/page.tsx:560:32
Unexpected character '”'
  558 |
  559 |           {related.length > 0 && (
> 560 |             <section className=”mt-10”>
      |                                ^
  561 |               <h2 className=”border-b pb-2 text-xs font-semibold uppercase tracking-[0.12...
  562 |                 Related claims
  563 |               </h2>

Parsing ecmascript source code failed @ http://localhost:3000/_next/static/chunks/1l_l_next_dist_0sxpgfl._.js:1945
[    6624ms] [ERROR] ./Dropbox (Maestral)/smarthumans.ai/src/app/claims/[slug]/page.tsx:560:32
Unexpected character '”'
  558 |
  559 |           {related.length > 0 && (
> 560 |             <section className=”mt-10”>
      |                                ^
  561 |               <h2 className=”border-b pb-2 text-xs font-semibold uppercase tracking-[0.12...
  562 |                 Related claims
  563 |               </h2>

Parsing ecmascript source code failed @ http://localhost:3000/_next/static/chunks/1l_l_next_dist_0sxpgfl._.js:1945
[    6679ms] [ERROR] ./Dropbox (Maestral)/smarthumans.ai/src/app/claims/[slug]/page.tsx:560:32
Unexpected character '”'
  558 |
  559 |           {related.length > 0 && (
> 560 |             <section className=”mt-10”>
      |                                ^
  561 |               <h2 className=”border-b pb-2 text-xs font-semibold uppercase tracking-[0.12...
  562 |                 Related claims
  563 |               </h2>

Parsing ecmascript source code failed @ http://localhost:3000/_next/static/chunks/1l_l_next_dist_0sxpgfl._.js:1945
[    6730ms] [ERROR] ./Dropbox (Maestral)/smarthumans.ai/src/app/claims/[slug]/page.tsx:560:32
Unexpected character '”'
  558 |
  559 |           {related.length > 0 && (
> 560 |             <section className=”mt-10”>
      |                                ^
  561 |               <h2 className=”border-b pb-2 text-xs font-semibold uppercase tracking-[0.12...
  562 |                 Related claims
  563 |               </h2>

Parsing ecmascript source code failed @ http://localhost:3000/_next/static/chunks/1l_l_next_dist_0sxpgfl._.js:1945
[    6787ms] [ERROR] ./Dropbox (Maestral)/smarthumans.ai/src/app/claims/[slug]/page.tsx:560:32
Unexpected character '”'
  558 |
  559 |           {related.length > 0 && (
> 560 |             <section className=”mt-10”>
      |                                ^
  561 |               <h2 className=”border-b pb-2 text-xs font-semibold uppercase tracking-[0.12...
  562 |                 Related claims
  563 |               </h2>

Parsing ecmascript source code failed @ http://localhost:3000/_next/static/chunks/1l_l_next_dist_0sxpgfl._.js:1945
[    6843ms] [ERROR] ./Dropbox (Maestral)/smarthumans.ai/src/app/claims/[slug]/page.tsx:560:32
Unexpected character '”'
  558 |
  559 |           {related.length > 0 && (
> 560 |             <section className=”mt-10”>
      |                                ^
  561 |               <h2 className=”border-b pb-2 text-xs font-semibold uppercase tracking-[0.12...
  562 |                 Related claims
  563 |               </h2>

Parsing ecmascript source code failed @ http://localhost:3000/_next/static/chunks/1l_l_next_dist_0sxpgfl._.js:1945
[    6901ms] [ERROR] ./Dropbox (Maestral)/smarthumans.ai/src/app/claims/[slug]/page.tsx:560:32
Unexpected character '”'
  558 |
  559 |           {related.length > 0 && (
> 560 |             <section className=”mt-10”>
      |                                ^
  561 |               <h2 className=”border-b pb-2 text-xs font-semibold uppercase tracking-[0.12...
  562 |                 Related claims
  563 |               </h2>

Parsing ecmascript source code failed @ http://localhost:3000/_next/static/chunks/1l_l_next_dist_0sxpgfl._.js:1945
[    6959ms] [ERROR] ./Dropbox (Maestral)/smarthumans.ai/src/app/claims/[slug]/page.tsx:560:32
Unexpected character '”'
  558 |
  559 |           {related.length > 0 && (
> 560 |             <section className=”mt-10”>
      |                                ^
  561 |               <h2 className=”border-b pb-2 text-xs font-semibold uppercase tracking-[0.12...
  562 |                 Related claims
  563 |               </h2>

Parsing ecmascript source code failed @ http://localhost:3000/_next/static/chunks/1l_l_next_dist_0sxpgfl._.js:1945
[    7014ms] [ERROR] ./Dropbox (Maestral)/smarthumans.ai/src/app/claims/[slug]/page.tsx:560:32
Unexpected character '”'
  558 |
  559 |           {related.length > 0 && (
> 560 |             <section className=”mt-10”>
      |                                ^
  561 |               <h2 className=”border-b pb-2 text-xs font-semibold uppercase tracking-[0.12...
  562 |                 Related claims
  563 |               </h2>

Parsing ecmascript source code failed @ http://localhost:3000/_next/static/chunks/1l_l_next_dist_0sxpgfl._.js:1945
[    7059ms] [ERROR] ./Dropbox (Maestral)/smarthumans.ai/src/app/claims/[slug]/page.tsx:560:32
Unexpected character '”'
  558 |
  559 |           {related.length > 0 && (
> 560 |             <section className=”mt-10”>
      |                                ^
  561 |               <h2 className=”border-b pb-2 text-xs font-semibold uppercase tracking-[0.12...
  562 |                 Related claims
  563 |               </h2>

Parsing ecmascript source code failed @ http://localhost:3000/_next/static/chunks/1l_l_next_dist_0sxpgfl._.js:1945
[    7112ms] [ERROR] ./Dropbox (Maestral)/smarthumans.ai/src/app/claims/[slug]/page.tsx:560:32
Unexpected character '”'
  558 |
  559 |           {related.length > 0 && (
> 560 |             <section className=”mt-10”>
      |                                ^
  561 |               <h2 className=”border-b pb-2 text-xs font-semibold uppercase tracking-[0.12...
  562 |                 Related claims
  563 |               </h2>

Parsing ecmascript source code failed @ http://localhost:3000/_next/static/chunks/1l_l_next_dist_0sxpgfl._.js:1945
[    7168ms] [ERROR] ./Dropbox (Maestral)/smarthumans.ai/src/app/claims/[slug]/page.tsx:560:32
Unexpected character '”'
  558 |
  559 |           {related.length > 0 && (
> 560 |             <section className=”mt-10”>
      |                                ^
  561 |               <h2 className=”border-b pb-2 text-xs font-semibold uppercase tracking-[0.12...
  562 |                 Related claims
  563 |               </h2>

Parsing ecmascript source code failed @ http://localhost:3000/_next/static/chunks/1l_l_next_dist_0sxpgfl._.js:1945
[    7229ms] [ERROR] ./Dropbox (Maestral)/smarthumans.ai/src/app/claims/[slug]/page.tsx:560:32
Unexpected character '”'
  558 |
  559 |           {related.length > 0 && (
> 560 |             <section className=”mt-10”>
      |                                ^
  561 |               <h2 className=”border-b pb-2 text-xs font-semibold uppercase tracking-[0.12...
  562 |                 Related claims
  563 |               </h2>

Parsing ecmascript source code failed @ http://localhost:3000/_next/static/chunks/1l_l_next_dist_0sxpgfl._.js:1945
[    7286ms] [ERROR] ./Dropbox (Maestral)/smarthumans.ai/src/app/claims/[slug]/page.tsx:560:32
Unexpected character '”'
  558 |
  559 |           {related.length > 0 && (
> 560 |             <section className=”mt-10”>
      |                                ^
  561 |               <h2 className=”border-b pb-2 text-xs font-semibold uppercase tracking-[0.12...
  562 |                 Related claims
  563 |               </h2>

Parsing ecmascript source code failed @ http://localhost:3000/_next/static/chunks/1l_l_next_dist_0sxpgfl._.js:1945
[    7343ms] [ERROR] ./Dropbox (Maestral)/smarthumans.ai/src/app/claims/[slug]/page.tsx:560:32
Unexpected character '”'
  558 |
  559 |           {related.length > 0 && (
> 560 |             <section className=”mt-10”>
      |                                ^
  561 |               <h2 className=”border-b pb-2 text-xs font-semibold uppercase tracking-[0.12...
  562 |                 Related claims
  563 |               </h2>

Parsing ecmascript source code failed @ http://localhost:3000/_next/static/chunks/1l_l_next_dist_0sxpgfl._.js:1945
[    7399ms] [ERROR] ./Dropbox (Maestral)/smarthumans.ai/src/app/claims/[slug]/page.tsx:560:32
Unexpected character '”'
  558 |
  559 |           {related.length > 0 && (
> 560 |             <section className=”mt-10”>
      |                                ^
  561 |               <h2 className=”border-b pb-2 text-xs font-semibold uppercase tracking-[0.12...
  562 |                 Related claims
  563 |               </h2>

Parsing ecmascript source code failed @ http://localhost:3000/_next/static/chunks/1l_l_next_dist_0sxpgfl._.js:1945
[    7455ms] [ERROR] ./Dropbox (Maestral)/smarthumans.ai/src/app/claims/[slug]/page.tsx:560:32
Unexpected character '”'
  558 |
  559 |           {related.length > 0 && (
> 560 |             <section className=”mt-10”>
      |                                ^
  561 |               <h2 className=”border-b pb-2 text-xs font-semibold uppercase tracking-[0.12...
  562 |                 Related claims
  563 |               </h2>

Parsing ecmascript source code failed @ http://localhost:3000/_next/static/chunks/1l_l_next_dist_0sxpgfl._.js:1945
[    7513ms] [ERROR] ./Dropbox (Maestral)/smarthumans.ai/src/app/claims/[slug]/page.tsx:560:32
Unexpected character '”'
  558 |
  559 |           {related.length > 0 && (
> 560 |             <section className=”mt-10”>
      |                                ^
  561 |               <h2 className=”border-b pb-2 text-xs font-semibold uppercase tracking-[0.12...
  562 |                 Related claims
  563 |               </h2>

Parsing ecmascript source code failed @ http://localhost:3000/_next/static/chunks/1l_l_next_dist_0sxpgfl._.js:1945
[    7572ms] [ERROR] ./Dropbox (Maestral)/smarthumans.ai/src/app/claims/[slug]/page.tsx:560:32
Unexpected character '”'
  558 |
  559 |           {related.length > 0 && (
> 560 |             <section className=”mt-10”>
      |                                ^
  561 |               <h2 className=”border-b pb-2 text-xs font-semibold uppercase tracking-[0.12...
  562 |                 Related claims
  563 |               </h2>

Parsing ecmascript source code failed @ http://localhost:3000/_next/static/chunks/1l_l_next_dist_0sxpgfl._.js:1945
[    7699ms] [LOG] [Fast Refresh] rebuilding @ http://localhost:3000/_next/static/chunks/1l_l_next_dist_0sxpgfl._.js:1226
[    7709ms] [ERROR] ./Dropbox (Maestral)/smarthumans.ai/src/app/claims/[slug]/page.tsx:560:32
Unexpected character '”'
  558 |
  559 |           {related.length > 0 && (
> 560 |             <section className=”mt-10”>
      |                                ^
  561 |               <h2 className=”border-b pb-2 text-xs font-semibold uppercase tracking-[0.12...
  562 |                 Related claims
  563 |               </h2>

Parsing ecmascript source code failed @ http://localhost:3000/_next/static/chunks/1l_l_next_dist_0sxpgfl._.js:1945
[    7786ms] [ERROR] ./Dropbox (Maestral)/smarthumans.ai/src/app/claims/[slug]/page.tsx:560:32
Unexpected character '”'
  558 |
  559 |           {related.length > 0 && (
> 560 |             <section className=”mt-10”>
      |                                ^
  561 |               <h2 className=”border-b pb-2 text-xs font-semibold uppercase tracking-[0.12...
  562 |                 Related claims
  563 |               </h2>

Parsing ecmascript source code failed @ http://localhost:3000/_next/static/chunks/1l_l_next_dist_0sxpgfl._.js:1945
[    7841ms] [ERROR] ./Dropbox (Maestral)/smarthumans.ai/src/app/claims/[slug]/page.tsx:560:32
Unexpected character '”'
  558 |
  559 |           {related.length > 0 && (
> 560 |             <section className=”mt-10”>
      |                                ^
  561 |               <h2 className=”border-b pb-2 text-xs font-semibold uppercase tracking-[0.12...
  562 |                 Related claims
  563 |               </h2>

Parsing ecmascript source code failed @ http://localhost:3000/_next/static/chunks/1l_l_next_dist_0sxpgfl._.js:1945
[    7899ms] [ERROR] ./Dropbox (Maestral)/smarthumans.ai/src/app/claims/[slug]/page.tsx:560:32
Unexpected character '”'
  558 |
  559 |           {related.length > 0 && (
> 560 |             <section className=”mt-10”>
      |                                ^
  561 |               <h2 className=”border-b pb-2 text-xs font-semibold uppercase tracking-[0.12...
  562 |                 Related claims
  563 |               </h2>

Parsing ecmascript source code failed @ http://localhost:3000/_next/static/chunks/1l_l_next_dist_0sxpgfl._.js:1945
[    7957ms] [ERROR] ./Dropbox (Maestral)/smarthumans.ai/src/app/claims/[slug]/page.tsx:560:32
Unexpected character '”'
  558 |
  559 |           {related.length > 0 && (
> 560 |             <section className=”mt-10”>
      |                                ^
  561 |               <h2 className=”border-b pb-2 text-xs font-semibold uppercase tracking-[0.12...
  562 |                 Related claims
  563 |               </h2>

Parsing ecmascript source code failed @ http://localhost:3000/_next/static/chunks/1l_l_next_dist_0sxpgfl._.js:1945
[    8012ms] [ERROR] ./Dropbox (Maestral)/smarthumans.ai/src/app/claims/[slug]/page.tsx:560:32
Unexpected character '”'
  558 |
  559 |           {related.length > 0 && (
> 560 |             <section className=”mt-10”>
      |                                ^
  561 |               <h2 className=”border-b pb-2 text-xs font-semibold uppercase tracking-[0.12...
  562 |                 Related claims
  563 |               </h2>

Parsing ecmascript source code failed @ http://localhost:3000/_next/static/chunks/1l_l_next_dist_0sxpgfl._.js:1945
[    8060ms] [ERROR] ./Dropbox (Maestral)/smarthumans.ai/src/app/claims/[slug]/page.tsx:560:32
Unexpected character '”'
  558 |
  559 |           {related.length > 0 && (
> 560 |             <section className=”mt-10”>
      |                                ^
  561 |               <h2 className=”border-b pb-2 text-xs font-semibold uppercase tracking-[0.12...
  562 |                 Related claims
  563 |               </h2>

Parsing ecmascript source code failed @ http://localhost:3000/_next/static/chunks/1l_l_next_dist_0sxpgfl._.js:1945
[    8116ms] [ERROR] ./Dropbox (Maestral)/smarthumans.ai/src/app/claims/[slug]/page.tsx:560:32
Unexpected character '”'
  558 |
  559 |           {related.length > 0 && (
> 560 |             <section className=”mt-10”>
      |                                ^
  561 |               <h2 className=”border-b pb-2 text-xs font-semibold uppercase tracking-[0.12...
  562 |                 Related claims
  563 |               </h2>

Parsing ecmascript source code failed @ http://localhost:3000/_next/static/chunks/1l_l_next_dist_0sxpgfl._.js:1945
[    8182ms] [ERROR] ./Dropbox (Maestral)/smarthumans.ai/src/app/claims/[slug]/page.tsx:560:32
Unexpected character '”'
  558 |
  559 |           {related.length > 0 && (
> 560 |             <section className=”mt-10”>
      |                                ^
  561 |               <h2 className=”border-b pb-2 text-xs font-semibold uppercase tracking-[0.12...
  562 |                 Related claims
  563 |               </h2>

Parsing ecmascript source code failed @ http://localhost:3000/_next/static/chunks/1l_l_next_dist_0sxpgfl._.js:1945
[    8237ms] [ERROR] ./Dropbox (Maestral)/smarthumans.ai/src/app/claims/[slug]/page.tsx:560:32
Unexpected character '”'
  558 |
  559 |           {related.length > 0 && (
> 560 |             <section className=”mt-10”>
      |                                ^
  561 |               <h2 className=”border-b pb-2 text-xs font-semibold uppercase tracking-[0.12...
  562 |                 Related claims
  563 |               </h2>

Parsing ecmascript source code failed @ http://localhost:3000/_next/static/chunks/1l_l_next_dist_0sxpgfl._.js:1945
[    8291ms] [ERROR] ./Dropbox (Maestral)/smarthumans.ai/src/app/claims/[slug]/page.tsx:560:32
Unexpected character '”'
  558 |
  559 |           {related.length > 0 && (
> 560 |             <section className=”mt-10”>
      |                                ^
  561 |               <h2 className=”border-b pb-2 text-xs font-semibold uppercase tracking-[0.12...
  562 |                 Related claims
  563 |               </h2>

Parsing ecmascript source code failed @ http://localhost:3000/_next/static/chunks/1l_l_next_dist_0sxpgfl._.js:1945
[    8342ms] [ERROR] ./Dropbox (Maestral)/smarthumans.ai/src/app/claims/[slug]/page.tsx:560:32
Unexpected character '”'
  558 |
  559 |           {related.length > 0 && (
> 560 |             <section className=”mt-10”>
      |                                ^
  561 |               <h2 className=”border-b pb-2 text-xs font-semibold uppercase tracking-[0.12...
  562 |                 Related claims
  563 |               </h2>

Parsing ecmascript source code failed @ http://localhost:3000/_next/static/chunks/1l_l_next_dist_0sxpgfl._.js:1945
[    8398ms] [ERROR] ./Dropbox (Maestral)/smarthumans.ai/src/app/claims/[slug]/page.tsx:560:32
Unexpected character '”'
  558 |
  559 |           {related.length > 0 && (
> 560 |             <section className=”mt-10”>
      |                                ^
  561 |               <h2 className=”border-b pb-2 text-xs font-semibold uppercase tracking-[0.12...
  562 |                 Related claims
  563 |               </h2>

Parsing ecmascript source code failed @ http://localhost:3000/_next/static/chunks/1l_l_next_dist_0sxpgfl._.js:1945
[    8452ms] [ERROR] ./Dropbox (Maestral)/smarthumans.ai/src/app/claims/[slug]/page.tsx:560:32
Unexpected character '”'
  558 |
  559 |           {related.length > 0 && (
> 560 |             <section className=”mt-10”>
      |                                ^
  561 |               <h2 className=”border-b pb-2 text-xs font-semibold uppercase tracking-[0.12...
  562 |                 Related claims
  563 |               </h2>

Parsing ecmascript source code failed @ http://localhost:3000/_next/static/chunks/1l_l_next_dist_0sxpgfl._.js:1945
[    8510ms] [ERROR] ./Dropbox (Maestral)/smarthumans.ai/src/app/claims/[slug]/page.tsx:560:32
Unexpected character '”'
  558 |
  559 |           {related.length > 0 && (
> 560 |             <section className=”mt-10”>
      |                                ^
  561 |               <h2 className=”border-b pb-2 text-xs font-semibold uppercase tracking-[0.12...
  562 |                 Related claims
  563 |               </h2>

Parsing ecmascript source code failed @ http://localhost:3000/_next/static/chunks/1l_l_next_dist_0sxpgfl._.js:1945
[    8565ms] [ERROR] ./Dropbox (Maestral)/smarthumans.ai/src/app/claims/[slug]/page.tsx:560:32
Unexpected character '”'
  558 |
  559 |           {related.length > 0 && (
> 560 |             <section className=”mt-10”>
      |                                ^
  561 |               <h2 className=”border-b pb-2 text-xs font-semibold uppercase tracking-[0.12...
  562 |                 Related claims
  563 |               </h2>

Parsing ecmascript source code failed @ http://localhost:3000/_next/static/chunks/1l_l_next_dist_0sxpgfl._.js:1945
[    8623ms] [ERROR] ./Dropbox (Maestral)/smarthumans.ai/src/app/claims/[slug]/page.tsx:560:32
Unexpected character '”'
  558 |
  559 |           {related.length > 0 && (
> 560 |             <section className=”mt-10”>
      |                                ^
  561 |               <h2 className=”border-b pb-2 text-xs font-semibold uppercase tracking-[0.12...
  562 |                 Related claims
  563 |               </h2>

Parsing ecmascript source code failed @ http://localhost:3000/_next/static/chunks/1l_l_next_dist_0sxpgfl._.js:1945
[    8669ms] [ERROR] ./Dropbox (Maestral)/smarthumans.ai/src/app/claims/[slug]/page.tsx:560:32
Unexpected character '”'
  558 |
  559 |           {related.length > 0 && (
> 560 |             <section className=”mt-10”>
      |                                ^
  561 |               <h2 className=”border-b pb-2 text-xs font-semibold uppercase tracking-[0.12...
  562 |                 Related claims
  563 |               </h2>

Parsing ecmascript source code failed @ http://localhost:3000/_next/static/chunks/1l_l_next_dist_0sxpgfl._.js:1945
[    8726ms] [ERROR] ./Dropbox (Maestral)/smarthumans.ai/src/app/claims/[slug]/page.tsx:560:32
Unexpected character '”'
  558 |
  559 |           {related.length > 0 && (
> 560 |             <section className=”mt-10”>
      |                                ^
  561 |               <h2 className=”border-b pb-2 text-xs font-semibold uppercase tracking-[0.12...
  562 |                 Related claims
  563 |               </h2>

Parsing ecmascript source code failed @ http://localhost:3000/_next/static/chunks/1l_l_next_dist_0sxpgfl._.js:1945
[    8796ms] [ERROR] ./Dropbox (Maestral)/smarthumans.ai/src/app/claims/[slug]/page.tsx:560:32
Unexpected character '”'
  558 |
  559 |           {related.length > 0 && (
> 560 |             <section className=”mt-10”>
      |                                ^
  561 |               <h2 className=”border-b pb-2 text-xs font-semibold uppercase tracking-[0.12...
  562 |                 Related claims
  563 |               </h2>

Parsing ecmascript source code failed @ http://localhost:3000/_next/static/chunks/1l_l_next_dist_0sxpgfl._.js:1945
[    8843ms] [ERROR] ./Dropbox (Maestral)/smarthumans.ai/src/app/claims/[slug]/page.tsx:560:32
Unexpected character '”'
  558 |
  559 |           {related.length > 0 && (
> 560 |             <section className=”mt-10”>
      |                                ^
  561 |               <h2 className=”border-b pb-2 text-xs font-semibold uppercase tracking-[0.12...
  562 |                 Related claims
  563 |               </h2>

Parsing ecmascript source code failed @ http://localhost:3000/_next/static/chunks/1l_l_next_dist_0sxpgfl._.js:1945
[    8900ms] [ERROR] ./Dropbox (Maestral)/smarthumans.ai/src/app/claims/[slug]/page.tsx:560:32
Unexpected character '”'
  558 |
  559 |           {related.length > 0 && (
> 560 |             <section className=”mt-10”>
      |                                ^
  561 |               <h2 className=”border-b pb-2 text-xs font-semibold uppercase tracking-[0.12...
  562 |                 Related claims
  563 |               </h2>

Parsing ecmascript source code failed @ http://localhost:3000/_next/static/chunks/1l_l_next_dist_0sxpgfl._.js:1945
[    8954ms] [ERROR] ./Dropbox (Maestral)/smarthumans.ai/src/app/claims/[slug]/page.tsx:560:32
Unexpected character '”'
  558 |
  559 |           {related.length > 0 && (
> 560 |             <section className=”mt-10”>
      |                                ^
  561 |               <h2 className=”border-b pb-2 text-xs font-semibold uppercase tracking-[0.12...
  562 |                 Related claims
  563 |               </h2>

Parsing ecmascript source code failed @ http://localhost:3000/_next/static/chunks/1l_l_next_dist_0sxpgfl._.js:1945
[    9005ms] [ERROR] ./Dropbox (Maestral)/smarthumans.ai/src/app/claims/[slug]/page.tsx:560:32
Unexpected character '”'
  558 |
  559 |           {related.length > 0 && (
> 560 |             <section className=”mt-10”>
      |                                ^
  561 |               <h2 className=”border-b pb-2 text-xs font-semibold uppercase tracking-[0.12...
  562 |                 Related claims
  563 |               </h2>

Parsing ecmascript source code failed @ http://localhost:3000/_next/static/chunks/1l_l_next_dist_0sxpgfl._.js:1945
[    9057ms] [ERROR] ./Dropbox (Maestral)/smarthumans.ai/src/app/claims/[slug]/page.tsx:560:32
Unexpected character '”'
  558 |
  559 |           {related.length > 0 && (
> 560 |             <section className=”mt-10”>
      |                                ^
  561 |               <h2 className=”border-b pb-2 text-xs font-semibold uppercase tracking-[0.12...
  562 |                 Related claims
  563 |               </h2>

Parsing ecmascript source code failed @ http://localhost:3000/_next/static/chunks/1l_l_next_dist_0sxpgfl._.js:1945
[    9115ms] [ERROR] ./Dropbox (Maestral)/smarthumans.ai/src/app/claims/[slug]/page.tsx:560:32
Unexpected character '”'
  558 |
  559 |           {related.length > 0 && (
> 560 |             <section className=”mt-10”>
      |                                ^
  561 |               <h2 className=”border-b pb-2 text-xs font-semibold uppercase tracking-[0.12...
  562 |                 Related claims
  563 |               </h2>

Parsing ecmascript source code failed @ http://localhost:3000/_next/static/chunks/1l_l_next_dist_0sxpgfl._.js:1945
[    9172ms] [ERROR] ./Dropbox (Maestral)/smarthumans.ai/src/app/claims/[slug]/page.tsx:560:32
Unexpected character '”'
  558 |
  559 |           {related.length > 0 && (
> 560 |             <section className=”mt-10”>
      |                                ^
  561 |               <h2 className=”border-b pb-2 text-xs font-semibold uppercase tracking-[0.12...
  562 |                 Related claims
  563 |               </h2>

Parsing ecmascript source code failed @ http://localhost:3000/_next/static/chunks/1l_l_next_dist_0sxpgfl._.js:1945
[    9230ms] [ERROR] ./Dropbox (Maestral)/smarthumans.ai/src/app/claims/[slug]/page.tsx:560:32
Unexpected character '”'
  558 |
  559 |           {related.length > 0 && (
> 560 |             <section className=”mt-10”>
      |                                ^
  561 |               <h2 className=”border-b pb-2 text-xs font-semibold uppercase tracking-[0.12...
  562 |                 Related claims
  563 |               </h2>

Parsing ecmascript source code failed @ http://localhost:3000/_next/static/chunks/1l_l_next_dist_0sxpgfl._.js:1945
[    9291ms] [ERROR] ./Dropbox (Maestral)/smarthumans.ai/src/app/claims/[slug]/page.tsx:560:32
Unexpected character '”'
  558 |
  559 |           {related.length > 0 && (
> 560 |             <section className=”mt-10”>
      |                                ^
  561 |               <h2 className=”border-b pb-2 text-xs font-semibold uppercase tracking-[0.12...
  562 |                 Related claims
  563 |               </h2>

Parsing ecmascript source code failed @ http://localhost:3000/_next/static/chunks/1l_l_next_dist_0sxpgfl._.js:1945
[    9346ms] [ERROR] ./Dropbox (Maestral)/smarthumans.ai/src/app/claims/[slug]/page.tsx:560:32
Unexpected character '”'
  558 |
  559 |           {related.length > 0 && (
> 560 |             <section className=”mt-10”>
      |                                ^
  561 |               <h2 className=”border-b pb-2 text-xs font-semibold uppercase tracking-[0.12...
  562 |                 Related claims
  563 |               </h2>

Parsing ecmascript source code failed @ http://localhost:3000/_next/static/chunks/1l_l_next_dist_0sxpgfl._.js:1945
[    9406ms] [ERROR] ./Dropbox (Maestral)/smarthumans.ai/src/app/claims/[slug]/page.tsx:560:32
Unexpected character '”'
  558 |
  559 |           {related.length > 0 && (
> 560 |             <section className=”mt-10”>
      |                                ^
  561 |               <h2 className=”border-b pb-2 text-xs font-semibold uppercase tracking-[0.12...
  562 |                 Related claims
  563 |               </h2>

Parsing ecmascript source code failed @ http://localhost:3000/_next/static/chunks/1l_l_next_dist_0sxpgfl._.js:1945
[    9461ms] [ERROR] ./Dropbox (Maestral)/smarthumans.ai/src/app/claims/[slug]/page.tsx:560:32
Unexpected character '”'
  558 |
  559 |           {related.length > 0 && (
> 560 |             <section className=”mt-10”>
      |                                ^
  561 |               <h2 className=”border-b pb-2 text-xs font-semibold uppercase tracking-[0.12...
  562 |                 Related claims
  563 |               </h2>

Parsing ecmascript source code failed @ http://localhost:3000/_next/static/chunks/1l_l_next_dist_0sxpgfl._.js:1945
[    9518ms] [ERROR] ./Dropbox (Maestral)/smarthumans.ai/src/app/claims/[slug]/page.tsx:560:32
Unexpected character '”'
  558 |
  559 |           {related.length > 0 && (
> 560 |             <section className=”mt-10”>
      |                                ^
  561 |               <h2 className=”border-b pb-2 text-xs font-semibold uppercase tracking-[0.12...
  562 |                 Related claims
  563 |               </h2>

Parsing ecmascript source code failed @ http://localhost:3000/_next/static/chunks/1l_l_next_dist_0sxpgfl._.js:1945
[    9574ms] [ERROR] ./Dropbox (Maestral)/smarthumans.ai/src/app/claims/[slug]/page.tsx:560:32
Unexpected character '”'
  558 |
  559 |           {related.length > 0 && (
> 560 |             <section className=”mt-10”>
      |                                ^
  561 |               <h2 className=”border-b pb-2 text-xs font-semibold uppercase tracking-[0.12...
  562 |                 Related claims
  563 |               </h2>

Parsing ecmascript source code failed @ http://localhost:3000/_next/static/chunks/1l_l_next_dist_0sxpgfl._.js:1945
[    9634ms] [ERROR] ./Dropbox (Maestral)/smarthumans.ai/src/app/claims/[slug]/page.tsx:560:32
Unexpected character '”'
  558 |
  559 |           {related.length > 0 && (
> 560 |             <section className=”mt-10”>
      |                                ^
  561 |               <h2 className=”border-b pb-2 text-xs font-semibold uppercase tracking-[0.12...
  562 |                 Related claims
  563 |               </h2>

Parsing ecmascript source code failed @ http://localhost:3000/_next/static/chunks/1l_l_next_dist_0sxpgfl._.js:1945
[    9690ms] [ERROR] ./Dropbox (Maestral)/smarthumans.ai/src/app/claims/[slug]/page.tsx:560:32
Unexpected character '”'
  558 |
  559 |           {related.length > 0 && (
> 560 |             <section className=”mt-10”>
      |                                ^
  561 |               <h2 className=”border-b pb-2 text-xs font-semibold uppercase tracking-[0.12...
  562 |                 Related claims
  563 |               </h2>

Parsing ecmascript source code failed @ http://localhost:3000/_next/static/chunks/1l_l_next_dist_0sxpgfl._.js:1945
[    9746ms] [ERROR] ./Dropbox (Maestral)/smarthumans.ai/src/app/claims/[slug]/page.tsx:560:32
Unexpected character '”'
  558 |
  559 |           {related.length > 0 && (
> 560 |             <section className=”mt-10”>
      |                                ^
  561 |               <h2 className=”border-b pb-2 text-xs font-semibold uppercase tracking-[0.12...
  562 |                 Related claims
  563 |               </h2>

Parsing ecmascript source code failed @ http://localhost:3000/_next/static/chunks/1l_l_next_dist_0sxpgfl._.js:1945
[    9801ms] [ERROR] ./Dropbox (Maestral)/smarthumans.ai/src/app/claims/[slug]/page.tsx:560:32
Unexpected character '”'
  558 |
  559 |           {related.length > 0 && (
> 560 |             <section className=”mt-10”>
      |                                ^
  561 |               <h2 className=”border-b pb-2 text-xs font-semibold uppercase tracking-[0.12...
  562 |                 Related claims
  563 |               </h2>

Parsing ecmascript source code failed @ http://localhost:3000/_next/static/chunks/1l_l_next_dist_0sxpgfl._.js:1945
[    9851ms] [ERROR] ./Dropbox (Maestral)/smarthumans.ai/src/app/claims/[slug]/page.tsx:560:32
Unexpected character '”'
  558 |
  559 |           {related.length > 0 && (
> 560 |             <section className=”mt-10”>
      |                                ^
  561 |               <h2 className=”border-b pb-2 text-xs font-semibold uppercase tracking-[0.12...
  562 |                 Related claims
  563 |               </h2>

Parsing ecmascript source code failed @ http://localhost:3000/_next/static/chunks/1l_l_next_dist_0sxpgfl._.js:1945
[    9908ms] [ERROR] ./Dropbox (Maestral)/smarthumans.ai/src/app/claims/[slug]/page.tsx:560:32
Unexpected character '”'
  558 |
  559 |           {related.length > 0 && (
> 560 |             <section className=”mt-10”>
      |                                ^
  561 |               <h2 className=”border-b pb-2 text-xs font-semibold uppercase tracking-[0.12...
  562 |                 Related claims
  563 |               </h2>

Parsing ecmascript source code failed @ http://localhost:3000/_next/static/chunks/1l_l_next_dist_0sxpgfl._.js:1945
[    9963ms] [ERROR] ./Dropbox (Maestral)/smarthumans.ai/src/app/claims/[slug]/page.tsx:560:32
Unexpected character '”'
  558 |
  559 |           {related.length > 0 && (
> 560 |             <section className=”mt-10”>
      |                                ^
  561 |               <h2 className=”border-b pb-2 text-xs font-semibold uppercase tracking-[0.12...
  562 |                 Related claims
  563 |               </h2>

Parsing ecmascript source code failed @ http://localhost:3000/_next/static/chunks/1l_l_next_dist_0sxpgfl._.js:1945
[   10011ms] [ERROR] ./Dropbox (Maestral)/smarthumans.ai/src/app/claims/[slug]/page.tsx:560:32
Unexpected character '”'
  558 |
  559 |           {related.length > 0 && (
> 560 |             <section className=”mt-10”>
      |                                ^
  561 |               <h2 className=”border-b pb-2 text-xs font-semibold uppercase tracking-[0.12...
  562 |                 Related claims
  563 |               </h2>

Parsing ecmascript source code failed @ http://localhost:3000/_next/static/chunks/1l_l_next_dist_0sxpgfl._.js:1945
[   10068ms] [ERROR] ./Dropbox (Maestral)/smarthumans.ai/src/app/claims/[slug]/page.tsx:560:32
Unexpected character '”'
  558 |
  559 |           {related.length > 0 && (
> 560 |             <section className=”mt-10”>
      |                                ^
  561 |               <h2 className=”border-b pb-2 text-xs font-semibold uppercase tracking-[0.12...
  562 |                 Related claims
  563 |               </h2>

Parsing ecmascript source code failed @ http://localhost:3000/_next/static/chunks/1l_l_next_dist_0sxpgfl._.js:1945
[   10121ms] [ERROR] ./Dropbox (Maestral)/smarthumans.ai/src/app/claims/[slug]/page.tsx:560:32
Unexpected character '”'
  558 |
  559 |           {related.length > 0 && (
> 560 |             <section className=”mt-10”>
      |                                ^
  561 |               <h2 className=”border-b pb-2 text-xs font-semibold uppercase tracking-[0.12...
  562 |                 Related claims
  563 |               </h2>

Parsing ecmascript source code failed @ http://localhost:3000/_next/static/chunks/1l_l_next_dist_0sxpgfl._.js:1945
[   10179ms] [ERROR] ./Dropbox (Maestral)/smarthumans.ai/src/app/claims/[slug]/page.tsx:560:32
Unexpected character '”'
  558 |
  559 |           {related.length > 0 && (
> 560 |             <section className=”mt-10”>
      |                                ^
  561 |               <h2 className=”border-b pb-2 text-xs font-semibold uppercase tracking-[0.12...
  562 |                 Related claims
  563 |               </h2>

Parsing ecmascript source code failed @ http://localhost:3000/_next/static/chunks/1l_l_next_dist_0sxpgfl._.js:1945
[   10237ms] [ERROR] ./Dropbox (Maestral)/smarthumans.ai/src/app/claims/[slug]/page.tsx:560:32
Unexpected character '”'
  558 |
  559 |           {related.length > 0 && (
> 560 |             <section className=”mt-10”>
      |                                ^
  561 |               <h2 className=”border-b pb-2 text-xs font-semibold uppercase tracking-[0.12...
  562 |                 Related claims
  563 |               </h2>

Parsing ecmascript source code failed @ http://localhost:3000/_next/static/chunks/1l_l_next_dist_0sxpgfl._.js:1945
[   10295ms] [ERROR] ./Dropbox (Maestral)/smarthumans.ai/src/app/claims/[slug]/page.tsx:560:32
Unexpected character '”'
  558 |
  559 |           {related.length > 0 && (
> 560 |             <section className=”mt-10”>
      |                                ^
  561 |               <h2 className=”border-b pb-2 text-xs font-semibold uppercase tracking-[0.12...
  562 |                 Related claims
  563 |               </h2>

Parsing ecmascript source code failed @ http://localhost:3000/_next/static/chunks/1l_l_next_dist_0sxpgfl._.js:1945
[   10352ms] [ERROR] ./Dropbox (Maestral)/smarthumans.ai/src/app/claims/[slug]/page.tsx:560:32
Unexpected character '”'
  558 |
  559 |           {related.length > 0 && (
> 560 |             <section className=”mt-10”>
      |                                ^
  561 |               <h2 className=”border-b pb-2 text-xs font-semibold uppercase tracking-[0.12...
  562 |                 Related claims
  563 |               </h2>

Parsing ecmascript source code failed @ http://localhost:3000/_next/static/chunks/1l_l_next_dist_0sxpgfl._.js:1945
[   10400ms] [ERROR] ./Dropbox (Maestral)/smarthumans.ai/src/app/claims/[slug]/page.tsx:560:32
Unexpected character '”'
  558 |
  559 |           {related.length > 0 && (
> 560 |             <section className=”mt-10”>
      |                                ^
  561 |               <h2 className=”border-b pb-2 text-xs font-semibold uppercase tracking-[0.12...
  562 |                 Related claims
  563 |               </h2>

Parsing ecmascript source code failed @ http://localhost:3000/_next/static/chunks/1l_l_next_dist_0sxpgfl._.js:1945
[   10458ms] [ERROR] ./Dropbox (Maestral)/smarthumans.ai/src/app/claims/[slug]/page.tsx:560:32
Unexpected character '”'
  558 |
  559 |           {related.length > 0 && (
> 560 |             <section className=”mt-10”>
      |                                ^
  561 |               <h2 className=”border-b pb-2 text-xs font-semibold uppercase tracking-[0.12...
  562 |                 Related claims
  563 |               </h2>

Parsing ecmascript source code failed @ http://localhost:3000/_next/static/chunks/1l_l_next_dist_0sxpgfl._.js:1945
[   10514ms] [ERROR] ./Dropbox (Maestral)/smarthumans.ai/src/app/claims/[slug]/page.tsx:560:32
Unexpected character '”'
  558 |
  559 |           {related.length > 0 && (
> 560 |             <section className=”mt-10”>
      |                                ^
  561 |               <h2 className=”border-b pb-2 text-xs font-semibold uppercase tracking-[0.12...
  562 |                 Related claims
  563 |               </h2>

Parsing ecmascript source code failed @ http://localhost:3000/_next/static/chunks/1l_l_next_dist_0sxpgfl._.js:1945
[   10572ms] [ERROR] ./Dropbox (Maestral)/smarthumans.ai/src/app/claims/[slug]/page.tsx:560:32
Unexpected character '”'
  558 |
  559 |           {related.length > 0 && (
> 560 |             <section className=”mt-10”>
      |                                ^
  561 |               <h2 className=”border-b pb-2 text-xs font-semibold uppercase tracking-[0.12...
  562 |                 Related claims
  563 |               </h2>

Parsing ecmascript source code failed @ http://localhost:3000/_next/static/chunks/1l_l_next_dist_0sxpgfl._.js:1945
[   10630ms] [ERROR] ./Dropbox (Maestral)/smarthumans.ai/src/app/claims/[slug]/page.tsx:560:32
Unexpected character '”'
  558 |
  559 |           {related.length > 0 && (
> 560 |             <section className=”mt-10”>
      |                                ^
  561 |               <h2 className=”border-b pb-2 text-xs font-semibold uppercase tracking-[0.12...
  562 |                 Related claims
  563 |               </h2>

Parsing ecmascript source code failed @ http://localhost:3000/_next/static/chunks/1l_l_next_dist_0sxpgfl._.js:1945
[   10688ms] [ERROR] ./Dropbox (Maestral)/smarthumans.ai/src/app/claims/[slug]/page.tsx:560:32
Unexpected character '”'
  558 |
  559 |           {related.length > 0 && (
> 560 |             <section className=”mt-10”>
      |                                ^
  561 |               <h2 className=”border-b pb-2 text-xs font-semibold uppercase tracking-[0.12...
  562 |                 Related claims
  563 |               </h2>

Parsing ecmascript source code failed @ http://localhost:3000/_next/static/chunks/1l_l_next_dist_0sxpgfl._.js:1945
[   10740ms] [ERROR] ./Dropbox (Maestral)/smarthumans.ai/src/app/claims/[slug]/page.tsx:560:32
Unexpected character '”'
  558 |
  559 |           {related.length > 0 && (
> 560 |             <section className=”mt-10”>
      |                                ^
  561 |               <h2 className=”border-b pb-2 text-xs font-semibold uppercase tracking-[0.12...
  562 |                 Related claims
  563 |               </h2>

Parsing ecmascript source code failed @ http://localhost:3000/_next/static/chunks/1l_l_next_dist_0sxpgfl._.js:1945
[   10797ms] [ERROR] ./Dropbox (Maestral)/smarthumans.ai/src/app/claims/[slug]/page.tsx:560:32
Unexpected character '”'
  558 |
  559 |           {related.length > 0 && (
> 560 |             <section className=”mt-10”>
      |                                ^
  561 |               <h2 className=”border-b pb-2 text-xs font-semibold uppercase tracking-[0.12...
  562 |                 Related claims
  563 |               </h2>

Parsing ecmascript source code failed @ http://localhost:3000/_next/static/chunks/1l_l_next_dist_0sxpgfl._.js:1945
[   10853ms] [ERROR] ./Dropbox (Maestral)/smarthumans.ai/src/app/claims/[slug]/page.tsx:560:32
Unexpected character '”'
  558 |
  559 |           {related.length > 0 && (
> 560 |             <section className=”mt-10”>
      |                                ^
  561 |               <h2 className=”border-b pb-2 text-xs font-semibold uppercase tracking-[0.12...
  562 |                 Related claims
  563 |               </h2>

Parsing ecmascript source code failed @ http://localhost:3000/_next/static/chunks/1l_l_next_dist_0sxpgfl._.js:1945
[   10908ms] [ERROR] ./Dropbox (Maestral)/smarthumans.ai/src/app/claims/[slug]/page.tsx:560:32
Unexpected character '”'
  558 |
  559 |           {related.length > 0 && (
> 560 |             <section className=”mt-10”>
      |                                ^
  561 |               <h2 className=”border-b pb-2 text-xs font-semibold uppercase tracking-[0.12...
  562 |                 Related claims
  563 |               </h2>

Parsing ecmascript source code failed @ http://localhost:3000/_next/static/chunks/1l_l_next_dist_0sxpgfl._.js:1945
[   10969ms] [ERROR] ./Dropbox (Maestral)/smarthumans.ai/src/app/claims/[slug]/page.tsx:560:32
Unexpected character '”'
  558 |
  559 |           {related.length > 0 && (
> 560 |             <section className=”mt-10”>
      |                                ^
  561 |               <h2 className=”border-b pb-2 text-xs font-semibold uppercase tracking-[0.12...
  562 |                 Related claims
  563 |               </h2>

Parsing ecmascript source code failed @ http://localhost:3000/_next/static/chunks/1l_l_next_dist_0sxpgfl._.js:1945
[   11025ms] [ERROR] ./Dropbox (Maestral)/smarthumans.ai/src/app/claims/[slug]/page.tsx:560:32
Unexpected character '”'
  558 |
  559 |           {related.length > 0 && (
> 560 |             <section className=”mt-10”>
      |                                ^
  561 |               <h2 className=”border-b pb-2 text-xs font-semibold uppercase tracking-[0.12...
  562 |                 Related claims
  563 |               </h2>

Parsing ecmascript source code failed @ http://localhost:3000/_next/static/chunks/1l_l_next_dist_0sxpgfl._.js:1945
[   11082ms] [ERROR] ./Dropbox (Maestral)/smarthumans.ai/src/app/claims/[slug]/page.tsx:560:32
Unexpected character '”'
  558 |
  559 |           {related.length > 0 && (
> 560 |             <section className=”mt-10”>
      |                                ^
  561 |               <h2 className=”border-b pb-2 text-xs font-semibold uppercase tracking-[0.12...
  562 |                 Related claims
  563 |               </h2>

Parsing ecmascript source code failed @ http://localhost:3000/_next/static/chunks/1l_l_next_dist_0sxpgfl._.js:1945
[   11139ms] [ERROR] ./Dropbox (Maestral)/smarthumans.ai/src/app/claims/[slug]/page.tsx:560:32
Unexpected character '”'
  558 |
  559 |           {related.length > 0 && (
> 560 |             <section className=”mt-10”>
      |                                ^
  561 |               <h2 className=”border-b pb-2 text-xs font-semibold uppercase tracking-[0.12...
  562 |                 Related claims
  563 |               </h2>

Parsing ecmascript source code failed @ http://localhost:3000/_next/static/chunks/1l_l_next_dist_0sxpgfl._.js:1945
[   11199ms] [ERROR] ./Dropbox (Maestral)/smarthumans.ai/src/app/claims/[slug]/page.tsx:560:32
Unexpected character '”'
  558 |
  559 |           {related.length > 0 && (
> 560 |             <section className=”mt-10”>
      |                                ^
  561 |               <h2 className=”border-b pb-2 text-xs font-semibold uppercase tracking-[0.12...
  562 |                 Related claims
  563 |               </h2>

Parsing ecmascript source code failed @ http://localhost:3000/_next/static/chunks/1l_l_next_dist_0sxpgfl._.js:1945
[   11255ms] [ERROR] ./Dropbox (Maestral)/smarthumans.ai/src/app/claims/[slug]/page.tsx:560:32
Unexpected character '”'
  558 |
  559 |           {related.length > 0 && (
> 560 |             <section className=”mt-10”>
      |                                ^
  561 |               <h2 className=”border-b pb-2 text-xs font-semibold uppercase tracking-[0.12...
  562 |                 Related claims
  563 |               </h2>

Parsing ecmascript source code failed @ http://localhost:3000/_next/static/chunks/1l_l_next_dist_0sxpgfl._.js:1945
[   11313ms] [ERROR] ./Dropbox (Maestral)/smarthumans.ai/src/app/claims/[slug]/page.tsx:560:32
Unexpected character '”'
  558 |
  559 |           {related.length > 0 && (
> 560 |             <section className=”mt-10”>
      |                                ^
  561 |               <h2 className=”border-b pb-2 text-xs font-semibold uppercase tracking-[0.12...
  562 |                 Related claims
  563 |               </h2>

Parsing ecmascript source code failed @ http://localhost:3000/_next/static/chunks/1l_l_next_dist_0sxpgfl._.js:1945
[   11372ms] [ERROR] ./Dropbox (Maestral)/smarthumans.ai/src/app/claims/[slug]/page.tsx:560:32
Unexpected character '”'
  558 |
  559 |           {related.length > 0 && (
> 560 |             <section className=”mt-10”>
      |                                ^
  561 |               <h2 className=”border-b pb-2 text-xs font-semibold uppercase tracking-[0.12...
  562 |                 Related claims
  563 |               </h2>

Parsing ecmascript source code failed @ http://localhost:3000/_next/static/chunks/1l_l_next_dist_0sxpgfl._.js:1945
[   11430ms] [ERROR] ./Dropbox (Maestral)/smarthumans.ai/src/app/claims/[slug]/page.tsx:560:32
Unexpected character '”'
  558 |
  559 |           {related.length > 0 && (
> 560 |             <section className=”mt-10”>
      |                                ^
  561 |               <h2 className=”border-b pb-2 text-xs font-semibold uppercase tracking-[0.12...
  562 |                 Related claims
  563 |               </h2>

Parsing ecmascript source code failed @ http://localhost:3000/_next/static/chunks/1l_l_next_dist_0sxpgfl._.js:1945
[   11488ms] [ERROR] ./Dropbox (Maestral)/smarthumans.ai/src/app/claims/[slug]/page.tsx:560:32
Unexpected character '”'
  558 |
  559 |           {related.length > 0 && (
> 560 |             <section className=”mt-10”>
      |                                ^
  561 |               <h2 className=”border-b pb-2 text-xs font-semibold uppercase tracking-[0.12...
  562 |                 Related claims
  563 |               </h2>

Parsing ecmascript source code failed @ http://localhost:3000/_next/static/chunks/1l_l_next_dist_0sxpgfl._.js:1945
[   11545ms] [ERROR] ./Dropbox (Maestral)/smarthumans.ai/src/app/claims/[slug]/page.tsx:560:32
Unexpected character '”'
  558 |
  559 |           {related.length > 0 && (
> 560 |             <section className=”mt-10”>
      |                                ^
  561 |               <h2 className=”border-b pb-2 text-xs font-semibold uppercase tracking-[0.12...
  562 |                 Related claims
  563 |               </h2>

Parsing ecmascript source code failed @ http://localhost:3000/_next/static/chunks/1l_l_next_dist_0sxpgfl._.js:1945
[   11602ms] [ERROR] ./Dropbox (Maestral)/smarthumans.ai/src/app/claims/[slug]/page.tsx:560:32
Unexpected character '”'
  558 |
  559 |           {related.length > 0 && (
> 560 |             <section className=”mt-10”>
      |                                ^
  561 |               <h2 className=”border-b pb-2 text-xs font-semibold uppercase tracking-[0.12...
  562 |                 Related claims
  563 |               </h2>

Parsing ecmascript source code failed @ http://localhost:3000/_next/static/chunks/1l_l_next_dist_0sxpgfl._.js:1945
[   11660ms] [ERROR] ./Dropbox (Maestral)/smarthumans.ai/src/app/claims/[slug]/page.tsx:560:32
Unexpected character '”'
  558 |
  559 |           {related.length > 0 && (
> 560 |             <section className=”mt-10”>
      |                                ^
  561 |               <h2 className=”border-b pb-2 text-xs font-semibold uppercase tracking-[0.12...
  562 |                 Related claims
  563 |               </h2>

Parsing ecmascript source code failed @ http://localhost:3000/_next/static/chunks/1l_l_next_dist_0sxpgfl._.js:1945
[   11718ms] [ERROR] ./Dropbox (Maestral)/smarthumans.ai/src/app/claims/[slug]/page.tsx:560:32
Unexpected character '”'
  558 |
  559 |           {related.length > 0 && (
> 560 |             <section className=”mt-10”>
      |                                ^
  561 |               <h2 className=”border-b pb-2 text-xs font-semibold uppercase tracking-[0.12...
  562 |                 Related claims
  563 |               </h2>

Parsing ecmascript source code failed @ http://localhost:3000/_next/static/chunks/1l_l_next_dist_0sxpgfl._.js:1945
[   11774ms] [ERROR] ./Dropbox (Maestral)/smarthumans.ai/src/app/claims/[slug]/page.tsx:560:32
Unexpected character '”'
  558 |
  559 |           {related.length > 0 && (
> 560 |             <section className=”mt-10”>
      |                                ^
  561 |               <h2 className=”border-b pb-2 text-xs font-semibold uppercase tracking-[0.12...
  562 |                 Related claims
  563 |               </h2>

Parsing ecmascript source code failed @ http://localhost:3000/_next/static/chunks/1l_l_next_dist_0sxpgfl._.js:1945
[   11831ms] [ERROR] ./Dropbox (Maestral)/smarthumans.ai/src/app/claims/[slug]/page.tsx:560:32
Unexpected character '”'
  558 |
  559 |           {related.length > 0 && (
> 560 |             <section className=”mt-10”>
      |                                ^
  561 |               <h2 className=”border-b pb-2 text-xs font-semibold uppercase tracking-[0.12...
  562 |                 Related claims
  563 |               </h2>

Parsing ecmascript source code failed @ http://localhost:3000/_next/static/chunks/1l_l_next_dist_0sxpgfl._.js:1945
[   11886ms] [ERROR] ./Dropbox (Maestral)/smarthumans.ai/src/app/claims/[slug]/page.tsx:560:32
Unexpected character '”'
  558 |
  559 |           {related.length > 0 && (
> 560 |             <section className=”mt-10”>
      |                                ^
  561 |               <h2 className=”border-b pb-2 text-xs font-semibold uppercase tracking-[0.12...
  562 |                 Related claims
  563 |               </h2>

Parsing ecmascript source code failed @ http://localhost:3000/_next/static/chunks/1l_l_next_dist_0sxpgfl._.js:1945
[   11942ms] [ERROR] ./Dropbox (Maestral)/smarthumans.ai/src/app/claims/[slug]/page.tsx:560:32
Unexpected character '”'
  558 |
  559 |           {related.length > 0 && (
> 560 |             <section className=”mt-10”>
      |                                ^
  561 |               <h2 className=”border-b pb-2 text-xs font-semibold uppercase tracking-[0.12...
  562 |                 Related claims
  563 |               </h2>

Parsing ecmascript source code failed @ http://localhost:3000/_next/static/chunks/1l_l_next_dist_0sxpgfl._.js:1945
[   12000ms] [ERROR] ./Dropbox (Maestral)/smarthumans.ai/src/app/claims/[slug]/page.tsx:560:32
Unexpected character '”'
  558 |
  559 |           {related.length > 0 && (
> 560 |             <section className=”mt-10”>
      |                                ^
  561 |               <h2 className=”border-b pb-2 text-xs font-semibold uppercase tracking-[0.12...
  562 |                 Related claims
  563 |               </h2>

Parsing ecmascript source code failed @ http://localhost:3000/_next/static/chunks/1l_l_next_dist_0sxpgfl._.js:1945
[   12056ms] [ERROR] ./Dropbox (Maestral)/smarthumans.ai/src/app/claims/[slug]/page.tsx:560:32
Unexpected character '”'
  558 |
  559 |           {related.length > 0 && (
> 560 |             <section className=”mt-10”>
      |                                ^
  561 |               <h2 className=”border-b pb-2 text-xs font-semibold uppercase tracking-[0.12...
  562 |                 Related claims
  563 |               </h2>

Parsing ecmascript source code failed @ http://localhost:3000/_next/static/chunks/1l_l_next_dist_0sxpgfl._.js:1945
[   12114ms] [ERROR] ./Dropbox (Maestral)/smarthumans.ai/src/app/claims/[slug]/page.tsx:560:32
Unexpected character '”'
  558 |
  559 |           {related.length > 0 && (
> 560 |             <section className=”mt-10”>
      |                                ^
  561 |               <h2 className=”border-b pb-2 text-xs font-semibold uppercase tracking-[0.12...
  562 |                 Related claims
  563 |               </h2>

Parsing ecmascript source code failed @ http://localhost:3000/_next/static/chunks/1l_l_next_dist_0sxpgfl._.js:1945
[   12172ms] [ERROR] ./Dropbox (Maestral)/smarthumans.ai/src/app/claims/[slug]/page.tsx:560:32
Unexpected character '”'
  558 |
  559 |           {related.length > 0 && (
> 560 |             <section className=”mt-10”>
      |                                ^
  561 |               <h2 className=”border-b pb-2 text-xs font-semibold uppercase tracking-[0.12...
  562 |                 Related claims
  563 |               </h2>

Parsing ecmascript source code failed @ http://localhost:3000/_next/static/chunks/1l_l_next_dist_0sxpgfl._.js:1945
[   12229ms] [ERROR] ./Dropbox (Maestral)/smarthumans.ai/src/app/claims/[slug]/page.tsx:560:32
Unexpected character '”'
  558 |
  559 |           {related.length > 0 && (
> 560 |             <section className=”mt-10”>
      |                                ^
  561 |               <h2 className=”border-b pb-2 text-xs font-semibold uppercase tracking-[0.12...
  562 |                 Related claims
  563 |               </h2>

Parsing ecmascript source code failed @ http://localhost:3000/_next/static/chunks/1l_l_next_dist_0sxpgfl._.js:1945
[   12285ms] [ERROR] ./Dropbox (Maestral)/smarthumans.ai/src/app/claims/[slug]/page.tsx:560:32
Unexpected character '”'
  558 |
  559 |           {related.length > 0 && (
> 560 |             <section className=”mt-10”>
      |                                ^
  561 |               <h2 className=”border-b pb-2 text-xs font-semibold uppercase tracking-[0.12...
  562 |                 Related claims
  563 |               </h2>

Parsing ecmascript source code failed @ http://localhost:3000/_next/static/chunks/1l_l_next_dist_0sxpgfl._.js:1945
[   12342ms] [ERROR] ./Dropbox (Maestral)/smarthumans.ai/src/app/claims/[slug]/page.tsx:560:32
Unexpected character '”'
  558 |
  559 |           {related.length > 0 && (
> 560 |             <section className=”mt-10”>
      |                                ^
  561 |               <h2 className=”border-b pb-2 text-xs font-semibold uppercase tracking-[0.12...
  562 |                 Related claims
  563 |               </h2>

Parsing ecmascript source code failed @ http://localhost:3000/_next/static/chunks/1l_l_next_dist_0sxpgfl._.js:1945
[   12399ms] [ERROR] ./Dropbox (Maestral)/smarthumans.ai/src/app/claims/[slug]/page.tsx:560:32
Unexpected character '”'
  558 |
  559 |           {related.length > 0 && (
> 560 |             <section className=”mt-10”>
      |                                ^
  561 |               <h2 className=”border-b pb-2 text-xs font-semibold uppercase tracking-[0.12...
  562 |                 Related claims
  563 |               </h2>

Parsing ecmascript source code failed @ http://localhost:3000/_next/static/chunks/1l_l_next_dist_0sxpgfl._.js:1945
[   12455ms] [ERROR] ./Dropbox (Maestral)/smarthumans.ai/src/app/claims/[slug]/page.tsx:560:32
Unexpected character '”'
  558 |
  559 |           {related.length > 0 && (
> 560 |             <section className=”mt-10”>
      |                                ^
  561 |               <h2 className=”border-b pb-2 text-xs font-semibold uppercase tracking-[0.12...
  562 |                 Related claims
  563 |               </h2>

Parsing ecmascript source code failed @ http://localhost:3000/_next/static/chunks/1l_l_next_dist_0sxpgfl._.js:1945
[   12512ms] [ERROR] ./Dropbox (Maestral)/smarthumans.ai/src/app/claims/[slug]/page.tsx:560:32
Unexpected character '”'
  558 |
  559 |           {related.length > 0 && (
> 560 |             <section className=”mt-10”>
      |                                ^
  561 |               <h2 className=”border-b pb-2 text-xs font-semibold uppercase tracking-[0.12...
  562 |                 Related claims
  563 |               </h2>

Parsing ecmascript source code failed @ http://localhost:3000/_next/static/chunks/1l_l_next_dist_0sxpgfl._.js:1945
[   12569ms] [ERROR] ./Dropbox (Maestral)/smarthumans.ai/src/app/claims/[slug]/page.tsx:560:32
Unexpected character '”'
  558 |
  559 |           {related.length > 0 && (
> 560 |             <section className=”mt-10”>
      |                                ^
  561 |               <h2 className=”border-b pb-2 text-xs font-semibold uppercase tracking-[0.12...
  562 |                 Related claims
  563 |               </h2>

Parsing ecmascript source code failed @ http://localhost:3000/_next/static/chunks/1l_l_next_dist_0sxpgfl._.js:1945
[   12626ms] [ERROR] ./Dropbox (Maestral)/smarthumans.ai/src/app/claims/[slug]/page.tsx:560:32
Unexpected character '”'
  558 |
  559 |           {related.length > 0 && (
> 560 |             <section className=”mt-10”>
      |                                ^
  561 |               <h2 className=”border-b pb-2 text-xs font-semibold uppercase tracking-[0.12...
  562 |                 Related claims
  563 |               </h2>

Parsing ecmascript source code failed @ http://localhost:3000/_next/static/chunks/1l_l_next_dist_0sxpgfl._.js:1945
[   12682ms] [ERROR] ./Dropbox (Maestral)/smarthumans.ai/src/app/claims/[slug]/page.tsx:560:32
Unexpected character '”'
  558 |
  559 |           {related.length > 0 && (
> 560 |             <section className=”mt-10”>
      |                                ^
  561 |               <h2 className=”border-b pb-2 text-xs font-semibold uppercase tracking-[0.12...
  562 |                 Related claims
  563 |               </h2>

Parsing ecmascript source code failed @ http://localhost:3000/_next/static/chunks/1l_l_next_dist_0sxpgfl._.js:1945
[   12732ms] [ERROR] ./Dropbox (Maestral)/smarthumans.ai/src/app/claims/[slug]/page.tsx:560:32
Unexpected character '”'
  558 |
  559 |           {related.length > 0 && (
> 560 |             <section className=”mt-10”>
      |                                ^
  561 |               <h2 className=”border-b pb-2 text-xs font-semibold uppercase tracking-[0.12...
  562 |                 Related claims
  563 |               </h2>

Parsing ecmascript source code failed @ http://localhost:3000/_next/static/chunks/1l_l_next_dist_0sxpgfl._.js:1945
[   12788ms] [ERROR] ./Dropbox (Maestral)/smarthumans.ai/src/app/claims/[slug]/page.tsx:560:32
Unexpected character '”'
  558 |
  559 |           {related.length > 0 && (
> 560 |             <section className=”mt-10”>
      |                                ^
  561 |               <h2 className=”border-b pb-2 text-xs font-semibold uppercase tracking-[0.12...
  562 |                 Related claims
  563 |               </h2>

Parsing ecmascript source code failed @ http://localhost:3000/_next/static/chunks/1l_l_next_dist_0sxpgfl._.js:1945
[   12841ms] [ERROR] ./Dropbox (Maestral)/smarthumans.ai/src/app/claims/[slug]/page.tsx:560:32
Unexpected character '”'
  558 |
  559 |           {related.length > 0 && (
> 560 |             <section className=”mt-10”>
      |                                ^
  561 |               <h2 className=”border-b pb-2 text-xs font-semibold uppercase tracking-[0.12...
  562 |                 Related claims
  563 |               </h2>

Parsing ecmascript source code failed @ http://localhost:3000/_next/static/chunks/1l_l_next_dist_0sxpgfl._.js:1945
[   12897ms] [ERROR] ./Dropbox (Maestral)/smarthumans.ai/src/app/claims/[slug]/page.tsx:560:32
Unexpected character '”'
  558 |
  559 |           {related.length > 0 && (
> 560 |             <section className=”mt-10”>
      |                                ^
  561 |               <h2 className=”border-b pb-2 text-xs font-semibold uppercase tracking-[0.12...
  562 |                 Related claims
  563 |               </h2>

Parsing ecmascript source code failed @ http://localhost:3000/_next/static/chunks/1l_l_next_dist_0sxpgfl._.js:1945
[   12943ms] [ERROR] ./Dropbox (Maestral)/smarthumans.ai/src/app/claims/[slug]/page.tsx:560:32
Unexpected character '”'
  558 |
  559 |           {related.length > 0 && (
> 560 |             <section className=”mt-10”>
      |                                ^
  561 |               <h2 className=”border-b pb-2 text-xs font-semibold uppercase tracking-[0.12...
  562 |                 Related claims
  563 |               </h2>

Parsing ecmascript source code failed @ http://localhost:3000/_next/static/chunks/1l_l_next_dist_0sxpgfl._.js:1945
[   12999ms] [ERROR] ./Dropbox (Maestral)/smarthumans.ai/src/app/claims/[slug]/page.tsx:560:32
Unexpected character '”'
  558 |
  559 |           {related.length > 0 && (
> 560 |             <section className=”mt-10”>
      |                                ^
  561 |               <h2 className=”border-b pb-2 text-xs font-semibold uppercase tracking-[0.12...
  562 |                 Related claims
  563 |               </h2>

Parsing ecmascript source code failed @ http://localhost:3000/_next/static/chunks/1l_l_next_dist_0sxpgfl._.js:1945
[   13055ms] [ERROR] ./Dropbox (Maestral)/smarthumans.ai/src/app/claims/[slug]/page.tsx:560:32
Unexpected character '”'
  558 |
  559 |           {related.length > 0 && (
> 560 |             <section className=”mt-10”>
      |                                ^
  561 |               <h2 className=”border-b pb-2 text-xs font-semibold uppercase tracking-[0.12...
  562 |                 Related claims
  563 |               </h2>

Parsing ecmascript source code failed @ http://localhost:3000/_next/static/chunks/1l_l_next_dist_0sxpgfl._.js:1945
[   13111ms] [ERROR] ./Dropbox (Maestral)/smarthumans.ai/src/app/claims/[slug]/page.tsx:560:32
Unexpected character '”'
  558 |
  559 |           {related.length > 0 && (
> 560 |             <section className=”mt-10”>
      |                                ^
  561 |               <h2 className=”border-b pb-2 text-xs font-semibold uppercase tracking-[0.12...
  562 |                 Related claims
  563 |               </h2>

Parsing ecmascript source code failed @ http://localhost:3000/_next/static/chunks/1l_l_next_dist_0sxpgfl._.js:1945
[   13167ms] [ERROR] ./Dropbox (Maestral)/smarthumans.ai/src/app/claims/[slug]/page.tsx:560:32
Unexpected character '”'
  558 |
  559 |           {related.length > 0 && (
> 560 |             <section className=”mt-10”>
      |                                ^
  561 |               <h2 className=”border-b pb-2 text-xs font-semibold uppercase tracking-[0.12...
  562 |                 Related claims
  563 |               </h2>

Parsing ecmascript source code failed @ http://localhost:3000/_next/static/chunks/1l_l_next_dist_0sxpgfl._.js:1945
[   13223ms] [ERROR] ./Dropbox (Maestral)/smarthumans.ai/src/app/claims/[slug]/page.tsx:560:32
Unexpected character '”'
  558 |
  559 |           {related.length > 0 && (
> 560 |             <section className=”mt-10”>
      |                                ^
  561 |               <h2 className=”border-b pb-2 text-xs font-semibold uppercase tracking-[0.12...
  562 |                 Related claims
  563 |               </h2>

Parsing ecmascript source code failed @ http://localhost:3000/_next/static/chunks/1l_l_next_dist_0sxpgfl._.js:1945
[   13279ms] [ERROR] ./Dropbox (Maestral)/smarthumans.ai/src/app/claims/[slug]/page.tsx:560:32
Unexpected character '”'
  558 |
  559 |           {related.length > 0 && (
> 560 |             <section className=”mt-10”>
      |                                ^
  561 |               <h2 className=”border-b pb-2 text-xs font-semibold uppercase tracking-[0.12...
  562 |                 Related claims
  563 |               </h2>

Parsing ecmascript source code failed @ http://localhost:3000/_next/static/chunks/1l_l_next_dist_0sxpgfl._.js:1945
[   13335ms] [ERROR] ./Dropbox (Maestral)/smarthumans.ai/src/app/claims/[slug]/page.tsx:560:32
Unexpected character '”'
  558 |
  559 |           {related.length > 0 && (
> 560 |             <section className=”mt-10”>
      |                                ^
  561 |               <h2 className=”border-b pb-2 text-xs font-semibold uppercase tracking-[0.12...
  562 |                 Related claims
  563 |               </h2>

Parsing ecmascript source code failed @ http://localhost:3000/_next/static/chunks/1l_l_next_dist_0sxpgfl._.js:1945
[   13392ms] [ERROR] ./Dropbox (Maestral)/smarthumans.ai/src/app/claims/[slug]/page.tsx:560:32
Unexpected character '”'
  558 |
  559 |           {related.length > 0 && (
> 560 |             <section className=”mt-10”>
      |                                ^
  561 |               <h2 className=”border-b pb-2 text-xs font-semibold uppercase tracking-[0.12...
  562 |                 Related claims
  563 |               </h2>

Parsing ecmascript source code failed @ http://localhost:3000/_next/static/chunks/1l_l_next_dist_0sxpgfl._.js:1945
[   13448ms] [ERROR] ./Dropbox (Maestral)/smarthumans.ai/src/app/claims/[slug]/page.tsx:560:32
Unexpected character '”'
  558 |
  559 |           {related.length > 0 && (
> 560 |             <section className=”mt-10”>
      |                                ^
  561 |               <h2 className=”border-b pb-2 text-xs font-semibold uppercase tracking-[0.12...
  562 |                 Related claims
  563 |               </h2>

Parsing ecmascript source code failed @ http://localhost:3000/_next/static/chunks/1l_l_next_dist_0sxpgfl._.js:1945
[   13505ms] [ERROR] ./Dropbox (Maestral)/smarthumans.ai/src/app/claims/[slug]/page.tsx:560:32
Unexpected character '”'
  558 |
  559 |           {related.length > 0 && (
> 560 |             <section className=”mt-10”>
      |                                ^
  561 |               <h2 className=”border-b pb-2 text-xs font-semibold uppercase tracking-[0.12...
  562 |                 Related claims
  563 |               </h2>

Parsing ecmascript source code failed @ http://localhost:3000/_next/static/chunks/1l_l_next_dist_0sxpgfl._.js:1945
[   13561ms] [ERROR] ./Dropbox (Maestral)/smarthumans.ai/src/app/claims/[slug]/page.tsx:560:32
Unexpected character '”'
  558 |
  559 |           {related.length > 0 && (
> 560 |             <section className=”mt-10”>
      |                                ^
  561 |               <h2 className=”border-b pb-2 text-xs font-semibold uppercase tracking-[0.12...
  562 |                 Related claims
  563 |               </h2>

Parsing ecmascript source code failed @ http://localhost:3000/_next/static/chunks/1l_l_next_dist_0sxpgfl._.js:1945
[   13617ms] [ERROR] ./Dropbox (Maestral)/smarthumans.ai/src/app/claims/[slug]/page.tsx:560:32
Unexpected character '”'
  558 |
  559 |           {related.length > 0 && (
> 560 |             <section className=”mt-10”>
      |                                ^
  561 |               <h2 className=”border-b pb-2 text-xs font-semibold uppercase tracking-[0.12...
  562 |                 Related claims
  563 |               </h2>

Parsing ecmascript source code failed @ http://localhost:3000/_next/static/chunks/1l_l_next_dist_0sxpgfl._.js:1945
[   13674ms] [ERROR] ./Dropbox (Maestral)/smarthumans.ai/src/app/claims/[slug]/page.tsx:560:32
Unexpected character '”'
  558 |
  559 |           {related.length > 0 && (
> 560 |             <section className=”mt-10”>
      |                                ^
  561 |               <h2 className=”border-b pb-2 text-xs font-semibold uppercase tracking-[0.12...
  562 |                 Related claims
  563 |               </h2>

Parsing ecmascript source code failed @ http://localhost:3000/_next/static/chunks/1l_l_next_dist_0sxpgfl._.js:1945
[   13730ms] [ERROR] ./Dropbox (Maestral)/smarthumans.ai/src/app/claims/[slug]/page.tsx:560:32
Unexpected character '”'
  558 |
  559 |           {related.length > 0 && (
> 560 |             <section className=”mt-10”>
      |                                ^
  561 |               <h2 className=”border-b pb-2 text-xs font-semibold uppercase tracking-[0.12...
  562 |                 Related claims
  563 |               </h2>

Parsing ecmascript source code failed @ http://localhost:3000/_next/static/chunks/1l_l_next_dist_0sxpgfl._.js:1945
[   13777ms] [ERROR] ./Dropbox (Maestral)/smarthumans.ai/src/app/claims/[slug]/page.tsx:560:32
Unexpected character '”'
  558 |
  559 |           {related.length > 0 && (
> 560 |             <section className=”mt-10”>
      |                                ^
  561 |               <h2 className=”border-b pb-2 text-xs font-semibold uppercase tracking-[0.12...
  562 |                 Related claims
  563 |               </h2>

Parsing ecmascript source code failed @ http://localhost:3000/_next/static/chunks/1l_l_next_dist_0sxpgfl._.js:1945
[   13833ms] [ERROR] ./Dropbox (Maestral)/smarthumans.ai/src/app/claims/[slug]/page.tsx:560:32
Unexpected character '”'
  558 |
  559 |           {related.length > 0 && (
> 560 |             <section className=”mt-10”>
      |                                ^
  561 |               <h2 className=”border-b pb-2 text-xs font-semibold uppercase tracking-[0.12...
  562 |                 Related claims
  563 |               </h2>

Parsing ecmascript source code failed @ http://localhost:3000/_next/static/chunks/1l_l_next_dist_0sxpgfl._.js:1945
[   13890ms] [ERROR] ./Dropbox (Maestral)/smarthumans.ai/src/app/claims/[slug]/page.tsx:560:32
Unexpected character '”'
  558 |
  559 |           {related.length > 0 && (
> 560 |             <section className=”mt-10”>
      |                                ^
  561 |               <h2 className=”border-b pb-2 text-xs font-semibold uppercase tracking-[0.12...
  562 |                 Related claims
  563 |               </h2>

Parsing ecmascript source code failed @ http://localhost:3000/_next/static/chunks/1l_l_next_dist_0sxpgfl._.js:1945
[   13946ms] [ERROR] ./Dropbox (Maestral)/smarthumans.ai/src/app/claims/[slug]/page.tsx:560:32
Unexpected character '”'
  558 |
  559 |           {related.length > 0 && (
> 560 |             <section className=”mt-10”>
      |                                ^
  561 |               <h2 className=”border-b pb-2 text-xs font-semibold uppercase tracking-[0.12...
  562 |                 Related claims
  563 |               </h2>

Parsing ecmascript source code failed @ http://localhost:3000/_next/static/chunks/1l_l_next_dist_0sxpgfl._.js:1945
[   13994ms] [ERROR] ./Dropbox (Maestral)/smarthumans.ai/src/app/claims/[slug]/page.tsx:560:32
Unexpected character '”'
  558 |
  559 |           {related.length > 0 && (
> 560 |             <section className=”mt-10”>
      |                                ^
  561 |               <h2 className=”border-b pb-2 text-xs font-semibold uppercase tracking-[0.12...
  562 |                 Related claims
  563 |               </h2>

Parsing ecmascript source code failed @ http://localhost:3000/_next/static/chunks/1l_l_next_dist_0sxpgfl._.js:1945
[   14051ms] [ERROR] ./Dropbox (Maestral)/smarthumans.ai/src/app/claims/[slug]/page.tsx:560:32
Unexpected character '”'
  558 |
  559 |           {related.length > 0 && (
> 560 |             <section className=”mt-10”>
      |                                ^
  561 |               <h2 className=”border-b pb-2 text-xs font-semibold uppercase tracking-[0.12...
  562 |                 Related claims
  563 |               </h2>

Parsing ecmascript source code failed @ http://localhost:3000/_next/static/chunks/1l_l_next_dist_0sxpgfl._.js:1945
[   14105ms] [ERROR] ./Dropbox (Maestral)/smarthumans.ai/src/app/claims/[slug]/page.tsx:560:32
Unexpected character '”'
  558 |
  559 |           {related.length > 0 && (
> 560 |             <section className=”mt-10”>
      |                                ^
  561 |               <h2 className=”border-b pb-2 text-xs font-semibold uppercase tracking-[0.12...
  562 |                 Related claims
  563 |               </h2>

Parsing ecmascript source code failed @ http://localhost:3000/_next/static/chunks/1l_l_next_dist_0sxpgfl._.js:1945
[   14161ms] [ERROR] ./Dropbox (Maestral)/smarthumans.ai/src/app/claims/[slug]/page.tsx:560:32
Unexpected character '”'
  558 |
  559 |           {related.length > 0 && (
> 560 |             <section className=”mt-10”>
      |                                ^
  561 |               <h2 className=”border-b pb-2 text-xs font-semibold uppercase tracking-[0.12...
  562 |                 Related claims
  563 |               </h2>

Parsing ecmascript source code failed @ http://localhost:3000/_next/static/chunks/1l_l_next_dist_0sxpgfl._.js:1945
[   14218ms] [ERROR] ./Dropbox (Maestral)/smarthumans.ai/src/app/claims/[slug]/page.tsx:560:32
Unexpected character '”'
  558 |
  559 |           {related.length > 0 && (
> 560 |             <section className=”mt-10”>
      |                                ^
  561 |               <h2 className=”border-b pb-2 text-xs font-semibold uppercase tracking-[0.12...
  562 |                 Related claims
  563 |               </h2>

Parsing ecmascript source code failed @ http://localhost:3000/_next/static/chunks/1l_l_next_dist_0sxpgfl._.js:1945
[   14273ms] [ERROR] ./Dropbox (Maestral)/smarthumans.ai/src/app/claims/[slug]/page.tsx:560:32
Unexpected character '”'
  558 |
  559 |           {related.length > 0 && (
> 560 |             <section className=”mt-10”>
      |                                ^
  561 |               <h2 className=”border-b pb-2 text-xs font-semibold uppercase tracking-[0.12...
  562 |                 Related claims
  563 |               </h2>

Parsing ecmascript source code failed @ http://localhost:3000/_next/static/chunks/1l_l_next_dist_0sxpgfl._.js:1945
[   14323ms] [ERROR] ./Dropbox (Maestral)/smarthumans.ai/src/app/claims/[slug]/page.tsx:560:32
Unexpected character '”'
  558 |
  559 |           {related.length > 0 && (
> 560 |             <section className=”mt-10”>
      |                                ^
  561 |               <h2 className=”border-b pb-2 text-xs font-semibold uppercase tracking-[0.12...
  562 |                 Related claims
  563 |               </h2>

Parsing ecmascript source code failed @ http://localhost:3000/_next/static/chunks/1l_l_next_dist_0sxpgfl._.js:1945
[   14381ms] [ERROR] ./Dropbox (Maestral)/smarthumans.ai/src/app/claims/[slug]/page.tsx:560:32
Unexpected character '”'
  558 |
  559 |           {related.length > 0 && (
> 560 |             <section className=”mt-10”>
      |                                ^
  561 |               <h2 className=”border-b pb-2 text-xs font-semibold uppercase tracking-[0.12...
  562 |                 Related claims
  563 |               </h2>

Parsing ecmascript source code failed @ http://localhost:3000/_next/static/chunks/1l_l_next_dist_0sxpgfl._.js:1945
[   14437ms] [ERROR] ./Dropbox (Maestral)/smarthumans.ai/src/app/claims/[slug]/page.tsx:560:32
Unexpected character '”'
  558 |
  559 |           {related.length > 0 && (
> 560 |             <section className=”mt-10”>
      |                                ^
  561 |               <h2 className=”border-b pb-2 text-xs font-semibold uppercase tracking-[0.12...
  562 |                 Related claims
  563 |               </h2>

Parsing ecmascript source code failed @ http://localhost:3000/_next/static/chunks/1l_l_next_dist_0sxpgfl._.js:1945
[   14494ms] [ERROR] ./Dropbox (Maestral)/smarthumans.ai/src/app/claims/[slug]/page.tsx:560:32
Unexpected character '”'
  558 |
  559 |           {related.length > 0 && (
> 560 |             <section className=”mt-10”>
      |                                ^
  561 |               <h2 className=”border-b pb-2 text-xs font-semibold uppercase tracking-[0.12...
  562 |                 Related claims
  563 |               </h2>

Parsing ecmascript source code failed @ http://localhost:3000/_next/static/chunks/1l_l_next_dist_0sxpgfl._.js:1945
[   14551ms] [ERROR] ./Dropbox (Maestral)/smarthumans.ai/src/app/claims/[slug]/page.tsx:560:32
Unexpected character '”'
  558 |
  559 |           {related.length > 0 && (
> 560 |             <section className=”mt-10”>
      |                                ^
  561 |               <h2 className=”border-b pb-2 text-xs font-semibold uppercase tracking-[0.12...
  562 |                 Related claims
  563 |               </h2>

Parsing ecmascript source code failed @ http://localhost:3000/_next/static/chunks/1l_l_next_dist_0sxpgfl._.js:1945
[   14607ms] [ERROR] ./Dropbox (Maestral)/smarthumans.ai/src/app/claims/[slug]/page.tsx:560:32
Unexpected character '”'
  558 |
  559 |           {related.length > 0 && (
> 560 |             <section className=”mt-10”>
      |                                ^
  561 |               <h2 className=”border-b pb-2 text-xs font-semibold uppercase tracking-[0.12...
  562 |                 Related claims
  563 |               </h2>

Parsing ecmascript source code failed @ http://localhost:3000/_next/static/chunks/1l_l_next_dist_0sxpgfl._.js:1945
[   14664ms] [ERROR] ./Dropbox (Maestral)/smarthumans.ai/src/app/claims/[slug]/page.tsx:560:32
Unexpected character '”'
  558 |
  559 |           {related.length > 0 && (
> 560 |             <section className=”mt-10”>
      |                                ^
  561 |               <h2 className=”border-b pb-2 text-xs font-semibold uppercase tracking-[0.12...
  562 |                 Related claims
  563 |               </h2>

Parsing ecmascript source code failed @ http://localhost:3000/_next/static/chunks/1l_l_next_dist_0sxpgfl._.js:1945
[   14720ms] [ERROR] ./Dropbox (Maestral)/smarthumans.ai/src/app/claims/[slug]/page.tsx:560:32
Unexpected character '”'
  558 |
  559 |           {related.length > 0 && (
> 560 |             <section className=”mt-10”>
      |                                ^
  561 |               <h2 className=”border-b pb-2 text-xs font-semibold uppercase tracking-[0.12...
  562 |                 Related claims
  563 |               </h2>

Parsing ecmascript source code failed @ http://localhost:3000/_next/static/chunks/1l_l_next_dist_0sxpgfl._.js:1945
[   14778ms] [ERROR] ./Dropbox (Maestral)/smarthumans.ai/src/app/claims/[slug]/page.tsx:560:32
Unexpected character '”'
  558 |
  559 |           {related.length > 0 && (
> 560 |             <section className=”mt-10”>
      |                                ^
  561 |               <h2 className=”border-b pb-2 text-xs font-semibold uppercase tracking-[0.12...
  562 |                 Related claims
  563 |               </h2>

Parsing ecmascript source code failed @ http://localhost:3000/_next/static/chunks/1l_l_next_dist_0sxpgfl._.js:1945
[   14836ms] [ERROR] ./Dropbox (Maestral)/smarthumans.ai/src/app/claims/[slug]/page.tsx:560:32
Unexpected character '”'
  558 |
  559 |           {related.length > 0 && (
> 560 |             <section className=”mt-10”>
      |                                ^
  561 |               <h2 className=”border-b pb-2 text-xs font-semibold uppercase tracking-[0.12...
  562 |                 Related claims
  563 |               </h2>

Parsing ecmascript source code failed @ http://localhost:3000/_next/static/chunks/1l_l_next_dist_0sxpgfl._.js:1945
[   14894ms] [ERROR] ./Dropbox (Maestral)/smarthumans.ai/src/app/claims/[slug]/page.tsx:560:32
Unexpected character '”'
  558 |
  559 |           {related.length > 0 && (
> 560 |             <section className=”mt-10”>
      |                                ^
  561 |               <h2 className=”border-b pb-2 text-xs font-semibold uppercase tracking-[0.12...
  562 |                 Related claims
  563 |               </h2>

Parsing ecmascript source code failed @ http://localhost:3000/_next/static/chunks/1l_l_next_dist_0sxpgfl._.js:1945
[   14951ms] [ERROR] ./Dropbox (Maestral)/smarthumans.ai/src/app/claims/[slug]/page.tsx:560:32
Unexpected character '”'
  558 |
  559 |           {related.length > 0 && (
> 560 |             <section className=”mt-10”>
      |                                ^
  561 |               <h2 className=”border-b pb-2 text-xs font-semibold uppercase tracking-[0.12...
  562 |                 Related claims
  563 |               </h2>

Parsing ecmascript source code failed @ http://localhost:3000/_next/static/chunks/1l_l_next_dist_0sxpgfl._.js:1945
[   15007ms] [ERROR] ./Dropbox (Maestral)/smarthumans.ai/src/app/claims/[slug]/page.tsx:560:32
Unexpected character '”'
  558 |
  559 |           {related.length > 0 && (
> 560 |             <section className=”mt-10”>
      |                                ^
  561 |               <h2 className=”border-b pb-2 text-xs font-semibold uppercase tracking-[0.12...
  562 |                 Related claims
  563 |               </h2>

Parsing ecmascript source code failed @ http://localhost:3000/_next/static/chunks/1l_l_next_dist_0sxpgfl._.js:1945
[   15065ms] [ERROR] ./Dropbox (Maestral)/smarthumans.ai/src/app/claims/[slug]/page.tsx:560:32
Unexpected character '”'
  558 |
  559 |           {related.length > 0 && (
> 560 |             <section className=”mt-10”>
      |                                ^
  561 |               <h2 className=”border-b pb-2 text-xs font-semibold uppercase tracking-[0.12...
  562 |                 Related claims
  563 |               </h2>

Parsing ecmascript source code failed @ http://localhost:3000/_next/static/chunks/1l_l_next_dist_0sxpgfl._.js:1945
[   15120ms] [ERROR] ./Dropbox (Maestral)/smarthumans.ai/src/app/claims/[slug]/page.tsx:560:32
Unexpected character '”'
  558 |
  559 |           {related.length > 0 && (
> 560 |             <section className=”mt-10”>
      |                                ^
  561 |               <h2 className=”border-b pb-2 text-xs font-semibold uppercase tracking-[0.12...
  562 |                 Related claims
  563 |               </h2>

Parsing ecmascript source code failed @ http://localhost:3000/_next/static/chunks/1l_l_next_dist_0sxpgfl._.js:1945
[   15192ms] [ERROR] ./Dropbox (Maestral)/smarthumans.ai/src/app/claims/[slug]/page.tsx:560:32
Unexpected character '”'
  558 |
  559 |           {related.length > 0 && (
> 560 |             <section className=”mt-10”>
      |                                ^
  561 |               <h2 className=”border-b pb-2 text-xs font-semibold uppercase tracking-[0.12...
  562 |                 Related claims
  563 |               </h2>

Parsing ecmascript source code failed @ http://localhost:3000/_next/static/chunks/1l_l_next_dist_0sxpgfl._.js:1945
[   15249ms] [ERROR] ./Dropbox (Maestral)/smarthumans.ai/src/app/claims/[slug]/page.tsx:560:32
Unexpected character '”'
  558 |
  559 |           {related.length > 0 && (
> 560 |             <section className=”mt-10”>
      |                                ^
  561 |               <h2 className=”border-b pb-2 text-xs font-semibold uppercase tracking-[0.12...
  562 |                 Related claims
  563 |               </h2>

Parsing ecmascript source code failed @ http://localhost:3000/_next/static/chunks/1l_l_next_dist_0sxpgfl._.js:1945
[   15307ms] [ERROR] ./Dropbox (Maestral)/smarthumans.ai/src/app/claims/[slug]/page.tsx:560:32
Unexpected character '”'
  558 |
  559 |           {related.length > 0 && (
> 560 |             <section className=”mt-10”>
      |                                ^
  561 |               <h2 className=”border-b pb-2 text-xs font-semibold uppercase tracking-[0.12...
  562 |                 Related claims
  563 |               </h2>

Parsing ecmascript source code failed @ http://localhost:3000/_next/static/chunks/1l_l_next_dist_0sxpgfl._.js:1945
[   15365ms] [ERROR] ./Dropbox (Maestral)/smarthumans.ai/src/app/claims/[slug]/page.tsx:560:32
Unexpected character '”'
  558 |
  559 |           {related.length > 0 && (
> 560 |             <section className=”mt-10”>
      |                                ^
  561 |               <h2 className=”border-b pb-2 text-xs font-semibold uppercase tracking-[0.12...
  562 |                 Related claims
  563 |               </h2>

Parsing ecmascript source code failed @ http://localhost:3000/_next/static/chunks/1l_l_next_dist_0sxpgfl._.js:1945
[   15424ms] [ERROR] ./Dropbox (Maestral)/smarthumans.ai/src/app/claims/[slug]/page.tsx:560:32
Unexpected character '”'
  558 |
  559 |           {related.length > 0 && (
> 560 |             <section className=”mt-10”>
      |                                ^
  561 |               <h2 className=”border-b pb-2 text-xs font-semibold uppercase tracking-[0.12...
  562 |                 Related claims
  563 |               </h2>

Parsing ecmascript source code failed @ http://localhost:3000/_next/static/chunks/1l_l_next_dist_0sxpgfl._.js:1945
[   15481ms] [ERROR] ./Dropbox (Maestral)/smarthumans.ai/src/app/claims/[slug]/page.tsx:560:32
Unexpected character '”'
  558 |
  559 |           {related.length > 0 && (
> 560 |             <section className=”mt-10”>
      |                                ^
  561 |               <h2 className=”border-b pb-2 text-xs font-semibold uppercase tracking-[0.12...
  562 |                 Related claims
  563 |               </h2>

Parsing ecmascript source code failed @ http://localhost:3000/_next/static/chunks/1l_l_next_dist_0sxpgfl._.js:1945
[   15538ms] [ERROR] ./Dropbox (Maestral)/smarthumans.ai/src/app/claims/[slug]/page.tsx:560:32
Unexpected character '”'
  558 |
  559 |           {related.length > 0 && (
> 560 |             <section className=”mt-10”>
      |                                ^
  561 |               <h2 className=”border-b pb-2 text-xs font-semibold uppercase tracking-[0.12...
  562 |                 Related claims
  563 |               </h2>

Parsing ecmascript source code failed @ http://localhost:3000/_next/static/chunks/1l_l_next_dist_0sxpgfl._.js:1945
[   15591ms] [ERROR] ./Dropbox (Maestral)/smarthumans.ai/src/app/claims/[slug]/page.tsx:560:32
Unexpected character '”'
  558 |
  559 |           {related.length > 0 && (
> 560 |             <section className=”mt-10”>
      |                                ^
  561 |               <h2 className=”border-b pb-2 text-xs font-semibold uppercase tracking-[0.12...
  562 |                 Related claims
  563 |               </h2>

Parsing ecmascript source code failed @ http://localhost:3000/_next/static/chunks/1l_l_next_dist_0sxpgfl._.js:1945
[   15647ms] [ERROR] ./Dropbox (Maestral)/smarthumans.ai/src/app/claims/[slug]/page.tsx:560:32
Unexpected character '”'
  558 |
  559 |           {related.length > 0 && (
> 560 |             <section className=”mt-10”>
      |                                ^
  561 |               <h2 className=”border-b pb-2 text-xs font-semibold uppercase tracking-[0.12...
  562 |                 Related claims
  563 |               </h2>

Parsing ecmascript source code failed @ http://localhost:3000/_next/static/chunks/1l_l_next_dist_0sxpgfl._.js:1945
[   15705ms] [ERROR] ./Dropbox (Maestral)/smarthumans.ai/src/app/claims/[slug]/page.tsx:560:32
Unexpected character '”'
  558 |
  559 |           {related.length > 0 && (
> 560 |             <section className=”mt-10”>
      |                                ^
  561 |               <h2 className=”border-b pb-2 text-xs font-semibold uppercase tracking-[0.12...
  562 |                 Related claims
  563 |               </h2>

Parsing ecmascript source code failed @ http://localhost:3000/_next/static/chunks/1l_l_next_dist_0sxpgfl._.js:1945
[   15762ms] [ERROR] ./Dropbox (Maestral)/smarthumans.ai/src/app/claims/[slug]/page.tsx:560:32
Unexpected character '”'
  558 |
  559 |           {related.length > 0 && (
> 560 |             <section className=”mt-10”>
      |                                ^
  561 |               <h2 className=”border-b pb-2 text-xs font-semibold uppercase tracking-[0.12...
  562 |                 Related claims
  563 |               </h2>

Parsing ecmascript source code failed @ http://localhost:3000/_next/static/chunks/1l_l_next_dist_0sxpgfl._.js:1945
[   15818ms] [ERROR] ./Dropbox (Maestral)/smarthumans.ai/src/app/claims/[slug]/page.tsx:560:32
Unexpected character '”'
  558 |
  559 |           {related.length > 0 && (
> 560 |             <section className=”mt-10”>
      |                                ^
  561 |               <h2 className=”border-b pb-2 text-xs font-semibold uppercase tracking-[0.12...
  562 |                 Related claims
  563 |               </h2>

Parsing ecmascript source code failed @ http://localhost:3000/_next/static/chunks/1l_l_next_dist_0sxpgfl._.js:1945
[   15876ms] [ERROR] ./Dropbox (Maestral)/smarthumans.ai/src/app/claims/[slug]/page.tsx:560:32
Unexpected character '”'
  558 |
  559 |           {related.length > 0 && (
> 560 |             <section className=”mt-10”>
      |                                ^
  561 |               <h2 className=”border-b pb-2 text-xs font-semibold uppercase tracking-[0.12...
  562 |                 Related claims
  563 |               </h2>

Parsing ecmascript source code failed @ http://localhost:3000/_next/static/chunks/1l_l_next_dist_0sxpgfl._.js:1945
[   15931ms] [ERROR] ./Dropbox (Maestral)/smarthumans.ai/src/app/claims/[slug]/page.tsx:560:32
Unexpected character '”'
  558 |
  559 |           {related.length > 0 && (
> 560 |             <section className=”mt-10”>
      |                                ^
  561 |               <h2 className=”border-b pb-2 text-xs font-semibold uppercase tracking-[0.12...
  562 |                 Related claims
  563 |               </h2>

Parsing ecmascript source code failed @ http://localhost:3000/_next/static/chunks/1l_l_next_dist_0sxpgfl._.js:1945
[   15987ms] [ERROR] ./Dropbox (Maestral)/smarthumans.ai/src/app/claims/[slug]/page.tsx:560:32
Unexpected character '”'
  558 |
  559 |           {related.length > 0 && (
> 560 |             <section className=”mt-10”>
      |                                ^
  561 |               <h2 className=”border-b pb-2 text-xs font-semibold uppercase tracking-[0.12...
  562 |                 Related claims
  563 |               </h2>

Parsing ecmascript source code failed @ http://localhost:3000/_next/static/chunks/1l_l_next_dist_0sxpgfl._.js:1945
[   16046ms] [ERROR] ./Dropbox (Maestral)/smarthumans.ai/src/app/claims/[slug]/page.tsx:560:32
Unexpected character '”'
  558 |
  559 |           {related.length > 0 && (
> 560 |             <section className=”mt-10”>
      |                                ^
  561 |               <h2 className=”border-b pb-2 text-xs font-semibold uppercase tracking-[0.12...
  562 |                 Related claims
  563 |               </h2>

Parsing ecmascript source code failed @ http://localhost:3000/_next/static/chunks/1l_l_next_dist_0sxpgfl._.js:1945
[   16102ms] [ERROR] ./Dropbox (Maestral)/smarthumans.ai/src/app/claims/[slug]/page.tsx:560:32
Unexpected character '”'
  558 |
  559 |           {related.length > 0 && (
> 560 |             <section className=”mt-10”>
      |                                ^
  561 |               <h2 className=”border-b pb-2 text-xs font-semibold uppercase tracking-[0.12...
  562 |                 Related claims
  563 |               </h2>

Parsing ecmascript source code failed @ http://localhost:3000/_next/static/chunks/1l_l_next_dist_0sxpgfl._.js:1945
[   16173ms] [ERROR] ./Dropbox (Maestral)/smarthumans.ai/src/app/claims/[slug]/page.tsx:560:32
Unexpected character '”'
  558 |
  559 |           {related.length > 0 && (
> 560 |             <section className=”mt-10”>
      |                                ^
  561 |               <h2 className=”border-b pb-2 text-xs font-semibold uppercase tracking-[0.12...
  562 |                 Related claims
  563 |               </h2>

Parsing ecmascript source code failed @ http://localhost:3000/_next/static/chunks/1l_l_next_dist_0sxpgfl._.js:1945
[   16221ms] [ERROR] ./Dropbox (Maestral)/smarthumans.ai/src/app/claims/[slug]/page.tsx:560:32
Unexpected character '”'
  558 |
  559 |           {related.length > 0 && (
> 560 |             <section className=”mt-10”>
      |                                ^
  561 |               <h2 className=”border-b pb-2 text-xs font-semibold uppercase tracking-[0.12...
  562 |                 Related claims
  563 |               </h2>

Parsing ecmascript source code failed @ http://localhost:3000/_next/static/chunks/1l_l_next_dist_0sxpgfl._.js:1945
[   16278ms] [ERROR] ./Dropbox (Maestral)/smarthumans.ai/src/app/claims/[slug]/page.tsx:560:32
Unexpected character '”'
  558 |
  559 |           {related.length > 0 && (
> 560 |             <section className=”mt-10”>
      |                                ^
  561 |               <h2 className=”border-b pb-2 text-xs font-semibold uppercase tracking-[0.12...
  562 |                 Related claims
  563 |               </h2>

Parsing ecmascript source code failed @ http://localhost:3000/_next/static/chunks/1l_l_next_dist_0sxpgfl._.js:1945
[   16335ms] [ERROR] ./Dropbox (Maestral)/smarthumans.ai/src/app/claims/[slug]/page.tsx:560:32
Unexpected character '”'
  558 |
  559 |           {related.length > 0 && (
> 560 |             <section className=”mt-10”>
      |                                ^
  561 |               <h2 className=”border-b pb-2 text-xs font-semibold uppercase tracking-[0.12...
  562 |                 Related claims
  563 |               </h2>

Parsing ecmascript source code failed @ http://localhost:3000/_next/static/chunks/1l_l_next_dist_0sxpgfl._.js:1945
[   16392ms] [ERROR] ./Dropbox (Maestral)/smarthumans.ai/src/app/claims/[slug]/page.tsx:560:32
Unexpected character '”'
  558 |
  559 |           {related.length > 0 && (
> 560 |             <section className=”mt-10”>
      |                                ^
  561 |               <h2 className=”border-b pb-2 text-xs font-semibold uppercase tracking-[0.12...
  562 |                 Related claims
  563 |               </h2>

Parsing ecmascript source code failed @ http://localhost:3000/_next/static/chunks/1l_l_next_dist_0sxpgfl._.js:1945
[   16449ms] [ERROR] ./Dropbox (Maestral)/smarthumans.ai/src/app/claims/[slug]/page.tsx:560:32
Unexpected character '”'
  558 |
  559 |           {related.length > 0 && (
> 560 |             <section className=”mt-10”>
      |                                ^
  561 |               <h2 className=”border-b pb-2 text-xs font-semibold uppercase tracking-[0.12...
  562 |                 Related claims
  563 |               </h2>

Parsing ecmascript source code failed @ http://localhost:3000/_next/static/chunks/1l_l_next_dist_0sxpgfl._.js:1945
[   16505ms] [ERROR] ./Dropbox (Maestral)/smarthumans.ai/src/app/claims/[slug]/page.tsx:560:32
Unexpected character '”'
  558 |
  559 |           {related.length > 0 && (
> 560 |             <section className=”mt-10”>
      |                                ^
  561 |               <h2 className=”border-b pb-2 text-xs font-semibold uppercase tracking-[0.12...
  562 |                 Related claims
  563 |               </h2>

Parsing ecmascript source code failed @ http://localhost:3000/_next/static/chunks/1l_l_next_dist_0sxpgfl._.js:1945
[   16562ms] [ERROR] ./Dropbox (Maestral)/smarthumans.ai/src/app/claims/[slug]/page.tsx:560:32
Unexpected character '”'
  558 |
  559 |           {related.length > 0 && (
> 560 |             <section className=”mt-10”>
      |                                ^
  561 |               <h2 className=”border-b pb-2 text-xs font-semibold uppercase tracking-[0.12...
  562 |                 Related claims
  563 |               </h2>

Parsing ecmascript source code failed @ http://localhost:3000/_next/static/chunks/1l_l_next_dist_0sxpgfl._.js:1945
[   16617ms] [ERROR] ./Dropbox (Maestral)/smarthumans.ai/src/app/claims/[slug]/page.tsx:560:32
Unexpected character '”'
  558 |
  559 |           {related.length > 0 && (
> 560 |             <section className=”mt-10”>
      |                                ^
  561 |               <h2 className=”border-b pb-2 text-xs font-semibold uppercase tracking-[0.12...
  562 |                 Related claims
  563 |               </h2>

Parsing ecmascript source code failed @ http://localhost:3000/_next/static/chunks/1l_l_next_dist_0sxpgfl._.js:1945
[   16673ms] [ERROR] ./Dropbox (Maestral)/smarthumans.ai/src/app/claims/[slug]/page.tsx:560:32
Unexpected character '”'
  558 |
  559 |           {related.length > 0 && (
> 560 |             <section className=”mt-10”>
      |                                ^
  561 |               <h2 className=”border-b pb-2 text-xs font-semibold uppercase tracking-[0.12...
  562 |                 Related claims
  563 |               </h2>

Parsing ecmascript source code failed @ http://localhost:3000/_next/static/chunks/1l_l_next_dist_0sxpgfl._.js:1945
[   16730ms] [ERROR] ./Dropbox (Maestral)/smarthumans.ai/src/app/claims/[slug]/page.tsx:560:32
Unexpected character '”'
  558 |
  559 |           {related.length > 0 && (
> 560 |             <section className=”mt-10”>
      |                                ^
  561 |               <h2 className=”border-b pb-2 text-xs font-semibold uppercase tracking-[0.12...
  562 |                 Related claims
  563 |               </h2>

Parsing ecmascript source code failed @ http://localhost:3000/_next/static/chunks/1l_l_next_dist_0sxpgfl._.js:1945
[   16787ms] [ERROR] ./Dropbox (Maestral)/smarthumans.ai/src/app/claims/[slug]/page.tsx:560:32
Unexpected character '”'
  558 |
  559 |           {related.length > 0 && (
> 560 |             <section className=”mt-10”>
      |                                ^
  561 |               <h2 className=”border-b pb-2 text-xs font-semibold uppercase tracking-[0.12...
  562 |                 Related claims
  563 |               </h2>

Parsing ecmascript source code failed @ http://localhost:3000/_next/static/chunks/1l_l_next_dist_0sxpgfl._.js:1945
[   16843ms] [ERROR] ./Dropbox (Maestral)/smarthumans.ai/src/app/claims/[slug]/page.tsx:560:32
Unexpected character '”'
  558 |
  559 |           {related.length > 0 && (
> 560 |             <section className=”mt-10”>
      |                                ^
  561 |               <h2 className=”border-b pb-2 text-xs font-semibold uppercase tracking-[0.12...
  562 |                 Related claims
  563 |               </h2>

Parsing ecmascript source code failed @ http://localhost:3000/_next/static/chunks/1l_l_next_dist_0sxpgfl._.js:1945
[   16899ms] [ERROR] ./Dropbox (Maestral)/smarthumans.ai/src/app/claims/[slug]/page.tsx:560:32
Unexpected character '”'
  558 |
  559 |           {related.length > 0 && (
> 560 |             <section className=”mt-10”>
      |                                ^
  561 |               <h2 className=”border-b pb-2 text-xs font-semibold uppercase tracking-[0.12...
  562 |                 Related claims
  563 |               </h2>

Parsing ecmascript source code failed @ http://localhost:3000/_next/static/chunks/1l_l_next_dist_0sxpgfl._.js:1945
[   16956ms] [ERROR] ./Dropbox (Maestral)/smarthumans.ai/src/app/claims/[slug]/page.tsx:560:32
Unexpected character '”'
  558 |
  559 |           {related.length > 0 && (
> 560 |             <section className=”mt-10”>
      |                                ^
  561 |               <h2 className=”border-b pb-2 text-xs font-semibold uppercase tracking-[0.12...
  562 |                 Related claims
  563 |               </h2>

Parsing ecmascript source code failed @ http://localhost:3000/_next/static/chunks/1l_l_next_dist_0sxpgfl._.js:1945
[   17012ms] [ERROR] ./Dropbox (Maestral)/smarthumans.ai/src/app/claims/[slug]/page.tsx:560:32
Unexpected character '”'
  558 |
  559 |           {related.length > 0 && (
> 560 |             <section className=”mt-10”>
      |                                ^
  561 |               <h2 className=”border-b pb-2 text-xs font-semibold uppercase tracking-[0.12...
  562 |                 Related claims
  563 |               </h2>

Parsing ecmascript source code failed @ http://localhost:3000/_next/static/chunks/1l_l_next_dist_0sxpgfl._.js:1945
[   17070ms] [ERROR] ./Dropbox (Maestral)/smarthumans.ai/src/app/claims/[slug]/page.tsx:560:32
Unexpected character '”'
  558 |
  559 |           {related.length > 0 && (
> 560 |             <section className=”mt-10”>
      |                                ^
  561 |               <h2 className=”border-b pb-2 text-xs font-semibold uppercase tracking-[0.12...
  562 |                 Related claims
  563 |               </h2>

Parsing ecmascript source code failed @ http://localhost:3000/_next/static/chunks/1l_l_next_dist_0sxpgfl._.js:1945
[   17127ms] [ERROR] ./Dropbox (Maestral)/smarthumans.ai/src/app/claims/[slug]/page.tsx:560:32
Unexpected character '”'
  558 |
  559 |           {related.length > 0 && (
> 560 |             <section className=”mt-10”>
      |                                ^
  561 |               <h2 className=”border-b pb-2 text-xs font-semibold uppercase tracking-[0.12...
  562 |                 Related claims
  563 |               </h2>

Parsing ecmascript source code failed @ http://localhost:3000/_next/static/chunks/1l_l_next_dist_0sxpgfl._.js:1945
[   17176ms] [ERROR] ./Dropbox (Maestral)/smarthumans.ai/src/app/claims/[slug]/page.tsx:560:32
Unexpected character '”'
  558 |
  559 |           {related.length > 0 && (
> 560 |             <section className=”mt-10”>
      |                                ^
  561 |               <h2 className=”border-b pb-2 text-xs font-semibold uppercase tracking-[0.12...
  562 |                 Related claims
  563 |               </h2>

Parsing ecmascript source code failed @ http://localhost:3000/_next/static/chunks/1l_l_next_dist_0sxpgfl._.js:1945
[   17234ms] [ERROR] ./Dropbox (Maestral)/smarthumans.ai/src/app/claims/[slug]/page.tsx:560:32
Unexpected character '”'
  558 |
  559 |           {related.length > 0 && (
> 560 |             <section className=”mt-10”>
      |                                ^
  561 |               <h2 className=”border-b pb-2 text-xs font-semibold uppercase tracking-[0.12...
  562 |                 Related claims
  563 |               </h2>

Parsing ecmascript source code failed @ http://localhost:3000/_next/static/chunks/1l_l_next_dist_0sxpgfl._.js:1945
[   17290ms] [ERROR] ./Dropbox (Maestral)/smarthumans.ai/src/app/claims/[slug]/page.tsx:560:32
Unexpected character '”'
  558 |
  559 |           {related.length > 0 && (
> 560 |             <section className=”mt-10”>
      |                                ^
  561 |               <h2 className=”border-b pb-2 text-xs font-semibold uppercase tracking-[0.12...
  562 |                 Related claims
  563 |               </h2>

Parsing ecmascript source code failed @ http://localhost:3000/_next/static/chunks/1l_l_next_dist_0sxpgfl._.js:1945
[   17347ms] [ERROR] ./Dropbox (Maestral)/smarthumans.ai/src/app/claims/[slug]/page.tsx:560:32
Unexpected character '”'
  558 |
  559 |           {related.length > 0 && (
> 560 |             <section className=”mt-10”>
      |                                ^
  561 |               <h2 className=”border-b pb-2 text-xs font-semibold uppercase tracking-[0.12...
  562 |                 Related claims
  563 |               </h2>

Parsing ecmascript source code failed @ http://localhost:3000/_next/static/chunks/1l_l_next_dist_0sxpgfl._.js:1945
[   17404ms] [ERROR] ./Dropbox (Maestral)/smarthumans.ai/src/app/claims/[slug]/page.tsx:560:32
Unexpected character '”'
  558 |
  559 |           {related.length > 0 && (
> 560 |             <section className=”mt-10”>
      |                                ^
  561 |               <h2 className=”border-b pb-2 text-xs font-semibold uppercase tracking-[0.12...
  562 |                 Related claims
  563 |               </h2>

Parsing ecmascript source code failed @ http://localhost:3000/_next/static/chunks/1l_l_next_dist_0sxpgfl._.js:1945
[   17463ms] [ERROR] ./Dropbox (Maestral)/smarthumans.ai/src/app/claims/[slug]/page.tsx:560:32
Unexpected character '”'
  558 |
  559 |           {related.length > 0 && (
> 560 |             <section className=”mt-10”>
      |                                ^
  561 |               <h2 className=”border-b pb-2 text-xs font-semibold uppercase tracking-[0.12...
  562 |                 Related claims
  563 |               </h2>

Parsing ecmascript source code failed @ http://localhost:3000/_next/static/chunks/1l_l_next_dist_0sxpgfl._.js:1945
[   17522ms] [ERROR] ./Dropbox (Maestral)/smarthumans.ai/src/app/claims/[slug]/page.tsx:560:32
Unexpected character '”'
  558 |
  559 |           {related.length > 0 && (
> 560 |             <section className=”mt-10”>
      |                                ^
  561 |               <h2 className=”border-b pb-2 text-xs font-semibold uppercase tracking-[0.12...
  562 |                 Related claims
  563 |               </h2>

Parsing ecmascript source code failed @ http://localhost:3000/_next/static/chunks/1l_l_next_dist_0sxpgfl._.js:1945
[   17577ms] [ERROR] ./Dropbox (Maestral)/smarthumans.ai/src/app/claims/[slug]/page.tsx:560:32
Unexpected character '”'
  558 |
  559 |           {related.length > 0 && (
> 560 |             <section className=”mt-10”>
      |                                ^
  561 |               <h2 className=”border-b pb-2 text-xs font-semibold uppercase tracking-[0.12...
  562 |                 Related claims
  563 |               </h2>

Parsing ecmascript source code failed @ http://localhost:3000/_next/static/chunks/1l_l_next_dist_0sxpgfl._.js:1945
[   17633ms] [ERROR] ./Dropbox (Maestral)/smarthumans.ai/src/app/claims/[slug]/page.tsx:560:32
Unexpected character '”'
  558 |
  559 |           {related.length > 0 && (
> 560 |             <section className=”mt-10”>
      |                                ^
  561 |               <h2 className=”border-b pb-2 text-xs font-semibold uppercase tracking-[0.12...
  562 |                 Related claims
  563 |               </h2>

Parsing ecmascript source code failed @ http://localhost:3000/_next/static/chunks/1l_l_next_dist_0sxpgfl._.js:1945
[   17689ms] [ERROR] ./Dropbox (Maestral)/smarthumans.ai/src/app/claims/[slug]/page.tsx:560:32
Unexpected character '”'
  558 |
  559 |           {related.length > 0 && (
> 560 |             <section className=”mt-10”>
      |                                ^
  561 |               <h2 className=”border-b pb-2 text-xs font-semibold uppercase tracking-[0.12...
  562 |                 Related claims
  563 |               </h2>

Parsing ecmascript source code failed @ http://localhost:3000/_next/static/chunks/1l_l_next_dist_0sxpgfl._.js:1945
[   17746ms] [ERROR] ./Dropbox (Maestral)/smarthumans.ai/src/app/claims/[slug]/page.tsx:560:32
Unexpected character '”'
  558 |
  559 |           {related.length > 0 && (
> 560 |             <section className=”mt-10”>
      |                                ^
  561 |               <h2 className=”border-b pb-2 text-xs font-semibold uppercase tracking-[0.12...
  562 |                 Related claims
  563 |               </h2>

Parsing ecmascript source code failed @ http://localhost:3000/_next/static/chunks/1l_l_next_dist_0sxpgfl._.js:1945
[   17802ms] [ERROR] ./Dropbox (Maestral)/smarthumans.ai/src/app/claims/[slug]/page.tsx:560:32
Unexpected character '”'
  558 |
  559 |           {related.length > 0 && (
> 560 |             <section className=”mt-10”>
      |                                ^
  561 |               <h2 className=”border-b pb-2 text-xs font-semibold uppercase tracking-[0.12...
  562 |                 Related claims
  563 |               </h2>

Parsing ecmascript source code failed @ http://localhost:3000/_next/static/chunks/1l_l_next_dist_0sxpgfl._.js:1945
[   17859ms] [ERROR] ./Dropbox (Maestral)/smarthumans.ai/src/app/claims/[slug]/page.tsx:560:32
Unexpected character '”'
  558 |
  559 |           {related.length > 0 && (
> 560 |             <section className=”mt-10”>
      |                                ^
  561 |               <h2 className=”border-b pb-2 text-xs font-semibold uppercase tracking-[0.12...
  562 |                 Related claims
  563 |               </h2>

Parsing ecmascript source code failed @ http://localhost:3000/_next/static/chunks/1l_l_next_dist_0sxpgfl._.js:1945
[   17911ms] [ERROR] ./Dropbox (Maestral)/smarthumans.ai/src/app/claims/[slug]/page.tsx:560:32
Unexpected character '”'
  558 |
  559 |           {related.length > 0 && (
> 560 |             <section className=”mt-10”>
      |                                ^
  561 |               <h2 className=”border-b pb-2 text-xs font-semibold uppercase tracking-[0.12...
  562 |                 Related claims
  563 |               </h2>

Parsing ecmascript source code failed @ http://localhost:3000/_next/static/chunks/1l_l_next_dist_0sxpgfl._.js:1945
[   17966ms] [ERROR] ./Dropbox (Maestral)/smarthumans.ai/src/app/claims/[slug]/page.tsx:560:32
Unexpected character '”'
  558 |
  559 |           {related.length > 0 && (
> 560 |             <section className=”mt-10”>
      |                                ^
  561 |               <h2 className=”border-b pb-2 text-xs font-semibold uppercase tracking-[0.12...
  562 |                 Related claims
  563 |               </h2>

Parsing ecmascript source code failed @ http://localhost:3000/_next/static/chunks/1l_l_next_dist_0sxpgfl._.js:1945
[   18021ms] [ERROR] ./Dropbox (Maestral)/smarthumans.ai/src/app/claims/[slug]/page.tsx:560:32
Unexpected character '”'
  558 |
  559 |           {related.length > 0 && (
> 560 |             <section className=”mt-10”>
      |                                ^
  561 |               <h2 className=”border-b pb-2 text-xs font-semibold uppercase tracking-[0.12...
  562 |                 Related claims
  563 |               </h2>

Parsing ecmascript source code failed @ http://localhost:3000/_next/static/chunks/1l_l_next_dist_0sxpgfl._.js:1945
[   18077ms] [ERROR] ./Dropbox (Maestral)/smarthumans.ai/src/app/claims/[slug]/page.tsx:560:32
Unexpected character '”'
  558 |
  559 |           {related.length > 0 && (
> 560 |             <section className=”mt-10”>
      |                                ^
  561 |               <h2 className=”border-b pb-2 text-xs font-semibold uppercase tracking-[0.12...
  562 |                 Related claims
  563 |               </h2>

Parsing ecmascript source code failed @ http://localhost:3000/_next/static/chunks/1l_l_next_dist_0sxpgfl._.js:1945
[   18134ms] [ERROR] ./Dropbox (Maestral)/smarthumans.ai/src/app/claims/[slug]/page.tsx:560:32
Unexpected character '”'
  558 |
  559 |           {related.length > 0 && (
> 560 |             <section className=”mt-10”>
      |                                ^
  561 |               <h2 className=”border-b pb-2 text-xs font-semibold uppercase tracking-[0.12...
  562 |                 Related claims
  563 |               </h2>

Parsing ecmascript source code failed @ http://localhost:3000/_next/static/chunks/1l_l_next_dist_0sxpgfl._.js:1945
[   18190ms] [ERROR] ./Dropbox (Maestral)/smarthumans.ai/src/app/claims/[slug]/page.tsx:560:32
Unexpected character '”'
  558 |
  559 |           {related.length > 0 && (
> 560 |             <section className=”mt-10”>
      |                                ^
  561 |               <h2 className=”border-b pb-2 text-xs font-semibold uppercase tracking-[0.12...
  562 |                 Related claims
  563 |               </h2>

Parsing ecmascript source code failed @ http://localhost:3000/_next/static/chunks/1l_l_next_dist_0sxpgfl._.js:1945
[   18247ms] [ERROR] ./Dropbox (Maestral)/smarthumans.ai/src/app/claims/[slug]/page.tsx:560:32
Unexpected character '”'
  558 |
  559 |           {related.length > 0 && (
> 560 |             <section className=”mt-10”>
      |                                ^
  561 |               <h2 className=”border-b pb-2 text-xs font-semibold uppercase tracking-[0.12...
  562 |                 Related claims
  563 |               </h2>

Parsing ecmascript source code failed @ http://localhost:3000/_next/static/chunks/1l_l_next_dist_0sxpgfl._.js:1945
[   18302ms] [ERROR] ./Dropbox (Maestral)/smarthumans.ai/src/app/claims/[slug]/page.tsx:560:32
Unexpected character '”'
  558 |
  559 |           {related.length > 0 && (
> 560 |             <section className=”mt-10”>
      |                                ^
  561 |               <h2 className=”border-b pb-2 text-xs font-semibold uppercase tracking-[0.12...
  562 |                 Related claims
  563 |               </h2>

Parsing ecmascript source code failed @ http://localhost:3000/_next/static/chunks/1l_l_next_dist_0sxpgfl._.js:1945
[   18357ms] [ERROR] ./Dropbox (Maestral)/smarthumans.ai/src/app/claims/[slug]/page.tsx:560:32
Unexpected character '”'
  558 |
  559 |           {related.length > 0 && (
> 560 |             <section className=”mt-10”>
      |                                ^
  561 |               <h2 className=”border-b pb-2 text-xs font-semibold uppercase tracking-[0.12...
  562 |                 Related claims
  563 |               </h2>

Parsing ecmascript source code failed @ http://localhost:3000/_next/static/chunks/1l_l_next_dist_0sxpgfl._.js:1945
[   18413ms] [ERROR] ./Dropbox (Maestral)/smarthumans.ai/src/app/claims/[slug]/page.tsx:560:32
Unexpected character '”'
  558 |
  559 |           {related.length > 0 && (
> 560 |             <section className=”mt-10”>
      |                                ^
  561 |               <h2 className=”border-b pb-2 text-xs font-semibold uppercase tracking-[0.12...
  562 |                 Related claims
  563 |               </h2>

Parsing ecmascript source code failed @ http://localhost:3000/_next/static/chunks/1l_l_next_dist_0sxpgfl._.js:1945
[   18469ms] [ERROR] ./Dropbox (Maestral)/smarthumans.ai/src/app/claims/[slug]/page.tsx:560:32
Unexpected character '”'
  558 |
  559 |           {related.length > 0 && (
> 560 |             <section className=”mt-10”>
      |                                ^
  561 |               <h2 className=”border-b pb-2 text-xs font-semibold uppercase tracking-[0.12...
  562 |                 Related claims
  563 |               </h2>

Parsing ecmascript source code failed @ http://localhost:3000/_next/static/chunks/1l_l_next_dist_0sxpgfl._.js:1945
[   18525ms] [ERROR] ./Dropbox (Maestral)/smarthumans.ai/src/app/claims/[slug]/page.tsx:560:32
Unexpected character '”'
  558 |
  559 |           {related.length > 0 && (
> 560 |             <section className=”mt-10”>
      |                                ^
  561 |               <h2 className=”border-b pb-2 text-xs font-semibold uppercase tracking-[0.12...
  562 |                 Related claims
  563 |               </h2>

Parsing ecmascript source code failed @ http://localhost:3000/_next/static/chunks/1l_l_next_dist_0sxpgfl._.js:1945
[   18581ms] [ERROR] ./Dropbox (Maestral)/smarthumans.ai/src/app/claims/[slug]/page.tsx:560:32
Unexpected character '”'
  558 |
  559 |           {related.length > 0 && (
> 560 |             <section className=”mt-10”>
      |                                ^
  561 |               <h2 className=”border-b pb-2 text-xs font-semibold uppercase tracking-[0.12...
  562 |                 Related claims
  563 |               </h2>

Parsing ecmascript source code failed @ http://localhost:3000/_next/static/chunks/1l_l_next_dist_0sxpgfl._.js:1945
[   18640ms] [ERROR] ./Dropbox (Maestral)/smarthumans.ai/src/app/claims/[slug]/page.tsx:560:32
Unexpected character '”'
  558 |
  559 |           {related.length > 0 && (
> 560 |             <section className=”mt-10”>
      |                                ^
  561 |               <h2 className=”border-b pb-2 text-xs font-semibold uppercase tracking-[0.12...
  562 |                 Related claims
  563 |               </h2>

Parsing ecmascript source code failed @ http://localhost:3000/_next/static/chunks/1l_l_next_dist_0sxpgfl._.js:1945
[   18696ms] [ERROR] ./Dropbox (Maestral)/smarthumans.ai/src/app/claims/[slug]/page.tsx:560:32
Unexpected character '”'
  558 |
  559 |           {related.length > 0 && (
> 560 |             <section className=”mt-10”>
      |                                ^
  561 |               <h2 className=”border-b pb-2 text-xs font-semibold uppercase tracking-[0.12...
  562 |                 Related claims
  563 |               </h2>

Parsing ecmascript source code failed @ http://localhost:3000/_next/static/chunks/1l_l_next_dist_0sxpgfl._.js:1945
[   18752ms] [ERROR] ./Dropbox (Maestral)/smarthumans.ai/src/app/claims/[slug]/page.tsx:560:32
Unexpected character '”'
  558 |
  559 |           {related.length > 0 && (
> 560 |             <section className=”mt-10”>
      |                                ^
  561 |               <h2 className=”border-b pb-2 text-xs font-semibold uppercase tracking-[0.12...
  562 |                 Related claims
  563 |               </h2>

Parsing ecmascript source code failed @ http://localhost:3000/_next/static/chunks/1l_l_next_dist_0sxpgfl._.js:1945
[   18809ms] [ERROR] ./Dropbox (Maestral)/smarthumans.ai/src/app/claims/[slug]/page.tsx:560:32
Unexpected character '”'
  558 |
  559 |           {related.length > 0 && (
> 560 |             <section className=”mt-10”>
      |                                ^
  561 |               <h2 className=”border-b pb-2 text-xs font-semibold uppercase tracking-[0.12...
  562 |                 Related claims
  563 |               </h2>

Parsing ecmascript source code failed @ http://localhost:3000/_next/static/chunks/1l_l_next_dist_0sxpgfl._.js:1945
[   18866ms] [ERROR] ./Dropbox (Maestral)/smarthumans.ai/src/app/claims/[slug]/page.tsx:560:32
Unexpected character '”'
  558 |
  559 |           {related.length > 0 && (
> 560 |             <section className=”mt-10”>
      |                                ^
  561 |               <h2 className=”border-b pb-2 text-xs font-semibold uppercase tracking-[0.12...
  562 |                 Related claims
  563 |               </h2>

Parsing ecmascript source code failed @ http://localhost:3000/_next/static/chunks/1l_l_next_dist_0sxpgfl._.js:1945
[   18921ms] [ERROR] ./Dropbox (Maestral)/smarthumans.ai/src/app/claims/[slug]/page.tsx:560:32
Unexpected character '”'
  558 |
  559 |           {related.length > 0 && (
> 560 |             <section className=”mt-10”>
      |                                ^
  561 |               <h2 className=”border-b pb-2 text-xs font-semibold uppercase tracking-[0.12...
  562 |                 Related claims
  563 |               </h2>

Parsing ecmascript source code failed @ http://localhost:3000/_next/static/chunks/1l_l_next_dist_0sxpgfl._.js:1945
[   18978ms] [ERROR] ./Dropbox (Maestral)/smarthumans.ai/src/app/claims/[slug]/page.tsx:560:32
Unexpected character '”'
  558 |
  559 |           {related.length > 0 && (
> 560 |             <section className=”mt-10”>
      |                                ^
  561 |               <h2 className=”border-b pb-2 text-xs font-semibold uppercase tracking-[0.12...
  562 |                 Related claims
  563 |               </h2>

Parsing ecmascript source code failed @ http://localhost:3000/_next/static/chunks/1l_l_next_dist_0sxpgfl._.js:1945
[   19034ms] [ERROR] ./Dropbox (Maestral)/smarthumans.ai/src/app/claims/[slug]/page.tsx:560:32
Unexpected character '”'
  558 |
  559 |           {related.length > 0 && (
> 560 |             <section className=”mt-10”>
      |                                ^
  561 |               <h2 className=”border-b pb-2 text-xs font-semibold uppercase tracking-[0.12...
  562 |                 Related claims
  563 |               </h2>

Parsing ecmascript source code failed @ http://localhost:3000/_next/static/chunks/1l_l_next_dist_0sxpgfl._.js:1945
[   19089ms] [ERROR] ./Dropbox (Maestral)/smarthumans.ai/src/app/claims/[slug]/page.tsx:560:32
Unexpected character '”'
  558 |
  559 |           {related.length > 0 && (
> 560 |             <section className=”mt-10”>
      |                                ^
  561 |               <h2 className=”border-b pb-2 text-xs font-semibold uppercase tracking-[0.12...
  562 |                 Related claims
  563 |               </h2>

Parsing ecmascript source code failed @ http://localhost:3000/_next/static/chunks/1l_l_next_dist_0sxpgfl._.js:1945
[   19145ms] [ERROR] ./Dropbox (Maestral)/smarthumans.ai/src/app/claims/[slug]/page.tsx:560:32
Unexpected character '”'
  558 |
  559 |           {related.length > 0 && (
> 560 |             <section className=”mt-10”>
      |                                ^
  561 |               <h2 className=”border-b pb-2 text-xs font-semibold uppercase tracking-[0.12...
  562 |                 Related claims
  563 |               </h2>

Parsing ecmascript source code failed @ http://localhost:3000/_next/static/chunks/1l_l_next_dist_0sxpgfl._.js:1945
[   19202ms] [ERROR] ./Dropbox (Maestral)/smarthumans.ai/src/app/claims/[slug]/page.tsx:560:32
Unexpected character '”'
  558 |
  559 |           {related.length > 0 && (
> 560 |             <section className=”mt-10”>
      |                                ^
  561 |               <h2 className=”border-b pb-2 text-xs font-semibold uppercase tracking-[0.12...
  562 |                 Related claims
  563 |               </h2>

Parsing ecmascript source code failed @ http://localhost:3000/_next/static/chunks/1l_l_next_dist_0sxpgfl._.js:1945
[   19258ms] [ERROR] ./Dropbox (Maestral)/smarthumans.ai/src/app/claims/[slug]/page.tsx:560:32
Unexpected character '”'
  558 |
  559 |           {related.length > 0 && (
> 560 |             <section className=”mt-10”>
      |                                ^
  561 |               <h2 className=”border-b pb-2 text-xs font-semibold uppercase tracking-[0.12...
  562 |                 Related claims
  563 |               </h2>

Parsing ecmascript source code failed @ http://localhost:3000/_next/static/chunks/1l_l_next_dist_0sxpgfl._.js:1945
[   19316ms] [ERROR] ./Dropbox (Maestral)/smarthumans.ai/src/app/claims/[slug]/page.tsx:560:32
Unexpected character '”'
  558 |
  559 |           {related.length > 0 && (
> 560 |             <section className=”mt-10”>
      |                                ^
  561 |               <h2 className=”border-b pb-2 text-xs font-semibold uppercase tracking-[0.12...
  562 |                 Related claims
  563 |               </h2>

Parsing ecmascript source code failed @ http://localhost:3000/_next/static/chunks/1l_l_next_dist_0sxpgfl._.js:1945
[   19373ms] [ERROR] ./Dropbox (Maestral)/smarthumans.ai/src/app/claims/[slug]/page.tsx:560:32
Unexpected character '”'
  558 |
  559 |           {related.length > 0 && (
> 560 |             <section className=”mt-10”>
      |                                ^
  561 |               <h2 className=”border-b pb-2 text-xs font-semibold uppercase tracking-[0.12...
  562 |                 Related claims
  563 |               </h2>

Parsing ecmascript source code failed @ http://localhost:3000/_next/static/chunks/1l_l_next_dist_0sxpgfl._.js:1945
[   19428ms] [ERROR] ./Dropbox (Maestral)/smarthumans.ai/src/app/claims/[slug]/page.tsx:560:32
Unexpected character '”'
  558 |
  559 |           {related.length > 0 && (
> 560 |             <section className=”mt-10”>
      |                                ^
  561 |               <h2 className=”border-b pb-2 text-xs font-semibold uppercase tracking-[0.12...
  562 |                 Related claims
  563 |               </h2>

Parsing ecmascript source code failed @ http://localhost:3000/_next/static/chunks/1l_l_next_dist_0sxpgfl._.js:1945
[   19484ms] [ERROR] ./Dropbox (Maestral)/smarthumans.ai/src/app/claims/[slug]/page.tsx:560:32
Unexpected character '”'
  558 |
  559 |           {related.length > 0 && (
> 560 |             <section className=”mt-10”>
      |                                ^
  561 |               <h2 className=”border-b pb-2 text-xs font-semibold uppercase tracking-[0.12...
  562 |                 Related claims
  563 |               </h2>

Parsing ecmascript source code failed @ http://localhost:3000/_next/static/chunks/1l_l_next_dist_0sxpgfl._.js:1945
[   19540ms] [ERROR] ./Dropbox (Maestral)/smarthumans.ai/src/app/claims/[slug]/page.tsx:560:32
Unexpected character '”'
  558 |
  559 |           {related.length > 0 && (
> 560 |             <section className=”mt-10”>
      |                                ^
  561 |               <h2 className=”border-b pb-2 text-xs font-semibold uppercase tracking-[0.12...
  562 |                 Related claims
  563 |               </h2>

Parsing ecmascript source code failed @ http://localhost:3000/_next/static/chunks/1l_l_next_dist_0sxpgfl._.js:1945
[   19587ms] [ERROR] ./Dropbox (Maestral)/smarthumans.ai/src/app/claims/[slug]/page.tsx:560:32
Unexpected character '”'
  558 |
  559 |           {related.length > 0 && (
> 560 |             <section className=”mt-10”>
      |                                ^
  561 |               <h2 className=”border-b pb-2 text-xs font-semibold uppercase tracking-[0.12...
  562 |                 Related claims
  563 |               </h2>

Parsing ecmascript source code failed @ http://localhost:3000/_next/static/chunks/1l_l_next_dist_0sxpgfl._.js:1945
[   19642ms] [ERROR] ./Dropbox (Maestral)/smarthumans.ai/src/app/claims/[slug]/page.tsx:560:32
Unexpected character '”'
  558 |
  559 |           {related.length > 0 && (
> 560 |             <section className=”mt-10”>
      |                                ^
  561 |               <h2 className=”border-b pb-2 text-xs font-semibold uppercase tracking-[0.12...
  562 |                 Related claims
  563 |               </h2>

Parsing ecmascript source code failed @ http://localhost:3000/_next/static/chunks/1l_l_next_dist_0sxpgfl._.js:1945
[   19698ms] [ERROR] ./Dropbox (Maestral)/smarthumans.ai/src/app/claims/[slug]/page.tsx:560:32
Unexpected character '”'
  558 |
  559 |           {related.length > 0 && (
> 560 |             <section className=”mt-10”>
      |                                ^
  561 |               <h2 className=”border-b pb-2 text-xs font-semibold uppercase tracking-[0.12...
  562 |                 Related claims
  563 |               </h2>

Parsing ecmascript source code failed @ http://localhost:3000/_next/static/chunks/1l_l_next_dist_0sxpgfl._.js:1945
[   19755ms] [ERROR] ./Dropbox (Maestral)/smarthumans.ai/src/app/claims/[slug]/page.tsx:560:32
Unexpected character '”'
  558 |
  559 |           {related.length > 0 && (
> 560 |             <section className=”mt-10”>
      |                                ^
  561 |               <h2 className=”border-b pb-2 text-xs font-semibold uppercase tracking-[0.12...
  562 |                 Related claims
  563 |               </h2>

Parsing ecmascript source code failed @ http://localhost:3000/_next/static/chunks/1l_l_next_dist_0sxpgfl._.js:1945
[   19813ms] [ERROR] ./Dropbox (Maestral)/smarthumans.ai/src/app/claims/[slug]/page.tsx:560:32
Unexpected character '”'
  558 |
  559 |           {related.length > 0 && (
> 560 |             <section className=”mt-10”>
      |                                ^
  561 |               <h2 className=”border-b pb-2 text-xs font-semibold uppercase tracking-[0.12...
  562 |                 Related claims
  563 |               </h2>

Parsing ecmascript source code failed @ http://localhost:3000/_next/static/chunks/1l_l_next_dist_0sxpgfl._.js:1945
[   19871ms] [ERROR] ./Dropbox (Maestral)/smarthumans.ai/src/app/claims/[slug]/page.tsx:560:32
Unexpected character '”'
  558 |
  559 |           {related.length > 0 && (
> 560 |             <section className=”mt-10”>
      |                                ^
  561 |               <h2 className=”border-b pb-2 text-xs font-semibold uppercase tracking-[0.12...
  562 |                 Related claims
  563 |               </h2>

Parsing ecmascript source code failed @ http://localhost:3000/_next/static/chunks/1l_l_next_dist_0sxpgfl._.js:1945
[   19929ms] [ERROR] ./Dropbox (Maestral)/smarthumans.ai/src/app/claims/[slug]/page.tsx:560:32
Unexpected character '”'
  558 |
  559 |           {related.length > 0 && (
> 560 |             <section className=”mt-10”>
      |                                ^
  561 |               <h2 className=”border-b pb-2 text-xs font-semibold uppercase tracking-[0.12...
  562 |                 Related claims
  563 |               </h2>

Parsing ecmascript source code failed @ http://localhost:3000/_next/static/chunks/1l_l_next_dist_0sxpgfl._.js:1945
[   19976ms] [ERROR] ./Dropbox (Maestral)/smarthumans.ai/src/app/claims/[slug]/page.tsx:560:32
Unexpected character '”'
  558 |
  559 |           {related.length > 0 && (
> 560 |             <section className=”mt-10”>
      |                                ^
  561 |               <h2 className=”border-b pb-2 text-xs font-semibold uppercase tracking-[0.12...
  562 |                 Related claims
  563 |               </h2>

Parsing ecmascript source code failed @ http://localhost:3000/_next/static/chunks/1l_l_next_dist_0sxpgfl._.js:1945
[   20032ms] [ERROR] ./Dropbox (Maestral)/smarthumans.ai/src/app/claims/[slug]/page.tsx:560:32
Unexpected character '”'
  558 |
  559 |           {related.length > 0 && (
> 560 |             <section className=”mt-10”>
      |                                ^
  561 |               <h2 className=”border-b pb-2 text-xs font-semibold uppercase tracking-[0.12...
  562 |                 Related claims
  563 |               </h2>

Parsing ecmascript source code failed @ http://localhost:3000/_next/static/chunks/1l_l_next_dist_0sxpgfl._.js:1945
[   20088ms] [ERROR] ./Dropbox (Maestral)/smarthumans.ai/src/app/claims/[slug]/page.tsx:560:32
Unexpected character '”'
  558 |
  559 |           {related.length > 0 && (
> 560 |             <section className=”mt-10”>
      |                                ^
  561 |               <h2 className=”border-b pb-2 text-xs font-semibold uppercase tracking-[0.12...
  562 |                 Related claims
  563 |               </h2>

Parsing ecmascript source code failed @ http://localhost:3000/_next/static/chunks/1l_l_next_dist_0sxpgfl._.js:1945
[   20144ms] [ERROR] ./Dropbox (Maestral)/smarthumans.ai/src/app/claims/[slug]/page.tsx:560:32
Unexpected character '”'
  558 |
  559 |           {related.length > 0 && (
> 560 |             <section className=”mt-10”>
      |                                ^
  561 |               <h2 className=”border-b pb-2 text-xs font-semibold uppercase tracking-[0.12...
  562 |                 Related claims
  563 |               </h2>

Parsing ecmascript source code failed @ http://localhost:3000/_next/static/chunks/1l_l_next_dist_0sxpgfl._.js:1945
[   20201ms] [ERROR] ./Dropbox (Maestral)/smarthumans.ai/src/app/claims/[slug]/page.tsx:560:32
Unexpected character '”'
  558 |
  559 |           {related.length > 0 && (
> 560 |             <section className=”mt-10”>
      |                                ^
  561 |               <h2 className=”border-b pb-2 text-xs font-semibold uppercase tracking-[0.12...
  562 |                 Related claims
  563 |               </h2>

Parsing ecmascript source code failed @ http://localhost:3000/_next/static/chunks/1l_l_next_dist_0sxpgfl._.js:1945
[   20256ms] [ERROR] ./Dropbox (Maestral)/smarthumans.ai/src/app/claims/[slug]/page.tsx:560:32
Unexpected character '”'
  558 |
  559 |           {related.length > 0 && (
> 560 |             <section className=”mt-10”>
      |                                ^
  561 |               <h2 className=”border-b pb-2 text-xs font-semibold uppercase tracking-[0.12...
  562 |                 Related claims
  563 |               </h2>

Parsing ecmascript source code failed @ http://localhost:3000/_next/static/chunks/1l_l_next_dist_0sxpgfl._.js:1945
[   20313ms] [ERROR] ./Dropbox (Maestral)/smarthumans.ai/src/app/claims/[slug]/page.tsx:560:32
Unexpected character '”'
  558 |
  559 |           {related.length > 0 && (
> 560 |             <section className=”mt-10”>
      |                                ^
  561 |               <h2 className=”border-b pb-2 text-xs font-semibold uppercase tracking-[0.12...
  562 |                 Related claims
  563 |               </h2>

Parsing ecmascript source code failed @ http://localhost:3000/_next/static/chunks/1l_l_next_dist_0sxpgfl._.js:1945
[   20368ms] [ERROR] ./Dropbox (Maestral)/smarthumans.ai/src/app/claims/[slug]/page.tsx:560:32
Unexpected character '”'
  558 |
  559 |           {related.length > 0 && (
> 560 |             <section className=”mt-10”>
      |                                ^
  561 |               <h2 className=”border-b pb-2 text-xs font-semibold uppercase tracking-[0.12...
  562 |                 Related claims
  563 |               </h2>

Parsing ecmascript source code failed @ http://localhost:3000/_next/static/chunks/1l_l_next_dist_0sxpgfl._.js:1945
[   20426ms] [ERROR] ./Dropbox (Maestral)/smarthumans.ai/src/app/claims/[slug]/page.tsx:560:32
Unexpected character '”'
  558 |
  559 |           {related.length > 0 && (
> 560 |             <section className=”mt-10”>
      |                                ^
  561 |               <h2 className=”border-b pb-2 text-xs font-semibold uppercase tracking-[0.12...
  562 |                 Related claims
  563 |               </h2>

Parsing ecmascript source code failed @ http://localhost:3000/_next/static/chunks/1l_l_next_dist_0sxpgfl._.js:1945
[   20483ms] [ERROR] ./Dropbox (Maestral)/smarthumans.ai/src/app/claims/[slug]/page.tsx:560:32
Unexpected character '”'
  558 |
  559 |           {related.length > 0 && (
> 560 |             <section className=”mt-10”>
      |                                ^
  561 |               <h2 className=”border-b pb-2 text-xs font-semibold uppercase tracking-[0.12...
  562 |                 Related claims
  563 |               </h2>

Parsing ecmascript source code failed @ http://localhost:3000/_next/static/chunks/1l_l_next_dist_0sxpgfl._.js:1945
[   20540ms] [ERROR] ./Dropbox (Maestral)/smarthumans.ai/src/app/claims/[slug]/page.tsx:560:32
Unexpected character '”'
  558 |
  559 |           {related.length > 0 && (
> 560 |             <section className=”mt-10”>
      |                                ^
  561 |               <h2 className=”border-b pb-2 text-xs font-semibold uppercase tracking-[0.12...
  562 |                 Related claims
  563 |               </h2>

Parsing ecmascript source code failed @ http://localhost:3000/_next/static/chunks/1l_l_next_dist_0sxpgfl._.js:1945
[   20597ms] [ERROR] ./Dropbox (Maestral)/smarthumans.ai/src/app/claims/[slug]/page.tsx:560:32
Unexpected character '”'
  558 |
  559 |           {related.length > 0 && (
> 560 |             <section className=”mt-10”>
      |                                ^
  561 |               <h2 className=”border-b pb-2 text-xs font-semibold uppercase tracking-[0.12...
  562 |                 Related claims
  563 |               </h2>

Parsing ecmascript source code failed @ http://localhost:3000/_next/static/chunks/1l_l_next_dist_0sxpgfl._.js:1945
[   20653ms] [ERROR] ./Dropbox (Maestral)/smarthumans.ai/src/app/claims/[slug]/page.tsx:560:32
Unexpected character '”'
  558 |
  559 |           {related.length > 0 && (
> 560 |             <section className=”mt-10”>
      |                                ^
  561 |               <h2 className=”border-b pb-2 text-xs font-semibold uppercase tracking-[0.12...
  562 |                 Related claims
  563 |               </h2>

Parsing ecmascript source code failed @ http://localhost:3000/_next/static/chunks/1l_l_next_dist_0sxpgfl._.js:1945
[   20709ms] [ERROR] ./Dropbox (Maestral)/smarthumans.ai/src/app/claims/[slug]/page.tsx:560:32
Unexpected character '”'
  558 |
  559 |           {related.length > 0 && (
> 560 |             <section className=”mt-10”>
      |                                ^
  561 |               <h2 className=”border-b pb-2 text-xs font-semibold uppercase tracking-[0.12...
  562 |                 Related claims
  563 |               </h2>

Parsing ecmascript source code failed @ http://localhost:3000/_next/static/chunks/1l_l_next_dist_0sxpgfl._.js:1945
[   20766ms] [ERROR] ./Dropbox (Maestral)/smarthumans.ai/src/app/claims/[slug]/page.tsx:560:32
Unexpected character '”'
  558 |
  559 |           {related.length > 0 && (
> 560 |             <section className=”mt-10”>
      |                                ^
  561 |               <h2 className=”border-b pb-2 text-xs font-semibold uppercase tracking-[0.12...
  562 |                 Related claims
  563 |               </h2>

Parsing ecmascript source code failed @ http://localhost:3000/_next/static/chunks/1l_l_next_dist_0sxpgfl._.js:1945
[   20822ms] [ERROR] ./Dropbox (Maestral)/smarthumans.ai/src/app/claims/[slug]/page.tsx:560:32
Unexpected character '”'
  558 |
  559 |           {related.length > 0 && (
> 560 |             <section className=”mt-10”>
      |                                ^
  561 |               <h2 className=”border-b pb-2 text-xs font-semibold uppercase tracking-[0.12...
  562 |                 Related claims
  563 |               </h2>

Parsing ecmascript source code failed @ http://localhost:3000/_next/static/chunks/1l_l_next_dist_0sxpgfl._.js:1945
[   20880ms] [ERROR] ./Dropbox (Maestral)/smarthumans.ai/src/app/claims/[slug]/page.tsx:560:32
Unexpected character '”'
  558 |
  559 |           {related.length > 0 && (
> 560 |             <section className=”mt-10”>
      |                                ^
  561 |               <h2 className=”border-b pb-2 text-xs font-semibold uppercase tracking-[0.12...
  562 |                 Related claims
  563 |               </h2>

Parsing ecmascript source code failed @ http://localhost:3000/_next/static/chunks/1l_l_next_dist_0sxpgfl._.js:1945
[   20936ms] [ERROR] ./Dropbox (Maestral)/smarthumans.ai/src/app/claims/[slug]/page.tsx:560:32
Unexpected character '”'
  558 |
  559 |           {related.length > 0 && (
> 560 |             <section className=”mt-10”>
      |                                ^
  561 |               <h2 className=”border-b pb-2 text-xs font-semibold uppercase tracking-[0.12...
  562 |                 Related claims
  563 |               </h2>

Parsing ecmascript source code failed @ http://localhost:3000/_next/static/chunks/1l_l_next_dist_0sxpgfl._.js:1945
[   20993ms] [ERROR] ./Dropbox (Maestral)/smarthumans.ai/src/app/claims/[slug]/page.tsx:560:32
Unexpected character '”'
  558 |
  559 |           {related.length > 0 && (
> 560 |             <section className=”mt-10”>
      |                                ^
  561 |               <h2 className=”border-b pb-2 text-xs font-semibold uppercase tracking-[0.12...
  562 |                 Related claims
  563 |               </h2>

Parsing ecmascript source code failed @ http://localhost:3000/_next/static/chunks/1l_l_next_dist_0sxpgfl._.js:1945
[   21049ms] [ERROR] ./Dropbox (Maestral)/smarthumans.ai/src/app/claims/[slug]/page.tsx:560:32
Unexpected character '”'
  558 |
  559 |           {related.length > 0 && (
> 560 |             <section className=”mt-10”>
      |                                ^
  561 |               <h2 className=”border-b pb-2 text-xs font-semibold uppercase tracking-[0.12...
  562 |                 Related claims
  563 |               </h2>

Parsing ecmascript source code failed @ http://localhost:3000/_next/static/chunks/1l_l_next_dist_0sxpgfl._.js:1945
[   21103ms] [ERROR] ./Dropbox (Maestral)/smarthumans.ai/src/app/claims/[slug]/page.tsx:560:32
Unexpected character '”'
  558 |
  559 |           {related.length > 0 && (
> 560 |             <section className=”mt-10”>
      |                                ^
  561 |               <h2 className=”border-b pb-2 text-xs font-semibold uppercase tracking-[0.12...
  562 |                 Related claims
  563 |               </h2>

Parsing ecmascript source code failed @ http://localhost:3000/_next/static/chunks/1l_l_next_dist_0sxpgfl._.js:1945
[   21159ms] [ERROR] ./Dropbox (Maestral)/smarthumans.ai/src/app/claims/[slug]/page.tsx:560:32
Unexpected character '”'
  558 |
  559 |           {related.length > 0 && (
> 560 |             <section className=”mt-10”>
      |                                ^
  561 |               <h2 className=”border-b pb-2 text-xs font-semibold uppercase tracking-[0.12...
  562 |                 Related claims
  563 |               </h2>

Parsing ecmascript source code failed @ http://localhost:3000/_next/static/chunks/1l_l_next_dist_0sxpgfl._.js:1945
[   21215ms] [ERROR] ./Dropbox (Maestral)/smarthumans.ai/src/app/claims/[slug]/page.tsx:560:32
Unexpected character '”'
  558 |
  559 |           {related.length > 0 && (
> 560 |             <section className=”mt-10”>
      |                                ^
  561 |               <h2 className=”border-b pb-2 text-xs font-semibold uppercase tracking-[0.12...
  562 |                 Related claims
  563 |               </h2>

Parsing ecmascript source code failed @ http://localhost:3000/_next/static/chunks/1l_l_next_dist_0sxpgfl._.js:1945
[   21270ms] [ERROR] ./Dropbox (Maestral)/smarthumans.ai/src/app/claims/[slug]/page.tsx:560:32
Unexpected character '”'
  558 |
  559 |           {related.length > 0 && (
> 560 |             <section className=”mt-10”>
      |                                ^
  561 |               <h2 className=”border-b pb-2 text-xs font-semibold uppercase tracking-[0.12...
  562 |                 Related claims
  563 |               </h2>

Parsing ecmascript source code failed @ http://localhost:3000/_next/static/chunks/1l_l_next_dist_0sxpgfl._.js:1945
[   21327ms] [ERROR] ./Dropbox (Maestral)/smarthumans.ai/src/app/claims/[slug]/page.tsx:560:32
Unexpected character '”'
  558 |
  559 |           {related.length > 0 && (
> 560 |             <section className=”mt-10”>
      |                                ^
  561 |               <h2 className=”border-b pb-2 text-xs font-semibold uppercase tracking-[0.12...
  562 |                 Related claims
  563 |               </h2>

Parsing ecmascript source code failed @ http://localhost:3000/_next/static/chunks/1l_l_next_dist_0sxpgfl._.js:1945
[   21386ms] [ERROR] ./Dropbox (Maestral)/smarthumans.ai/src/app/claims/[slug]/page.tsx:560:32
Unexpected character '”'
  558 |
  559 |           {related.length > 0 && (
> 560 |             <section className=”mt-10”>
      |                                ^
  561 |               <h2 className=”border-b pb-2 text-xs font-semibold uppercase tracking-[0.12...
  562 |                 Related claims
  563 |               </h2>

Parsing ecmascript source code failed @ http://localhost:3000/_next/static/chunks/1l_l_next_dist_0sxpgfl._.js:1945
[   21441ms] [ERROR] ./Dropbox (Maestral)/smarthumans.ai/src/app/claims/[slug]/page.tsx:560:32
Unexpected character '”'
  558 |
  559 |           {related.length > 0 && (
> 560 |             <section className=”mt-10”>
      |                                ^
  561 |               <h2 className=”border-b pb-2 text-xs font-semibold uppercase tracking-[0.12...
  562 |                 Related claims
  563 |               </h2>

Parsing ecmascript source code failed @ http://localhost:3000/_next/static/chunks/1l_l_next_dist_0sxpgfl._.js:1945
[   21497ms] [ERROR] ./Dropbox (Maestral)/smarthumans.ai/src/app/claims/[slug]/page.tsx:560:32
Unexpected character '”'
  558 |
  559 |           {related.length > 0 && (
> 560 |             <section className=”mt-10”>
      |                                ^
  561 |               <h2 className=”border-b pb-2 text-xs font-semibold uppercase tracking-[0.12...
  562 |                 Related claims
  563 |               </h2>

Parsing ecmascript source code failed @ http://localhost:3000/_next/static/chunks/1l_l_next_dist_0sxpgfl._.js:1945
[   21553ms] [ERROR] ./Dropbox (Maestral)/smarthumans.ai/src/app/claims/[slug]/page.tsx:560:32
Unexpected character '”'
  558 |
  559 |           {related.length > 0 && (
> 560 |             <section className=”mt-10”>
      |                                ^
  561 |               <h2 className=”border-b pb-2 text-xs font-semibold uppercase tracking-[0.12...
  562 |                 Related claims
  563 |               </h2>

Parsing ecmascript source code failed @ http://localhost:3000/_next/static/chunks/1l_l_next_dist_0sxpgfl._.js:1945
[   21609ms] [ERROR] ./Dropbox (Maestral)/smarthumans.ai/src/app/claims/[slug]/page.tsx:560:32
Unexpected character '”'
  558 |
  559 |           {related.length > 0 && (
> 560 |             <section className=”mt-10”>
      |                                ^
  561 |               <h2 className=”border-b pb-2 text-xs font-semibold uppercase tracking-[0.12...
  562 |                 Related claims
  563 |               </h2>

Parsing ecmascript source code failed @ http://localhost:3000/_next/static/chunks/1l_l_next_dist_0sxpgfl._.js:1945
[   21665ms] [ERROR] ./Dropbox (Maestral)/smarthumans.ai/src/app/claims/[slug]/page.tsx:560:32
Unexpected character '”'
  558 |
  559 |           {related.length > 0 && (
> 560 |             <section className=”mt-10”>
      |                                ^
  561 |               <h2 className=”border-b pb-2 text-xs font-semibold uppercase tracking-[0.12...
  562 |                 Related claims
  563 |               </h2>

Parsing ecmascript source code failed @ http://localhost:3000/_next/static/chunks/1l_l_next_dist_0sxpgfl._.js:1945
[   21721ms] [ERROR] ./Dropbox (Maestral)/smarthumans.ai/src/app/claims/[slug]/page.tsx:560:32
Unexpected character '”'
  558 |
  559 |           {related.length > 0 && (
> 560 |             <section className=”mt-10”>
      |                                ^
  561 |               <h2 className=”border-b pb-2 text-xs font-semibold uppercase tracking-[0.12...
  562 |                 Related claims
  563 |               </h2>

Parsing ecmascript source code failed @ http://localhost:3000/_next/static/chunks/1l_l_next_dist_0sxpgfl._.js:1945
[   21778ms] [ERROR] ./Dropbox (Maestral)/smarthumans.ai/src/app/claims/[slug]/page.tsx:560:32
Unexpected character '”'
  558 |
  559 |           {related.length > 0 && (
> 560 |             <section className=”mt-10”>
      |                                ^
  561 |               <h2 className=”border-b pb-2 text-xs font-semibold uppercase tracking-[0.12...
  562 |                 Related claims
  563 |               </h2>

Parsing ecmascript source code failed @ http://localhost:3000/_next/static/chunks/1l_l_next_dist_0sxpgfl._.js:1945
[   21836ms] [ERROR] ./Dropbox (Maestral)/smarthumans.ai/src/app/claims/[slug]/page.tsx:560:32
Unexpected character '”'
  558 |
  559 |           {related.length > 0 && (
> 560 |             <section className=”mt-10”>
      |                                ^
  561 |               <h2 className=”border-b pb-2 text-xs font-semibold uppercase tracking-[0.12...
  562 |                 Related claims
  563 |               </h2>

Parsing ecmascript source code failed @ http://localhost:3000/_next/static/chunks/1l_l_next_dist_0sxpgfl._.js:1945
[   21896ms] [ERROR] ./Dropbox (Maestral)/smarthumans.ai/src/app/claims/[slug]/page.tsx:560:32
Unexpected character '”'
  558 |
  559 |           {related.length > 0 && (
> 560 |             <section className=”mt-10”>
      |                                ^
  561 |               <h2 className=”border-b pb-2 text-xs font-semibold uppercase tracking-[0.12...
  562 |                 Related claims
  563 |               </h2>

Parsing ecmascript source code failed @ http://localhost:3000/_next/static/chunks/1l_l_next_dist_0sxpgfl._.js:1945
[   21954ms] [ERROR] ./Dropbox (Maestral)/smarthumans.ai/src/app/claims/[slug]/page.tsx:560:32
Unexpected character '”'
  558 |
  559 |           {related.length > 0 && (
> 560 |             <section className=”mt-10”>
      |                                ^
  561 |               <h2 className=”border-b pb-2 text-xs font-semibold uppercase tracking-[0.12...
  562 |                 Related claims
  563 |               </h2>

Parsing ecmascript source code failed @ http://localhost:3000/_next/static/chunks/1l_l_next_dist_0sxpgfl._.js:1945
[   22011ms] [ERROR] ./Dropbox (Maestral)/smarthumans.ai/src/app/claims/[slug]/page.tsx:560:32
Unexpected character '”'
  558 |
  559 |           {related.length > 0 && (
> 560 |             <section className=”mt-10”>
      |                                ^
  561 |               <h2 className=”border-b pb-2 text-xs font-semibold uppercase tracking-[0.12...
  562 |                 Related claims
  563 |               </h2>

Parsing ecmascript source code failed @ http://localhost:3000/_next/static/chunks/1l_l_next_dist_0sxpgfl._.js:1945
[   22067ms] [ERROR] ./Dropbox (Maestral)/smarthumans.ai/src/app/claims/[slug]/page.tsx:560:32
Unexpected character '”'
  558 |
  559 |           {related.length > 0 && (
> 560 |             <section className=”mt-10”>
      |                                ^
  561 |               <h2 className=”border-b pb-2 text-xs font-semibold uppercase tracking-[0.12...
  562 |                 Related claims
  563 |               </h2>

Parsing ecmascript source code failed @ http://localhost:3000/_next/static/chunks/1l_l_next_dist_0sxpgfl._.js:1945
[   22125ms] [ERROR] ./Dropbox (Maestral)/smarthumans.ai/src/app/claims/[slug]/page.tsx:560:32
Unexpected character '”'
  558 |
  559 |           {related.length > 0 && (
> 560 |             <section className=”mt-10”>
      |                                ^
  561 |               <h2 className=”border-b pb-2 text-xs font-semibold uppercase tracking-[0.12...
  562 |                 Related claims
  563 |               </h2>

Parsing ecmascript source code failed @ http://localhost:3000/_next/static/chunks/1l_l_next_dist_0sxpgfl._.js:1945
[   22182ms] [ERROR] ./Dropbox (Maestral)/smarthumans.ai/src/app/claims/[slug]/page.tsx:560:32
Unexpected character '”'
  558 |
  559 |           {related.length > 0 && (
> 560 |             <section className=”mt-10”>
      |                                ^
  561 |               <h2 className=”border-b pb-2 text-xs font-semibold uppercase tracking-[0.12...
  562 |                 Related claims
  563 |               </h2>

Parsing ecmascript source code failed @ http://localhost:3000/_next/static/chunks/1l_l_next_dist_0sxpgfl._.js:1945
[   22238ms] [ERROR] ./Dropbox (Maestral)/smarthumans.ai/src/app/claims/[slug]/page.tsx:560:32
Unexpected character '”'
  558 |
  559 |           {related.length > 0 && (
> 560 |             <section className=”mt-10”>
      |                                ^
  561 |               <h2 className=”border-b pb-2 text-xs font-semibold uppercase tracking-[0.12...
  562 |                 Related claims
  563 |               </h2>

Parsing ecmascript source code failed @ http://localhost:3000/_next/static/chunks/1l_l_next_dist_0sxpgfl._.js:1945
[   22296ms] [ERROR] ./Dropbox (Maestral)/smarthumans.ai/src/app/claims/[slug]/page.tsx:560:32
Unexpected character '”'
  558 |
  559 |           {related.length > 0 && (
> 560 |             <section className=”mt-10”>
      |                                ^
  561 |               <h2 className=”border-b pb-2 text-xs font-semibold uppercase tracking-[0.12...
  562 |                 Related claims
  563 |               </h2>

Parsing ecmascript source code failed @ http://localhost:3000/_next/static/chunks/1l_l_next_dist_0sxpgfl._.js:1945
[   22353ms] [ERROR] ./Dropbox (Maestral)/smarthumans.ai/src/app/claims/[slug]/page.tsx:560:32
Unexpected character '”'
  558 |
  559 |           {related.length > 0 && (
> 560 |             <section className=”mt-10”>
      |                                ^
  561 |               <h2 className=”border-b pb-2 text-xs font-semibold uppercase tracking-[0.12...
  562 |                 Related claims
  563 |               </h2>

Parsing ecmascript source code failed @ http://localhost:3000/_next/static/chunks/1l_l_next_dist_0sxpgfl._.js:1945
[   22410ms] [ERROR] ./Dropbox (Maestral)/smarthumans.ai/src/app/claims/[slug]/page.tsx:560:32
Unexpected character '”'
  558 |
  559 |           {related.length > 0 && (
> 560 |             <section className=”mt-10”>
      |                                ^
  561 |               <h2 className=”border-b pb-2 text-xs font-semibold uppercase tracking-[0.12...
  562 |                 Related claims
  563 |               </h2>

Parsing ecmascript source code failed @ http://localhost:3000/_next/static/chunks/1l_l_next_dist_0sxpgfl._.js:1945
[   22467ms] [ERROR] ./Dropbox (Maestral)/smarthumans.ai/src/app/claims/[slug]/page.tsx:560:32
Unexpected character '”'
  558 |
  559 |           {related.length > 0 && (
> 560 |             <section className=”mt-10”>
      |                                ^
  561 |               <h2 className=”border-b pb-2 text-xs font-semibold uppercase tracking-[0.12...
  562 |                 Related claims
  563 |               </h2>

Parsing ecmascript source code failed @ http://localhost:3000/_next/static/chunks/1l_l_next_dist_0sxpgfl._.js:1945
[   22525ms] [ERROR] ./Dropbox (Maestral)/smarthumans.ai/src/app/claims/[slug]/page.tsx:560:32
Unexpected character '”'
  558 |
  559 |           {related.length > 0 && (
> 560 |             <section className=”mt-10”>
      |                                ^
  561 |               <h2 className=”border-b pb-2 text-xs font-semibold uppercase tracking-[0.12...
  562 |                 Related claims
  563 |               </h2>

Parsing ecmascript source code failed @ http://localhost:3000/_next/static/chunks/1l_l_next_dist_0sxpgfl._.js:1945
[   22582ms] [ERROR] ./Dropbox (Maestral)/smarthumans.ai/src/app/claims/[slug]/page.tsx:560:32
Unexpected character '”'
  558 |
  559 |           {related.length > 0 && (
> 560 |             <section className=”mt-10”>
      |                                ^
  561 |               <h2 className=”border-b pb-2 text-xs font-semibold uppercase tracking-[0.12...
  562 |                 Related claims
  563 |               </h2>

Parsing ecmascript source code failed @ http://localhost:3000/_next/static/chunks/1l_l_next_dist_0sxpgfl._.js:1945
[   22641ms] [ERROR] ./Dropbox (Maestral)/smarthumans.ai/src/app/claims/[slug]/page.tsx:560:32
Unexpected character '”'
  558 |
  559 |           {related.length > 0 && (
> 560 |             <section className=”mt-10”>
      |                                ^
  561 |               <h2 className=”border-b pb-2 text-xs font-semibold uppercase tracking-[0.12...
  562 |                 Related claims
  563 |               </h2>

Parsing ecmascript source code failed @ http://localhost:3000/_next/static/chunks/1l_l_next_dist_0sxpgfl._.js:1945
[   22696ms] [ERROR] ./Dropbox (Maestral)/smarthumans.ai/src/app/claims/[slug]/page.tsx:560:32
Unexpected character '”'
  558 |
  559 |           {related.length > 0 && (
> 560 |             <section className=”mt-10”>
      |                                ^
  561 |               <h2 className=”border-b pb-2 text-xs font-semibold uppercase tracking-[0.12...
  562 |                 Related claims
  563 |               </h2>

Parsing ecmascript source code failed @ http://localhost:3000/_next/static/chunks/1l_l_next_dist_0sxpgfl._.js:1945
[   22751ms] [ERROR] ./Dropbox (Maestral)/smarthumans.ai/src/app/claims/[slug]/page.tsx:560:32
Unexpected character '”'
  558 |
  559 |           {related.length > 0 && (
> 560 |             <section className=”mt-10”>
      |                                ^
  561 |               <h2 className=”border-b pb-2 text-xs font-semibold uppercase tracking-[0.12...
  562 |                 Related claims
  563 |               </h2>

Parsing ecmascript source code failed @ http://localhost:3000/_next/static/chunks/1l_l_next_dist_0sxpgfl._.js:1945
[   22807ms] [ERROR] ./Dropbox (Maestral)/smarthumans.ai/src/app/claims/[slug]/page.tsx:560:32
Unexpected character '”'
  558 |
  559 |           {related.length > 0 && (
> 560 |             <section className=”mt-10”>
      |                                ^
  561 |               <h2 className=”border-b pb-2 text-xs font-semibold uppercase tracking-[0.12...
  562 |                 Related claims
  563 |               </h2>

Parsing ecmascript source code failed @ http://localhost:3000/_next/static/chunks/1l_l_next_dist_0sxpgfl._.js:1945
[   22859ms] [ERROR] ./Dropbox (Maestral)/smarthumans.ai/src/app/claims/[slug]/page.tsx:560:32
Unexpected character '”'
  558 |
  559 |           {related.length > 0 && (
> 560 |             <section className=”mt-10”>
      |                                ^
  561 |               <h2 className=”border-b pb-2 text-xs font-semibold uppercase tracking-[0.12...
  562 |                 Related claims
  563 |               </h2>

Parsing ecmascript source code failed @ http://localhost:3000/_next/static/chunks/1l_l_next_dist_0sxpgfl._.js:1945
[   22915ms] [ERROR] ./Dropbox (Maestral)/smarthumans.ai/src/app/claims/[slug]/page.tsx:560:32
Unexpected character '”'
  558 |
  559 |           {related.length > 0 && (
> 560 |             <section className=”mt-10”>
      |                                ^
  561 |               <h2 className=”border-b pb-2 text-xs font-semibold uppercase tracking-[0.12...
  562 |                 Related claims
  563 |               </h2>

Parsing ecmascript source code failed @ http://localhost:3000/_next/static/chunks/1l_l_next_dist_0sxpgfl._.js:1945
[   22974ms] [ERROR] ./Dropbox (Maestral)/smarthumans.ai/src/app/claims/[slug]/page.tsx:560:32
Unexpected character '”'
  558 |
  559 |           {related.length > 0 && (
> 560 |             <section className=”mt-10”>
      |                                ^
  561 |               <h2 className=”border-b pb-2 text-xs font-semibold uppercase tracking-[0.12...
  562 |                 Related claims
  563 |               </h2>

Parsing ecmascript source code failed @ http://localhost:3000/_next/static/chunks/1l_l_next_dist_0sxpgfl._.js:1945
[   23032ms] [ERROR] ./Dropbox (Maestral)/smarthumans.ai/src/app/claims/[slug]/page.tsx:560:32
Unexpected character '”'
  558 |
  559 |           {related.length > 0 && (
> 560 |             <section className=”mt-10”>
      |                                ^
  561 |               <h2 className=”border-b pb-2 text-xs font-semibold uppercase tracking-[0.12...
  562 |                 Related claims
  563 |               </h2>

Parsing ecmascript source code failed @ http://localhost:3000/_next/static/chunks/1l_l_next_dist_0sxpgfl._.js:1945
[   23089ms] [ERROR] ./Dropbox (Maestral)/smarthumans.ai/src/app/claims/[slug]/page.tsx:560:32
Unexpected character '”'
  558 |
  559 |           {related.length > 0 && (
> 560 |             <section className=”mt-10”>
      |                                ^
  561 |               <h2 className=”border-b pb-2 text-xs font-semibold uppercase tracking-[0.12...
  562 |                 Related claims
  563 |               </h2>

Parsing ecmascript source code failed @ http://localhost:3000/_next/static/chunks/1l_l_next_dist_0sxpgfl._.js:1945
[   23145ms] [ERROR] ./Dropbox (Maestral)/smarthumans.ai/src/app/claims/[slug]/page.tsx:560:32
Unexpected character '”'
  558 |
  559 |           {related.length > 0 && (
> 560 |             <section className=”mt-10”>
      |                                ^
  561 |               <h2 className=”border-b pb-2 text-xs font-semibold uppercase tracking-[0.12...
  562 |                 Related claims
  563 |               </h2>

Parsing ecmascript source code failed @ http://localhost:3000/_next/static/chunks/1l_l_next_dist_0sxpgfl._.js:1945
[   23201ms] [ERROR] ./Dropbox (Maestral)/smarthumans.ai/src/app/claims/[slug]/page.tsx:560:32
Unexpected character '”'
  558 |
  559 |           {related.length > 0 && (
> 560 |             <section className=”mt-10”>
      |                                ^
  561 |               <h2 className=”border-b pb-2 text-xs font-semibold uppercase tracking-[0.12...
  562 |                 Related claims
  563 |               </h2>

Parsing ecmascript source code failed @ http://localhost:3000/_next/static/chunks/1l_l_next_dist_0sxpgfl._.js:1945
[   23258ms] [ERROR] ./Dropbox (Maestral)/smarthumans.ai/src/app/claims/[slug]/page.tsx:560:32
Unexpected character '”'
  558 |
  559 |           {related.length > 0 && (
> 560 |             <section className=”mt-10”>
      |                                ^
  561 |               <h2 className=”border-b pb-2 text-xs font-semibold uppercase tracking-[0.12...
  562 |                 Related claims
  563 |               </h2>

Parsing ecmascript source code failed @ http://localhost:3000/_next/static/chunks/1l_l_next_dist_0sxpgfl._.js:1945
[   23315ms] [ERROR] ./Dropbox (Maestral)/smarthumans.ai/src/app/claims/[slug]/page.tsx:560:32
Unexpected character '”'
  558 |
  559 |           {related.length > 0 && (
> 560 |             <section className=”mt-10”>
      |                                ^
  561 |               <h2 className=”border-b pb-2 text-xs font-semibold uppercase tracking-[0.12...
  562 |                 Related claims
  563 |               </h2>

Parsing ecmascript source code failed @ http://localhost:3000/_next/static/chunks/1l_l_next_dist_0sxpgfl._.js:1945
[   23362ms] [ERROR] ./Dropbox (Maestral)/smarthumans.ai/src/app/claims/[slug]/page.tsx:560:32
Unexpected character '”'
  558 |
  559 |           {related.length > 0 && (
> 560 |             <section className=”mt-10”>
      |                                ^
  561 |               <h2 className=”border-b pb-2 text-xs font-semibold uppercase tracking-[0.12...
  562 |                 Related claims
  563 |               </h2>

Parsing ecmascript source code failed @ http://localhost:3000/_next/static/chunks/1l_l_next_dist_0sxpgfl._.js:1945
[   23415ms] [ERROR] ./Dropbox (Maestral)/smarthumans.ai/src/app/claims/[slug]/page.tsx:560:32
Unexpected character '”'
  558 |
  559 |           {related.length > 0 && (
> 560 |             <section className=”mt-10”>
      |                                ^
  561 |               <h2 className=”border-b pb-2 text-xs font-semibold uppercase tracking-[0.12...
  562 |                 Related claims
  563 |               </h2>

Parsing ecmascript source code failed @ http://localhost:3000/_next/static/chunks/1l_l_next_dist_0sxpgfl._.js:1945
[   23461ms] [ERROR] ./Dropbox (Maestral)/smarthumans.ai/src/app/claims/[slug]/page.tsx:560:32
Unexpected character '”'
  558 |
  559 |           {related.length > 0 && (
> 560 |             <section className=”mt-10”>
      |                                ^
  561 |               <h2 className=”border-b pb-2 text-xs font-semibold uppercase tracking-[0.12...
  562 |                 Related claims
  563 |               </h2>

Parsing ecmascript source code failed @ http://localhost:3000/_next/static/chunks/1l_l_next_dist_0sxpgfl._.js:1945
[   23518ms] [ERROR] ./Dropbox (Maestral)/smarthumans.ai/src/app/claims/[slug]/page.tsx:560:32
Unexpected character '”'
  558 |
  559 |           {related.length > 0 && (
> 560 |             <section className=”mt-10”>
      |                                ^
  561 |               <h2 className=”border-b pb-2 text-xs font-semibold uppercase tracking-[0.12...
  562 |                 Related claims
  563 |               </h2>

Parsing ecmascript source code failed @ http://localhost:3000/_next/static/chunks/1l_l_next_dist_0sxpgfl._.js:1945
[   23570ms] [ERROR] ./Dropbox (Maestral)/smarthumans.ai/src/app/claims/[slug]/page.tsx:560:32
Unexpected character '”'
  558 |
  559 |           {related.length > 0 && (
> 560 |             <section className=”mt-10”>
      |                                ^
  561 |               <h2 className=”border-b pb-2 text-xs font-semibold uppercase tracking-[0.12...
  562 |                 Related claims
  563 |               </h2>

Parsing ecmascript source code failed @ http://localhost:3000/_next/static/chunks/1l_l_next_dist_0sxpgfl._.js:1945
[   23626ms] [ERROR] ./Dropbox (Maestral)/smarthumans.ai/src/app/claims/[slug]/page.tsx:560:32
Unexpected character '”'
  558 |
  559 |           {related.length > 0 && (
> 560 |             <section className=”mt-10”>
      |                                ^
  561 |               <h2 className=”border-b pb-2 text-xs font-semibold uppercase tracking-[0.12...
  562 |                 Related claims
  563 |               </h2>

Parsing ecmascript source code failed @ http://localhost:3000/_next/static/chunks/1l_l_next_dist_0sxpgfl._.js:1945
[   23683ms] [ERROR] ./Dropbox (Maestral)/smarthumans.ai/src/app/claims/[slug]/page.tsx:560:32
Unexpected character '”'
  558 |
  559 |           {related.length > 0 && (
> 560 |             <section className=”mt-10”>
      |                                ^
  561 |               <h2 className=”border-b pb-2 text-xs font-semibold uppercase tracking-[0.12...
  562 |                 Related claims
  563 |               </h2>

Parsing ecmascript source code failed @ http://localhost:3000/_next/static/chunks/1l_l_next_dist_0sxpgfl._.js:1945
[   23741ms] [ERROR] ./Dropbox (Maestral)/smarthumans.ai/src/app/claims/[slug]/page.tsx:560:32
Unexpected character '”'
  558 |
  559 |           {related.length > 0 && (
> 560 |             <section className=”mt-10”>
      |                                ^
  561 |               <h2 className=”border-b pb-2 text-xs font-semibold uppercase tracking-[0.12...
  562 |                 Related claims
  563 |               </h2>

Parsing ecmascript source code failed @ http://localhost:3000/_next/static/chunks/1l_l_next_dist_0sxpgfl._.js:1945
[   23799ms] [ERROR] ./Dropbox (Maestral)/smarthumans.ai/src/app/claims/[slug]/page.tsx:560:32
Unexpected character '”'
  558 |
  559 |           {related.length > 0 && (
> 560 |             <section className=”mt-10”>
      |                                ^
  561 |               <h2 className=”border-b pb-2 text-xs font-semibold uppercase tracking-[0.12...
  562 |                 Related claims
  563 |               </h2>

Parsing ecmascript source code failed @ http://localhost:3000/_next/static/chunks/1l_l_next_dist_0sxpgfl._.js:1945
[   23857ms] [ERROR] ./Dropbox (Maestral)/smarthumans.ai/src/app/claims/[slug]/page.tsx:560:32
Unexpected character '”'
  558 |
  559 |           {related.length > 0 && (
> 560 |             <section className=”mt-10”>
      |                                ^
  561 |               <h2 className=”border-b pb-2 text-xs font-semibold uppercase tracking-[0.12...
  562 |                 Related claims
  563 |               </h2>

Parsing ecmascript source code failed @ http://localhost:3000/_next/static/chunks/1l_l_next_dist_0sxpgfl._.js:1945
[   23916ms] [ERROR] ./Dropbox (Maestral)/smarthumans.ai/src/app/claims/[slug]/page.tsx:560:32
Unexpected character '”'
  558 |
  559 |           {related.length > 0 && (
> 560 |             <section className=”mt-10”>
      |                                ^
  561 |               <h2 className=”border-b pb-2 text-xs font-semibold uppercase tracking-[0.12...
  562 |                 Related claims
  563 |               </h2>

Parsing ecmascript source code failed @ http://localhost:3000/_next/static/chunks/1l_l_next_dist_0sxpgfl._.js:1945
[   23973ms] [ERROR] ./Dropbox (Maestral)/smarthumans.ai/src/app/claims/[slug]/page.tsx:560:32
Unexpected character '”'
  558 |
  559 |           {related.length > 0 && (
> 560 |             <section className=”mt-10”>
      |                                ^
  561 |               <h2 className=”border-b pb-2 text-xs font-semibold uppercase tracking-[0.12...
  562 |                 Related claims
  563 |               </h2>

Parsing ecmascript source code failed @ http://localhost:3000/_next/static/chunks/1l_l_next_dist_0sxpgfl._.js:1945
[   24031ms] [ERROR] ./Dropbox (Maestral)/smarthumans.ai/src/app/claims/[slug]/page.tsx:560:32
Unexpected character '”'
  558 |
  559 |           {related.length > 0 && (
> 560 |             <section className=”mt-10”>
      |                                ^
  561 |               <h2 className=”border-b pb-2 text-xs font-semibold uppercase tracking-[0.12...
  562 |                 Related claims
  563 |               </h2>

Parsing ecmascript source code failed @ http://localhost:3000/_next/static/chunks/1l_l_next_dist_0sxpgfl._.js:1945
[   24089ms] [ERROR] ./Dropbox (Maestral)/smarthumans.ai/src/app/claims/[slug]/page.tsx:560:32
Unexpected character '”'
  558 |
  559 |           {related.length > 0 && (
> 560 |             <section className=”mt-10”>
      |                                ^
  561 |               <h2 className=”border-b pb-2 text-xs font-semibold uppercase tracking-[0.12...
  562 |                 Related claims
  563 |               </h2>

Parsing ecmascript source code failed @ http://localhost:3000/_next/static/chunks/1l_l_next_dist_0sxpgfl._.js:1945
[   24147ms] [ERROR] ./Dropbox (Maestral)/smarthumans.ai/src/app/claims/[slug]/page.tsx:560:32
Unexpected character '”'
  558 |
  559 |           {related.length > 0 && (
> 560 |             <section className=”mt-10”>
      |                                ^
  561 |               <h2 className=”border-b pb-2 text-xs font-semibold uppercase tracking-[0.12...
  562 |                 Related claims
  563 |               </h2>

Parsing ecmascript source code failed @ http://localhost:3000/_next/static/chunks/1l_l_next_dist_0sxpgfl._.js:1945
[   24204ms] [ERROR] ./Dropbox (Maestral)/smarthumans.ai/src/app/claims/[slug]/page.tsx:560:32
Unexpected character '”'
  558 |
  559 |           {related.length > 0 && (
> 560 |             <section className=”mt-10”>
      |                                ^
  561 |               <h2 className=”border-b pb-2 text-xs font-semibold uppercase tracking-[0.12...
  562 |                 Related claims
  563 |               </h2>

Parsing ecmascript source code failed @ http://localhost:3000/_next/static/chunks/1l_l_next_dist_0sxpgfl._.js:1945
[   24262ms] [ERROR] ./Dropbox (Maestral)/smarthumans.ai/src/app/claims/[slug]/page.tsx:560:32
Unexpected character '”'
  558 |
  559 |           {related.length > 0 && (
> 560 |             <section className=”mt-10”>
      |                                ^
  561 |               <h2 className=”border-b pb-2 text-xs font-semibold uppercase tracking-[0.12...
  562 |                 Related claims
  563 |               </h2>

Parsing ecmascript source code failed @ http://localhost:3000/_next/static/chunks/1l_l_next_dist_0sxpgfl._.js:1945
[   24319ms] [ERROR] ./Dropbox (Maestral)/smarthumans.ai/src/app/claims/[slug]/page.tsx:560:32
Unexpected character '”'
  558 |
  559 |           {related.length > 0 && (
> 560 |             <section className=”mt-10”>
      |                                ^
  561 |               <h2 className=”border-b pb-2 text-xs font-semibold uppercase tracking-[0.12...
  562 |                 Related claims
  563 |               </h2>

Parsing ecmascript source code failed @ http://localhost:3000/_next/static/chunks/1l_l_next_dist_0sxpgfl._.js:1945
[   24377ms] [ERROR] ./Dropbox (Maestral)/smarthumans.ai/src/app/claims/[slug]/page.tsx:560:32
Unexpected character '”'
  558 |
  559 |           {related.length > 0 && (
> 560 |             <section className=”mt-10”>
      |                                ^
  561 |               <h2 className=”border-b pb-2 text-xs font-semibold uppercase tracking-[0.12...
  562 |                 Related claims
  563 |               </h2>

Parsing ecmascript source code failed @ http://localhost:3000/_next/static/chunks/1l_l_next_dist_0sxpgfl._.js:1945
[   24433ms] [ERROR] ./Dropbox (Maestral)/smarthumans.ai/src/app/claims/[slug]/page.tsx:560:32
Unexpected character '”'
  558 |
  559 |           {related.length > 0 && (
> 560 |             <section className=”mt-10”>
      |                                ^
  561 |               <h2 className=”border-b pb-2 text-xs font-semibold uppercase tracking-[0.12...
  562 |                 Related claims
  563 |               </h2>

Parsing ecmascript source code failed @ http://localhost:3000/_next/static/chunks/1l_l_next_dist_0sxpgfl._.js:1945
[   24491ms] [ERROR] ./Dropbox (Maestral)/smarthumans.ai/src/app/claims/[slug]/page.tsx:560:32
Unexpected character '”'
  558 |
  559 |           {related.length > 0 && (
> 560 |             <section className=”mt-10”>
      |                                ^
  561 |               <h2 className=”border-b pb-2 text-xs font-semibold uppercase tracking-[0.12...
  562 |                 Related claims
  563 |               </h2>

Parsing ecmascript source code failed @ http://localhost:3000/_next/static/chunks/1l_l_next_dist_0sxpgfl._.js:1945
[   24547ms] [ERROR] ./Dropbox (Maestral)/smarthumans.ai/src/app/claims/[slug]/page.tsx:560:32
Unexpected character '”'
  558 |
  559 |           {related.length > 0 && (
> 560 |             <section className=”mt-10”>
      |                                ^
  561 |               <h2 className=”border-b pb-2 text-xs font-semibold uppercase tracking-[0.12...
  562 |                 Related claims
  563 |               </h2>

Parsing ecmascript source code failed @ http://localhost:3000/_next/static/chunks/1l_l_next_dist_0sxpgfl._.js:1945
[   24602ms] [ERROR] ./Dropbox (Maestral)/smarthumans.ai/src/app/claims/[slug]/page.tsx:560:32
Unexpected character '”'
  558 |
  559 |           {related.length > 0 && (
> 560 |             <section className=”mt-10”>
      |                                ^
  561 |               <h2 className=”border-b pb-2 text-xs font-semibold uppercase tracking-[0.12...
  562 |                 Related claims
  563 |               </h2>

Parsing ecmascript source code failed @ http://localhost:3000/_next/static/chunks/1l_l_next_dist_0sxpgfl._.js:1945
[   24659ms] [ERROR] ./Dropbox (Maestral)/smarthumans.ai/src/app/claims/[slug]/page.tsx:560:32
Unexpected character '”'
  558 |
  559 |           {related.length > 0 && (
> 560 |             <section className=”mt-10”>
      |                                ^
  561 |               <h2 className=”border-b pb-2 text-xs font-semibold uppercase tracking-[0.12...
  562 |                 Related claims
  563 |               </h2>

Parsing ecmascript source code failed @ http://localhost:3000/_next/static/chunks/1l_l_next_dist_0sxpgfl._.js:1945
[   24716ms] [ERROR] ./Dropbox (Maestral)/smarthumans.ai/src/app/claims/[slug]/page.tsx:560:32
Unexpected character '”'
  558 |
  559 |           {related.length > 0 && (
> 560 |             <section className=”mt-10”>
      |                                ^
  561 |               <h2 className=”border-b pb-2 text-xs font-semibold uppercase tracking-[0.12...
  562 |                 Related claims
  563 |               </h2>

Parsing ecmascript source code failed @ http://localhost:3000/_next/static/chunks/1l_l_next_dist_0sxpgfl._.js:1945
[   24774ms] [ERROR] ./Dropbox (Maestral)/smarthumans.ai/src/app/claims/[slug]/page.tsx:560:32
Unexpected character '”'
  558 |
  559 |           {related.length > 0 && (
> 560 |             <section className=”mt-10”>
      |                                ^
  561 |               <h2 className=”border-b pb-2 text-xs font-semibold uppercase tracking-[0.12...
  562 |                 Related claims
  563 |               </h2>

Parsing ecmascript source code failed @ http://localhost:3000/_next/static/chunks/1l_l_next_dist_0sxpgfl._.js:1945
[   24831ms] [ERROR] ./Dropbox (Maestral)/smarthumans.ai/src/app/claims/[slug]/page.tsx:560:32
Unexpected character '”'
  558 |
  559 |           {related.length > 0 && (
> 560 |             <section className=”mt-10”>
      |                                ^
  561 |               <h2 className=”border-b pb-2 text-xs font-semibold uppercase tracking-[0.12...
  562 |                 Related claims
  563 |               </h2>

Parsing ecmascript source code failed @ http://localhost:3000/_next/static/chunks/1l_l_next_dist_0sxpgfl._.js:1945
[   24889ms] [ERROR] ./Dropbox (Maestral)/smarthumans.ai/src/app/claims/[slug]/page.tsx:560:32
Unexpected character '”'
  558 |
  559 |           {related.length > 0 && (
> 560 |             <section className=”mt-10”>
      |                                ^
  561 |               <h2 className=”border-b pb-2 text-xs font-semibold uppercase tracking-[0.12...
  562 |                 Related claims
  563 |               </h2>

Parsing ecmascript source code failed @ http://localhost:3000/_next/static/chunks/1l_l_next_dist_0sxpgfl._.js:1945
[   24948ms] [ERROR] ./Dropbox (Maestral)/smarthumans.ai/src/app/claims/[slug]/page.tsx:560:32
Unexpected character '”'
  558 |
  559 |           {related.length > 0 && (
> 560 |             <section className=”mt-10”>
      |                                ^
  561 |               <h2 className=”border-b pb-2 text-xs font-semibold uppercase tracking-[0.12...
  562 |                 Related claims
  563 |               </h2>

Parsing ecmascript source code failed @ http://localhost:3000/_next/static/chunks/1l_l_next_dist_0sxpgfl._.js:1945
[   25003ms] [ERROR] ./Dropbox (Maestral)/smarthumans.ai/src/app/claims/[slug]/page.tsx:560:32
Unexpected character '”'
  558 |
  559 |           {related.length > 0 && (
> 560 |             <section className=”mt-10”>
      |                                ^
  561 |               <h2 className=”border-b pb-2 text-xs font-semibold uppercase tracking-[0.12...
  562 |                 Related claims
  563 |               </h2>

Parsing ecmascript source code failed @ http://localhost:3000/_next/static/chunks/1l_l_next_dist_0sxpgfl._.js:1945
[   25050ms] [ERROR] ./Dropbox (Maestral)/smarthumans.ai/src/app/claims/[slug]/page.tsx:560:32
Unexpected character '”'
  558 |
  559 |           {related.length > 0 && (
> 560 |             <section className=”mt-10”>
      |                                ^
  561 |               <h2 className=”border-b pb-2 text-xs font-semibold uppercase tracking-[0.12...
  562 |                 Related claims
  563 |               </h2>

Parsing ecmascript source code failed @ http://localhost:3000/_next/static/chunks/1l_l_next_dist_0sxpgfl._.js:1945
[   25108ms] [ERROR] ./Dropbox (Maestral)/smarthumans.ai/src/app/claims/[slug]/page.tsx:560:32
Unexpected character '”'
  558 |
  559 |           {related.length > 0 && (
> 560 |             <section className=”mt-10”>
      |                                ^
  561 |               <h2 className=”border-b pb-2 text-xs font-semibold uppercase tracking-[0.12...
  562 |                 Related claims
  563 |               </h2>

Parsing ecmascript source code failed @ http://localhost:3000/_next/static/chunks/1l_l_next_dist_0sxpgfl._.js:1945
[   25164ms] [ERROR] ./Dropbox (Maestral)/smarthumans.ai/src/app/claims/[slug]/page.tsx:560:32
Unexpected character '”'
  558 |
  559 |           {related.length > 0 && (
> 560 |             <section className=”mt-10”>
      |                                ^
  561 |               <h2 className=”border-b pb-2 text-xs font-semibold uppercase tracking-[0.12...
  562 |                 Related claims
  563 |               </h2>

Parsing ecmascript source code failed @ http://localhost:3000/_next/static/chunks/1l_l_next_dist_0sxpgfl._.js:1945
[   25225ms] [ERROR] ./Dropbox (Maestral)/smarthumans.ai/src/app/claims/[slug]/page.tsx:560:32
Unexpected character '”'
  558 |
  559 |           {related.length > 0 && (
> 560 |             <section className=”mt-10”>
      |                                ^
  561 |               <h2 className=”border-b pb-2 text-xs font-semibold uppercase tracking-[0.12...
  562 |                 Related claims
  563 |               </h2>

Parsing ecmascript source code failed @ http://localhost:3000/_next/static/chunks/1l_l_next_dist_0sxpgfl._.js:1945
[   25283ms] [ERROR] ./Dropbox (Maestral)/smarthumans.ai/src/app/claims/[slug]/page.tsx:560:32
Unexpected character '”'
  558 |
  559 |           {related.length > 0 && (
> 560 |             <section className=”mt-10”>
      |                                ^
  561 |               <h2 className=”border-b pb-2 text-xs font-semibold uppercase tracking-[0.12...
  562 |                 Related claims
  563 |               </h2>

Parsing ecmascript source code failed @ http://localhost:3000/_next/static/chunks/1l_l_next_dist_0sxpgfl._.js:1945
[   25341ms] [ERROR] ./Dropbox (Maestral)/smarthumans.ai/src/app/claims/[slug]/page.tsx:560:32
Unexpected character '”'
  558 |
  559 |           {related.length > 0 && (
> 560 |             <section className=”mt-10”>
      |                                ^
  561 |               <h2 className=”border-b pb-2 text-xs font-semibold uppercase tracking-[0.12...
  562 |                 Related claims
  563 |               </h2>

Parsing ecmascript source code failed @ http://localhost:3000/_next/static/chunks/1l_l_next_dist_0sxpgfl._.js:1945
[   25399ms] [ERROR] ./Dropbox (Maestral)/smarthumans.ai/src/app/claims/[slug]/page.tsx:560:32
Unexpected character '”'
  558 |
  559 |           {related.length > 0 && (
> 560 |             <section className=”mt-10”>
      |                                ^
  561 |               <h2 className=”border-b pb-2 text-xs font-semibold uppercase tracking-[0.12...
  562 |                 Related claims
  563 |               </h2>

Parsing ecmascript source code failed @ http://localhost:3000/_next/static/chunks/1l_l_next_dist_0sxpgfl._.js:1945
[   25455ms] [ERROR] ./Dropbox (Maestral)/smarthumans.ai/src/app/claims/[slug]/page.tsx:560:32
Unexpected character '”'
  558 |
  559 |           {related.length > 0 && (
> 560 |             <section className=”mt-10”>
      |                                ^
  561 |               <h2 className=”border-b pb-2 text-xs font-semibold uppercase tracking-[0.12...
  562 |                 Related claims
  563 |               </h2>

Parsing ecmascript source code failed @ http://localhost:3000/_next/static/chunks/1l_l_next_dist_0sxpgfl._.js:1945
[   25511ms] [ERROR] ./Dropbox (Maestral)/smarthumans.ai/src/app/claims/[slug]/page.tsx:560:32
Unexpected character '”'
  558 |
  559 |           {related.length > 0 && (
> 560 |             <section className=”mt-10”>
      |                                ^
  561 |               <h2 className=”border-b pb-2 text-xs font-semibold uppercase tracking-[0.12...
  562 |                 Related claims
  563 |               </h2>

Parsing ecmascript source code failed @ http://localhost:3000/_next/static/chunks/1l_l_next_dist_0sxpgfl._.js:1945
[   25568ms] [ERROR] ./Dropbox (Maestral)/smarthumans.ai/src/app/claims/[slug]/page.tsx:560:32
Unexpected character '”'
  558 |
  559 |           {related.length > 0 && (
> 560 |             <section className=”mt-10”>
      |                                ^
  561 |               <h2 className=”border-b pb-2 text-xs font-semibold uppercase tracking-[0.12...
  562 |                 Related claims
  563 |               </h2>

Parsing ecmascript source code failed @ http://localhost:3000/_next/static/chunks/1l_l_next_dist_0sxpgfl._.js:1945
[   25627ms] [ERROR] ./Dropbox (Maestral)/smarthumans.ai/src/app/claims/[slug]/page.tsx:560:32
Unexpected character '”'
  558 |
  559 |           {related.length > 0 && (
> 560 |             <section className=”mt-10”>
      |                                ^
  561 |               <h2 className=”border-b pb-2 text-xs font-semibold uppercase tracking-[0.12...
  562 |                 Related claims
  563 |               </h2>

Parsing ecmascript source code failed @ http://localhost:3000/_next/static/chunks/1l_l_next_dist_0sxpgfl._.js:1945
[   25684ms] [ERROR] ./Dropbox (Maestral)/smarthumans.ai/src/app/claims/[slug]/page.tsx:560:32
Unexpected character '”'
  558 |
  559 |           {related.length > 0 && (
> 560 |             <section className=”mt-10”>
      |                                ^
  561 |               <h2 className=”border-b pb-2 text-xs font-semibold uppercase tracking-[0.12...
  562 |                 Related claims
  563 |               </h2>

Parsing ecmascript source code failed @ http://localhost:3000/_next/static/chunks/1l_l_next_dist_0sxpgfl._.js:1945
[   25741ms] [ERROR] ./Dropbox (Maestral)/smarthumans.ai/src/app/claims/[slug]/page.tsx:560:32
Unexpected character '”'
  558 |
  559 |           {related.length > 0 && (
> 560 |             <section className=”mt-10”>
      |                                ^
  561 |               <h2 className=”border-b pb-2 text-xs font-semibold uppercase tracking-[0.12...
  562 |                 Related claims
  563 |               </h2>

Parsing ecmascript source code failed @ http://localhost:3000/_next/static/chunks/1l_l_next_dist_0sxpgfl._.js:1945
[   25798ms] [ERROR] ./Dropbox (Maestral)/smarthumans.ai/src/app/claims/[slug]/page.tsx:560:32
Unexpected character '”'
  558 |
  559 |           {related.length > 0 && (
> 560 |             <section className=”mt-10”>
      |                                ^
  561 |               <h2 className=”border-b pb-2 text-xs font-semibold uppercase tracking-[0.12...
  562 |                 Related claims
  563 |               </h2>

Parsing ecmascript source code failed @ http://localhost:3000/_next/static/chunks/1l_l_next_dist_0sxpgfl._.js:1945
[   25856ms] [ERROR] ./Dropbox (Maestral)/smarthumans.ai/src/app/claims/[slug]/page.tsx:560:32
Unexpected character '”'
  558 |
  559 |           {related.length > 0 && (
> 560 |             <section className=”mt-10”>
      |                                ^
  561 |               <h2 className=”border-b pb-2 text-xs font-semibold uppercase tracking-[0.12...
  562 |                 Related claims
  563 |               </h2>

Parsing ecmascript source code failed @ http://localhost:3000/_next/static/chunks/1l_l_next_dist_0sxpgfl._.js:1945
[   25912ms] [ERROR] ./Dropbox (Maestral)/smarthumans.ai/src/app/claims/[slug]/page.tsx:560:32
Unexpected character '”'
  558 |
  559 |           {related.length > 0 && (
> 560 |             <section className=”mt-10”>
      |                                ^
  561 |               <h2 className=”border-b pb-2 text-xs font-semibold uppercase tracking-[0.12...
  562 |                 Related claims
  563 |               </h2>

Parsing ecmascript source code failed @ http://localhost:3000/_next/static/chunks/1l_l_next_dist_0sxpgfl._.js:1945
[   25968ms] [ERROR] ./Dropbox (Maestral)/smarthumans.ai/src/app/claims/[slug]/page.tsx:560:32
Unexpected character '”'
  558 |
  559 |           {related.length > 0 && (
> 560 |             <section className=”mt-10”>
      |                                ^
  561 |               <h2 className=”border-b pb-2 text-xs font-semibold uppercase tracking-[0.12...
  562 |                 Related claims
  563 |               </h2>

Parsing ecmascript source code failed @ http://localhost:3000/_next/static/chunks/1l_l_next_dist_0sxpgfl._.js:1945
[   26027ms] [ERROR] ./Dropbox (Maestral)/smarthumans.ai/src/app/claims/[slug]/page.tsx:560:32
Unexpected character '”'
  558 |
  559 |           {related.length > 0 && (
> 560 |             <section className=”mt-10”>
      |                                ^
  561 |               <h2 className=”border-b pb-2 text-xs font-semibold uppercase tracking-[0.12...
  562 |                 Related claims
  563 |               </h2>

Parsing ecmascript source code failed @ http://localhost:3000/_next/static/chunks/1l_l_next_dist_0sxpgfl._.js:1945
[   26084ms] [ERROR] ./Dropbox (Maestral)/smarthumans.ai/src/app/claims/[slug]/page.tsx:560:32
Unexpected character '”'
  558 |
  559 |           {related.length > 0 && (
> 560 |             <section className=”mt-10”>
      |                                ^
  561 |               <h2 className=”border-b pb-2 text-xs font-semibold uppercase tracking-[0.12...
  562 |                 Related claims
  563 |               </h2>

Parsing ecmascript source code failed @ http://localhost:3000/_next/static/chunks/1l_l_next_dist_0sxpgfl._.js:1945
[   26141ms] [ERROR] ./Dropbox (Maestral)/smarthumans.ai/src/app/claims/[slug]/page.tsx:560:32
Unexpected character '”'
  558 |
  559 |           {related.length > 0 && (
> 560 |             <section className=”mt-10”>
      |                                ^
  561 |               <h2 className=”border-b pb-2 text-xs font-semibold uppercase tracking-[0.12...
  562 |                 Related claims
  563 |               </h2>

Parsing ecmascript source code failed @ http://localhost:3000/_next/static/chunks/1l_l_next_dist_0sxpgfl._.js:1945
[   26197ms] [ERROR] ./Dropbox (Maestral)/smarthumans.ai/src/app/claims/[slug]/page.tsx:560:32
Unexpected character '”'
  558 |
  559 |           {related.length > 0 && (
> 560 |             <section className=”mt-10”>
      |                                ^
  561 |               <h2 className=”border-b pb-2 text-xs font-semibold uppercase tracking-[0.12...
  562 |                 Related claims
  563 |               </h2>

Parsing ecmascript source code failed @ http://localhost:3000/_next/static/chunks/1l_l_next_dist_0sxpgfl._.js:1945
[   26252ms] [ERROR] ./Dropbox (Maestral)/smarthumans.ai/src/app/claims/[slug]/page.tsx:560:32
Unexpected character '”'
  558 |
  559 |           {related.length > 0 && (
> 560 |             <section className=”mt-10”>
      |                                ^
  561 |               <h2 className=”border-b pb-2 text-xs font-semibold uppercase tracking-[0.12...
  562 |                 Related claims
  563 |               </h2>

Parsing ecmascript source code failed @ http://localhost:3000/_next/static/chunks/1l_l_next_dist_0sxpgfl._.js:1945
[   26302ms] [ERROR] ./Dropbox (Maestral)/smarthumans.ai/src/app/claims/[slug]/page.tsx:560:32
Unexpected character '”'
  558 |
  559 |           {related.length > 0 && (
> 560 |             <section className=”mt-10”>
      |                                ^
  561 |               <h2 className=”border-b pb-2 text-xs font-semibold uppercase tracking-[0.12...
  562 |                 Related claims
  563 |               </h2>

Parsing ecmascript source code failed @ http://localhost:3000/_next/static/chunks/1l_l_next_dist_0sxpgfl._.js:1945
[   26353ms] [ERROR] ./Dropbox (Maestral)/smarthumans.ai/src/app/claims/[slug]/page.tsx:560:32
Unexpected character '”'
  558 |
  559 |           {related.length > 0 && (
> 560 |             <section className=”mt-10”>
      |                                ^
  561 |               <h2 className=”border-b pb-2 text-xs font-semibold uppercase tracking-[0.12...
  562 |                 Related claims
  563 |               </h2>

Parsing ecmascript source code failed @ http://localhost:3000/_next/static/chunks/1l_l_next_dist_0sxpgfl._.js:1945
[   26409ms] [ERROR] ./Dropbox (Maestral)/smarthumans.ai/src/app/claims/[slug]/page.tsx:560:32
Unexpected character '”'
  558 |
  559 |           {related.length > 0 && (
> 560 |             <section className=”mt-10”>
      |                                ^
  561 |               <h2 className=”border-b pb-2 text-xs font-semibold uppercase tracking-[0.12...
  562 |                 Related claims
  563 |               </h2>

Parsing ecmascript source code failed @ http://localhost:3000/_next/static/chunks/1l_l_next_dist_0sxpgfl._.js:1945
[   26465ms] [ERROR] ./Dropbox (Maestral)/smarthumans.ai/src/app/claims/[slug]/page.tsx:560:32
Unexpected character '”'
  558 |
  559 |           {related.length > 0 && (
> 560 |             <section className=”mt-10”>
      |                                ^
  561 |               <h2 className=”border-b pb-2 text-xs font-semibold uppercase tracking-[0.12...
  562 |                 Related claims
  563 |               </h2>

Parsing ecmascript source code failed @ http://localhost:3000/_next/static/chunks/1l_l_next_dist_0sxpgfl._.js:1945
[   26522ms] [ERROR] ./Dropbox (Maestral)/smarthumans.ai/src/app/claims/[slug]/page.tsx:560:32
Unexpected character '”'
  558 |
  559 |           {related.length > 0 && (
> 560 |             <section className=”mt-10”>
      |                                ^
  561 |               <h2 className=”border-b pb-2 text-xs font-semibold uppercase tracking-[0.12...
  562 |                 Related claims
  563 |               </h2>

Parsing ecmascript source code failed @ http://localhost:3000/_next/static/chunks/1l_l_next_dist_0sxpgfl._.js:1945
[   26579ms] [ERROR] ./Dropbox (Maestral)/smarthumans.ai/src/app/claims/[slug]/page.tsx:560:32
Unexpected character '”'
  558 |
  559 |           {related.length > 0 && (
> 560 |             <section className=”mt-10”>
      |                                ^
  561 |               <h2 className=”border-b pb-2 text-xs font-semibold uppercase tracking-[0.12...
  562 |                 Related claims
  563 |               </h2>

Parsing ecmascript source code failed @ http://localhost:3000/_next/static/chunks/1l_l_next_dist_0sxpgfl._.js:1945
[   26636ms] [ERROR] ./Dropbox (Maestral)/smarthumans.ai/src/app/claims/[slug]/page.tsx:560:32
Unexpected character '”'
  558 |
  559 |           {related.length > 0 && (
> 560 |             <section className=”mt-10”>
      |                                ^
  561 |               <h2 className=”border-b pb-2 text-xs font-semibold uppercase tracking-[0.12...
  562 |                 Related claims
  563 |               </h2>

Parsing ecmascript source code failed @ http://localhost:3000/_next/static/chunks/1l_l_next_dist_0sxpgfl._.js:1945
[   26682ms] [ERROR] ./Dropbox (Maestral)/smarthumans.ai/src/app/claims/[slug]/page.tsx:560:32
Unexpected character '”'
  558 |
  559 |           {related.length > 0 && (
> 560 |             <section className=”mt-10”>
      |                                ^
  561 |               <h2 className=”border-b pb-2 text-xs font-semibold uppercase tracking-[0.12...
  562 |                 Related claims
  563 |               </h2>

Parsing ecmascript source code failed @ http://localhost:3000/_next/static/chunks/1l_l_next_dist_0sxpgfl._.js:1945
[   26740ms] [ERROR] ./Dropbox (Maestral)/smarthumans.ai/src/app/claims/[slug]/page.tsx:560:32
Unexpected character '”'
  558 |
  559 |           {related.length > 0 && (
> 560 |             <section className=”mt-10”>
      |                                ^
  561 |               <h2 className=”border-b pb-2 text-xs font-semibold uppercase tracking-[0.12...
  562 |                 Related claims
  563 |               </h2>

Parsing ecmascript source code failed @ http://localhost:3000/_next/static/chunks/1l_l_next_dist_0sxpgfl._.js:1945
[   26798ms] [ERROR] ./Dropbox (Maestral)/smarthumans.ai/src/app/claims/[slug]/page.tsx:560:32
Unexpected character '”'
  558 |
  559 |           {related.length > 0 && (
> 560 |             <section className=”mt-10”>
      |                                ^
  561 |               <h2 className=”border-b pb-2 text-xs font-semibold uppercase tracking-[0.12...
  562 |                 Related claims
  563 |               </h2>

Parsing ecmascript source code failed @ http://localhost:3000/_next/static/chunks/1l_l_next_dist_0sxpgfl._.js:1945
[   26852ms] [ERROR] ./Dropbox (Maestral)/smarthumans.ai/src/app/claims/[slug]/page.tsx:560:32
Unexpected character '”'
  558 |
  559 |           {related.length > 0 && (
> 560 |             <section className=”mt-10”>
      |                                ^
  561 |               <h2 className=”border-b pb-2 text-xs font-semibold uppercase tracking-[0.12...
  562 |                 Related claims
  563 |               </h2>

Parsing ecmascript source code failed @ http://localhost:3000/_next/static/chunks/1l_l_next_dist_0sxpgfl._.js:1945
[   26911ms] [ERROR] ./Dropbox (Maestral)/smarthumans.ai/src/app/claims/[slug]/page.tsx:560:32
Unexpected character '”'
  558 |
  559 |           {related.length > 0 && (
> 560 |             <section className=”mt-10”>
      |                                ^
  561 |               <h2 className=”border-b pb-2 text-xs font-semibold uppercase tracking-[0.12...
  562 |                 Related claims
  563 |               </h2>

Parsing ecmascript source code failed @ http://localhost:3000/_next/static/chunks/1l_l_next_dist_0sxpgfl._.js:1945
[   26969ms] [ERROR] ./Dropbox (Maestral)/smarthumans.ai/src/app/claims/[slug]/page.tsx:560:32
Unexpected character '”'
  558 |
  559 |           {related.length > 0 && (
> 560 |             <section className=”mt-10”>
      |                                ^
  561 |               <h2 className=”border-b pb-2 text-xs font-semibold uppercase tracking-[0.12...
  562 |                 Related claims
  563 |               </h2>

Parsing ecmascript source code failed @ http://localhost:3000/_next/static/chunks/1l_l_next_dist_0sxpgfl._.js:1945
[   27027ms] [ERROR] ./Dropbox (Maestral)/smarthumans.ai/src/app/claims/[slug]/page.tsx:560:32
Unexpected character '”'
  558 |
  559 |           {related.length > 0 && (
> 560 |             <section className=”mt-10”>
      |                                ^
  561 |               <h2 className=”border-b pb-2 text-xs font-semibold uppercase tracking-[0.12...
  562 |                 Related claims
  563 |               </h2>

Parsing ecmascript source code failed @ http://localhost:3000/_next/static/chunks/1l_l_next_dist_0sxpgfl._.js:1945
[   27085ms] [ERROR] ./Dropbox (Maestral)/smarthumans.ai/src/app/claims/[slug]/page.tsx:560:32
Unexpected character '”'
  558 |
  559 |           {related.length > 0 && (
> 560 |             <section className=”mt-10”>
      |                                ^
  561 |               <h2 className=”border-b pb-2 text-xs font-semibold uppercase tracking-[0.12...
  562 |                 Related claims
  563 |               </h2>

Parsing ecmascript source code failed @ http://localhost:3000/_next/static/chunks/1l_l_next_dist_0sxpgfl._.js:1945
[   27143ms] [ERROR] ./Dropbox (Maestral)/smarthumans.ai/src/app/claims/[slug]/page.tsx:560:32
Unexpected character '”'
  558 |
  559 |           {related.length > 0 && (
> 560 |             <section className=”mt-10”>
      |                                ^
  561 |               <h2 className=”border-b pb-2 text-xs font-semibold uppercase tracking-[0.12...
  562 |                 Related claims
  563 |               </h2>

Parsing ecmascript source code failed @ http://localhost:3000/_next/static/chunks/1l_l_next_dist_0sxpgfl._.js:1945
[   27190ms] [ERROR] ./Dropbox (Maestral)/smarthumans.ai/src/app/claims/[slug]/page.tsx:560:32
Unexpected character '”'
  558 |
  559 |           {related.length > 0 && (
> 560 |             <section className=”mt-10”>
      |                                ^
  561 |               <h2 className=”border-b pb-2 text-xs font-semibold uppercase tracking-[0.12...
  562 |                 Related claims
  563 |               </h2>

Parsing ecmascript source code failed @ http://localhost:3000/_next/static/chunks/1l_l_next_dist_0sxpgfl._.js:1945
[   27247ms] [ERROR] ./Dropbox (Maestral)/smarthumans.ai/src/app/claims/[slug]/page.tsx:560:32
Unexpected character '”'
  558 |
  559 |           {related.length > 0 && (
> 560 |             <section className=”mt-10”>
      |                                ^
  561 |               <h2 className=”border-b pb-2 text-xs font-semibold uppercase tracking-[0.12...
  562 |                 Related claims
  563 |               </h2>

Parsing ecmascript source code failed @ http://localhost:3000/_next/static/chunks/1l_l_next_dist_0sxpgfl._.js:1945
[   27303ms] [ERROR] ./Dropbox (Maestral)/smarthumans.ai/src/app/claims/[slug]/page.tsx:560:32
Unexpected character '”'
  558 |
  559 |           {related.length > 0 && (
> 560 |             <section className=”mt-10”>
      |                                ^
  561 |               <h2 className=”border-b pb-2 text-xs font-semibold uppercase tracking-[0.12...
  562 |                 Related claims
  563 |               </h2>

Parsing ecmascript source code failed @ http://localhost:3000/_next/static/chunks/1l_l_next_dist_0sxpgfl._.js:1945
[   27361ms] [ERROR] ./Dropbox (Maestral)/smarthumans.ai/src/app/claims/[slug]/page.tsx:560:32
Unexpected character '”'
  558 |
  559 |           {related.length > 0 && (
> 560 |             <section className=”mt-10”>
      |                                ^
  561 |               <h2 className=”border-b pb-2 text-xs font-semibold uppercase tracking-[0.12...
  562 |                 Related claims
  563 |               </h2>

Parsing ecmascript source code failed @ http://localhost:3000/_next/static/chunks/1l_l_next_dist_0sxpgfl._.js:1945
[   27419ms] [ERROR] ./Dropbox (Maestral)/smarthumans.ai/src/app/claims/[slug]/page.tsx:560:32
Unexpected character '”'
  558 |
  559 |           {related.length > 0 && (
> 560 |             <section className=”mt-10”>
      |                                ^
  561 |               <h2 className=”border-b pb-2 text-xs font-semibold uppercase tracking-[0.12...
  562 |                 Related claims
  563 |               </h2>

Parsing ecmascript source code failed @ http://localhost:3000/_next/static/chunks/1l_l_next_dist_0sxpgfl._.js:1945
[   27476ms] [ERROR] ./Dropbox (Maestral)/smarthumans.ai/src/app/claims/[slug]/page.tsx:560:32
Unexpected character '”'
  558 |
  559 |           {related.length > 0 && (
> 560 |             <section className=”mt-10”>
      |                                ^
  561 |               <h2 className=”border-b pb-2 text-xs font-semibold uppercase tracking-[0.12...
  562 |                 Related claims
  563 |               </h2>

Parsing ecmascript source code failed @ http://localhost:3000/_next/static/chunks/1l_l_next_dist_0sxpgfl._.js:1945
[   27532ms] [ERROR] ./Dropbox (Maestral)/smarthumans.ai/src/app/claims/[slug]/page.tsx:560:32
Unexpected character '”'
  558 |
  559 |           {related.length > 0 && (
> 560 |             <section className=”mt-10”>
      |                                ^
  561 |               <h2 className=”border-b pb-2 text-xs font-semibold uppercase tracking-[0.12...
  562 |                 Related claims
  563 |               </h2>

Parsing ecmascript source code failed @ http://localhost:3000/_next/static/chunks/1l_l_next_dist_0sxpgfl._.js:1945
[   27589ms] [ERROR] ./Dropbox (Maestral)/smarthumans.ai/src/app/claims/[slug]/page.tsx:560:32
Unexpected character '”'
  558 |
  559 |           {related.length > 0 && (
> 560 |             <section className=”mt-10”>
      |                                ^
  561 |               <h2 className=”border-b pb-2 text-xs font-semibold uppercase tracking-[0.12...
  562 |                 Related claims
  563 |               </h2>

Parsing ecmascript source code failed @ http://localhost:3000/_next/static/chunks/1l_l_next_dist_0sxpgfl._.js:1945
[   27645ms] [ERROR] ./Dropbox (Maestral)/smarthumans.ai/src/app/claims/[slug]/page.tsx:560:32
Unexpected character '”'
  558 |
  559 |           {related.length > 0 && (
> 560 |             <section className=”mt-10”>
      |                                ^
  561 |               <h2 className=”border-b pb-2 text-xs font-semibold uppercase tracking-[0.12...
  562 |                 Related claims
  563 |               </h2>

Parsing ecmascript source code failed @ http://localhost:3000/_next/static/chunks/1l_l_next_dist_0sxpgfl._.js:1945
[   27703ms] [ERROR] ./Dropbox (Maestral)/smarthumans.ai/src/app/claims/[slug]/page.tsx:560:32
Unexpected character '”'
  558 |
  559 |           {related.length > 0 && (
> 560 |             <section className=”mt-10”>
      |                                ^
  561 |               <h2 className=”border-b pb-2 text-xs font-semibold uppercase tracking-[0.12...
  562 |                 Related claims
  563 |               </h2>

Parsing ecmascript source code failed @ http://localhost:3000/_next/static/chunks/1l_l_next_dist_0sxpgfl._.js:1945
[   27759ms] [ERROR] ./Dropbox (Maestral)/smarthumans.ai/src/app/claims/[slug]/page.tsx:560:32
Unexpected character '”'
  558 |
  559 |           {related.length > 0 && (
> 560 |             <section className=”mt-10”>
      |                                ^
  561 |               <h2 className=”border-b pb-2 text-xs font-semibold uppercase tracking-[0.12...
  562 |                 Related claims
  563 |               </h2>

Parsing ecmascript source code failed @ http://localhost:3000/_next/static/chunks/1l_l_next_dist_0sxpgfl._.js:1945
[   27816ms] [ERROR] ./Dropbox (Maestral)/smarthumans.ai/src/app/claims/[slug]/page.tsx:560:32
Unexpected character '”'
  558 |
  559 |           {related.length > 0 && (
> 560 |             <section className=”mt-10”>
      |                                ^
  561 |               <h2 className=”border-b pb-2 text-xs font-semibold uppercase tracking-[0.12...
  562 |                 Related claims
  563 |               </h2>

Parsing ecmascript source code failed @ http://localhost:3000/_next/static/chunks/1l_l_next_dist_0sxpgfl._.js:1945
[   27874ms] [ERROR] ./Dropbox (Maestral)/smarthumans.ai/src/app/claims/[slug]/page.tsx:560:32
Unexpected character '”'
  558 |
  559 |           {related.length > 0 && (
> 560 |             <section className=”mt-10”>
      |                                ^
  561 |               <h2 className=”border-b pb-2 text-xs font-semibold uppercase tracking-[0.12...
  562 |                 Related claims
  563 |               </h2>

Parsing ecmascript source code failed @ http://localhost:3000/_next/static/chunks/1l_l_next_dist_0sxpgfl._.js:1945
[   27935ms] [ERROR] ./Dropbox (Maestral)/smarthumans.ai/src/app/claims/[slug]/page.tsx:560:32
Unexpected character '”'
  558 |
  559 |           {related.length > 0 && (
> 560 |             <section className=”mt-10”>
      |                                ^
  561 |               <h2 className=”border-b pb-2 text-xs font-semibold uppercase tracking-[0.12...
  562 |                 Related claims
  563 |               </h2>

Parsing ecmascript source code failed @ http://localhost:3000/_next/static/chunks/1l_l_next_dist_0sxpgfl._.js:1945
[   27993ms] [ERROR] ./Dropbox (Maestral)/smarthumans.ai/src/app/claims/[slug]/page.tsx:560:32
Unexpected character '”'
  558 |
  559 |           {related.length > 0 && (
> 560 |             <section className=”mt-10”>
      |                                ^
  561 |               <h2 className=”border-b pb-2 text-xs font-semibold uppercase tracking-[0.12...
  562 |                 Related claims
  563 |               </h2>

Parsing ecmascript source code failed @ http://localhost:3000/_next/static/chunks/1l_l_next_dist_0sxpgfl._.js:1945
[   28049ms] [ERROR] ./Dropbox (Maestral)/smarthumans.ai/src/app/claims/[slug]/page.tsx:560:32
Unexpected character '”'
  558 |
  559 |           {related.length > 0 && (
> 560 |             <section className=”mt-10”>
      |                                ^
  561 |               <h2 className=”border-b pb-2 text-xs font-semibold uppercase tracking-[0.12...
  562 |                 Related claims
  563 |               </h2>

Parsing ecmascript source code failed @ http://localhost:3000/_next/static/chunks/1l_l_next_dist_0sxpgfl._.js:1945
[   28106ms] [ERROR] ./Dropbox (Maestral)/smarthumans.ai/src/app/claims/[slug]/page.tsx:560:32
Unexpected character '”'
  558 |
  559 |           {related.length > 0 && (
> 560 |             <section className=”mt-10”>
      |                                ^
  561 |               <h2 className=”border-b pb-2 text-xs font-semibold uppercase tracking-[0.12...
  562 |                 Related claims
  563 |               </h2>

Parsing ecmascript source code failed @ http://localhost:3000/_next/static/chunks/1l_l_next_dist_0sxpgfl._.js:1945
[   28164ms] [ERROR] ./Dropbox (Maestral)/smarthumans.ai/src/app/claims/[slug]/page.tsx:560:32
Unexpected character '”'
  558 |
  559 |           {related.length > 0 && (
> 560 |             <section className=”mt-10”>
      |                                ^
  561 |               <h2 className=”border-b pb-2 text-xs font-semibold uppercase tracking-[0.12...
  562 |                 Related claims
  563 |               </h2>

Parsing ecmascript source code failed @ http://localhost:3000/_next/static/chunks/1l_l_next_dist_0sxpgfl._.js:1945
[   28221ms] [ERROR] ./Dropbox (Maestral)/smarthumans.ai/src/app/claims/[slug]/page.tsx:560:32
Unexpected character '”'
  558 |
  559 |           {related.length > 0 && (
> 560 |             <section className=”mt-10”>
      |                                ^
  561 |               <h2 className=”border-b pb-2 text-xs font-semibold uppercase tracking-[0.12...
  562 |                 Related claims
  563 |               </h2>

Parsing ecmascript source code failed @ http://localhost:3000/_next/static/chunks/1l_l_next_dist_0sxpgfl._.js:1945
[   28278ms] [ERROR] ./Dropbox (Maestral)/smarthumans.ai/src/app/claims/[slug]/page.tsx:560:32
Unexpected character '”'
  558 |
  559 |           {related.length > 0 && (
> 560 |             <section className=”mt-10”>
      |                                ^
  561 |               <h2 className=”border-b pb-2 text-xs font-semibold uppercase tracking-[0.12...
  562 |                 Related claims
  563 |               </h2>

Parsing ecmascript source code failed @ http://localhost:3000/_next/static/chunks/1l_l_next_dist_0sxpgfl._.js:1945
[   28336ms] [ERROR] ./Dropbox (Maestral)/smarthumans.ai/src/app/claims/[slug]/page.tsx:560:32
Unexpected character '”'
  558 |
  559 |           {related.length > 0 && (
> 560 |             <section className=”mt-10”>
      |                                ^
  561 |               <h2 className=”border-b pb-2 text-xs font-semibold uppercase tracking-[0.12...
  562 |                 Related claims
  563 |               </h2>

Parsing ecmascript source code failed @ http://localhost:3000/_next/static/chunks/1l_l_next_dist_0sxpgfl._.js:1945
[   28396ms] [ERROR] ./Dropbox (Maestral)/smarthumans.ai/src/app/claims/[slug]/page.tsx:560:32
Unexpected character '”'
  558 |
  559 |           {related.length > 0 && (
> 560 |             <section className=”mt-10”>
      |                                ^
  561 |               <h2 className=”border-b pb-2 text-xs font-semibold uppercase tracking-[0.12...
  562 |                 Related claims
  563 |               </h2>

Parsing ecmascript source code failed @ http://localhost:3000/_next/static/chunks/1l_l_next_dist_0sxpgfl._.js:1945
[   28452ms] [ERROR] ./Dropbox (Maestral)/smarthumans.ai/src/app/claims/[slug]/page.tsx:560:32
Unexpected character '”'
  558 |
  559 |           {related.length > 0 && (
> 560 |             <section className=”mt-10”>
      |                                ^
  561 |               <h2 className=”border-b pb-2 text-xs font-semibold uppercase tracking-[0.12...
  562 |                 Related claims
  563 |               </h2>

Parsing ecmascript source code failed @ http://localhost:3000/_next/static/chunks/1l_l_next_dist_0sxpgfl._.js:1945
[   28509ms] [ERROR] ./Dropbox (Maestral)/smarthumans.ai/src/app/claims/[slug]/page.tsx:560:32
Unexpected character '”'
  558 |
  559 |           {related.length > 0 && (
> 560 |             <section className=”mt-10”>
      |                                ^
  561 |               <h2 className=”border-b pb-2 text-xs font-semibold uppercase tracking-[0.12...
  562 |                 Related claims
  563 |               </h2>

Parsing ecmascript source code failed @ http://localhost:3000/_next/static/chunks/1l_l_next_dist_0sxpgfl._.js:1945
[   28566ms] [ERROR] ./Dropbox (Maestral)/smarthumans.ai/src/app/claims/[slug]/page.tsx:560:32
Unexpected character '”'
  558 |
  559 |           {related.length > 0 && (
> 560 |             <section className=”mt-10”>
      |                                ^
  561 |               <h2 className=”border-b pb-2 text-xs font-semibold uppercase tracking-[0.12...
  562 |                 Related claims
  563 |               </h2>

Parsing ecmascript source code failed @ http://localhost:3000/_next/static/chunks/1l_l_next_dist_0sxpgfl._.js:1945
[   28624ms] [ERROR] ./Dropbox (Maestral)/smarthumans.ai/src/app/claims/[slug]/page.tsx:560:32
Unexpected character '”'
  558 |
  559 |           {related.length > 0 && (
> 560 |             <section className=”mt-10”>
      |                                ^
  561 |               <h2 className=”border-b pb-2 text-xs font-semibold uppercase tracking-[0.12...
  562 |                 Related claims
  563 |               </h2>

Parsing ecmascript source code failed @ http://localhost:3000/_next/static/chunks/1l_l_next_dist_0sxpgfl._.js:1945
[   28682ms] [ERROR] ./Dropbox (Maestral)/smarthumans.ai/src/app/claims/[slug]/page.tsx:560:32
Unexpected character '”'
  558 |
  559 |           {related.length > 0 && (
> 560 |             <section className=”mt-10”>
      |                                ^
  561 |               <h2 className=”border-b pb-2 text-xs font-semibold uppercase tracking-[0.12...
  562 |                 Related claims
  563 |               </h2>

Parsing ecmascript source code failed @ http://localhost:3000/_next/static/chunks/1l_l_next_dist_0sxpgfl._.js:1945
[   28741ms] [ERROR] ./Dropbox (Maestral)/smarthumans.ai/src/app/claims/[slug]/page.tsx:560:32
Unexpected character '”'
  558 |
  559 |           {related.length > 0 && (
> 560 |             <section className=”mt-10”>
      |                                ^
  561 |               <h2 className=”border-b pb-2 text-xs font-semibold uppercase tracking-[0.12...
  562 |                 Related claims
  563 |               </h2>

Parsing ecmascript source code failed @ http://localhost:3000/_next/static/chunks/1l_l_next_dist_0sxpgfl._.js:1945
[   28797ms] [ERROR] ./Dropbox (Maestral)/smarthumans.ai/src/app/claims/[slug]/page.tsx:560:32
Unexpected character '”'
  558 |
  559 |           {related.length > 0 && (
> 560 |             <section className=”mt-10”>
      |                                ^
  561 |               <h2 className=”border-b pb-2 text-xs font-semibold uppercase tracking-[0.12...
  562 |                 Related claims
  563 |               </h2>

Parsing ecmascript source code failed @ http://localhost:3000/_next/static/chunks/1l_l_next_dist_0sxpgfl._.js:1945
[   28848ms] [ERROR] ./Dropbox (Maestral)/smarthumans.ai/src/app/claims/[slug]/page.tsx:560:32
Unexpected character '”'
  558 |
  559 |           {related.length > 0 && (
> 560 |             <section className=”mt-10”>
      |                                ^
  561 |               <h2 className=”border-b pb-2 text-xs font-semibold uppercase tracking-[0.12...
  562 |                 Related claims
  563 |               </h2>

Parsing ecmascript source code failed @ http://localhost:3000/_next/static/chunks/1l_l_next_dist_0sxpgfl._.js:1945
[   28903ms] [ERROR] ./Dropbox (Maestral)/smarthumans.ai/src/app/claims/[slug]/page.tsx:560:32
Unexpected character '”'
  558 |
  559 |           {related.length > 0 && (
> 560 |             <section className=”mt-10”>
      |                                ^
  561 |               <h2 className=”border-b pb-2 text-xs font-semibold uppercase tracking-[0.12...
  562 |                 Related claims
  563 |               </h2>

Parsing ecmascript source code failed @ http://localhost:3000/_next/static/chunks/1l_l_next_dist_0sxpgfl._.js:1945
[   28954ms] [ERROR] ./Dropbox (Maestral)/smarthumans.ai/src/app/claims/[slug]/page.tsx:560:32
Unexpected character '”'
  558 |
  559 |           {related.length > 0 && (
> 560 |             <section className=”mt-10”>
      |                                ^
  561 |               <h2 className=”border-b pb-2 text-xs font-semibold uppercase tracking-[0.12...
  562 |                 Related claims
  563 |               </h2>

Parsing ecmascript source code failed @ http://localhost:3000/_next/static/chunks/1l_l_next_dist_0sxpgfl._.js:1945
[   29010ms] [ERROR] ./Dropbox (Maestral)/smarthumans.ai/src/app/claims/[slug]/page.tsx:560:32
Unexpected character '”'
  558 |
  559 |           {related.length > 0 && (
> 560 |             <section className=”mt-10”>
      |                                ^
  561 |               <h2 className=”border-b pb-2 text-xs font-semibold uppercase tracking-[0.12...
  562 |                 Related claims
  563 |               </h2>

Parsing ecmascript source code failed @ http://localhost:3000/_next/static/chunks/1l_l_next_dist_0sxpgfl._.js:1945
[   29066ms] [ERROR] ./Dropbox (Maestral)/smarthumans.ai/src/app/claims/[slug]/page.tsx:560:32
Unexpected character '”'
  558 |
  559 |           {related.length > 0 && (
> 560 |             <section className=”mt-10”>
      |                                ^
  561 |               <h2 className=”border-b pb-2 text-xs font-semibold uppercase tracking-[0.12...
  562 |                 Related claims
  563 |               </h2>

Parsing ecmascript source code failed @ http://localhost:3000/_next/static/chunks/1l_l_next_dist_0sxpgfl._.js:1945
[   29123ms] [ERROR] ./Dropbox (Maestral)/smarthumans.ai/src/app/claims/[slug]/page.tsx:560:32
Unexpected character '”'
  558 |
  559 |           {related.length > 0 && (
> 560 |             <section className=”mt-10”>
      |                                ^
  561 |               <h2 className=”border-b pb-2 text-xs font-semibold uppercase tracking-[0.12...
  562 |                 Related claims
  563 |               </h2>

Parsing ecmascript source code failed @ http://localhost:3000/_next/static/chunks/1l_l_next_dist_0sxpgfl._.js:1945
[   29180ms] [ERROR] ./Dropbox (Maestral)/smarthumans.ai/src/app/claims/[slug]/page.tsx:560:32
Unexpected character '”'
  558 |
  559 |           {related.length > 0 && (
> 560 |             <section className=”mt-10”>
      |                                ^
  561 |               <h2 className=”border-b pb-2 text-xs font-semibold uppercase tracking-[0.12...
  562 |                 Related claims
  563 |               </h2>

Parsing ecmascript source code failed @ http://localhost:3000/_next/static/chunks/1l_l_next_dist_0sxpgfl._.js:1945
[   29238ms] [ERROR] ./Dropbox (Maestral)/smarthumans.ai/src/app/claims/[slug]/page.tsx:560:32
Unexpected character '”'
  558 |
  559 |           {related.length > 0 && (
> 560 |             <section className=”mt-10”>
      |                                ^
  561 |               <h2 className=”border-b pb-2 text-xs font-semibold uppercase tracking-[0.12...
  562 |                 Related claims
  563 |               </h2>

Parsing ecmascript source code failed @ http://localhost:3000/_next/static/chunks/1l_l_next_dist_0sxpgfl._.js:1945
[   29296ms] [ERROR] ./Dropbox (Maestral)/smarthumans.ai/src/app/claims/[slug]/page.tsx:560:32
Unexpected character '”'
  558 |
  559 |           {related.length > 0 && (
> 560 |             <section className=”mt-10”>
      |                                ^
  561 |               <h2 className=”border-b pb-2 text-xs font-semibold uppercase tracking-[0.12...
  562 |                 Related claims
  563 |               </h2>

Parsing ecmascript source code failed @ http://localhost:3000/_next/static/chunks/1l_l_next_dist_0sxpgfl._.js:1945
[   29353ms] [ERROR] ./Dropbox (Maestral)/smarthumans.ai/src/app/claims/[slug]/page.tsx:560:32
Unexpected character '”'
  558 |
  559 |           {related.length > 0 && (
> 560 |             <section className=”mt-10”>
      |                                ^
  561 |               <h2 className=”border-b pb-2 text-xs font-semibold uppercase tracking-[0.12...
  562 |                 Related claims
  563 |               </h2>

Parsing ecmascript source code failed @ http://localhost:3000/_next/static/chunks/1l_l_next_dist_0sxpgfl._.js:1945
[   29408ms] [ERROR] ./Dropbox (Maestral)/smarthumans.ai/src/app/claims/[slug]/page.tsx:560:32
Unexpected character '”'
  558 |
  559 |           {related.length > 0 && (
> 560 |             <section className=”mt-10”>
      |                                ^
  561 |               <h2 className=”border-b pb-2 text-xs font-semibold uppercase tracking-[0.12...
  562 |                 Related claims
  563 |               </h2>

Parsing ecmascript source code failed @ http://localhost:3000/_next/static/chunks/1l_l_next_dist_0sxpgfl._.js:1945
[   29465ms] [ERROR] ./Dropbox (Maestral)/smarthumans.ai/src/app/claims/[slug]/page.tsx:560:32
Unexpected character '”'
  558 |
  559 |           {related.length > 0 && (
> 560 |             <section className=”mt-10”>
      |                                ^
  561 |               <h2 className=”border-b pb-2 text-xs font-semibold uppercase tracking-[0.12...
  562 |                 Related claims
  563 |               </h2>

Parsing ecmascript source code failed @ http://localhost:3000/_next/static/chunks/1l_l_next_dist_0sxpgfl._.js:1945
[   29522ms] [ERROR] ./Dropbox (Maestral)/smarthumans.ai/src/app/claims/[slug]/page.tsx:560:32
Unexpected character '”'
  558 |
  559 |           {related.length > 0 && (
> 560 |             <section className=”mt-10”>
      |                                ^
  561 |               <h2 className=”border-b pb-2 text-xs font-semibold uppercase tracking-[0.12...
  562 |                 Related claims
  563 |               </h2>

Parsing ecmascript source code failed @ http://localhost:3000/_next/static/chunks/1l_l_next_dist_0sxpgfl._.js:1945
[   29580ms] [ERROR] ./Dropbox (Maestral)/smarthumans.ai/src/app/claims/[slug]/page.tsx:560:32
Unexpected character '”'
  558 |
  559 |           {related.length > 0 && (
> 560 |             <section className=”mt-10”>
      |                                ^
  561 |               <h2 className=”border-b pb-2 text-xs font-semibold uppercase tracking-[0.12...
  562 |                 Related claims
  563 |               </h2>

Parsing ecmascript source code failed @ http://localhost:3000/_next/static/chunks/1l_l_next_dist_0sxpgfl._.js:1945
[   29636ms] [ERROR] ./Dropbox (Maestral)/smarthumans.ai/src/app/claims/[slug]/page.tsx:560:32
Unexpected character '”'
  558 |
  559 |           {related.length > 0 && (
> 560 |             <section className=”mt-10”>
      |                                ^
  561 |               <h2 className=”border-b pb-2 text-xs font-semibold uppercase tracking-[0.12...
  562 |                 Related claims
  563 |               </h2>

Parsing ecmascript source code failed @ http://localhost:3000/_next/static/chunks/1l_l_next_dist_0sxpgfl._.js:1945
[   29694ms] [ERROR] ./Dropbox (Maestral)/smarthumans.ai/src/app/claims/[slug]/page.tsx:560:32
Unexpected character '”'
  558 |
  559 |           {related.length > 0 && (
> 560 |             <section className=”mt-10”>
      |                                ^
  561 |               <h2 className=”border-b pb-2 text-xs font-semibold uppercase tracking-[0.12...
  562 |                 Related claims
  563 |               </h2>

Parsing ecmascript source code failed @ http://localhost:3000/_next/static/chunks/1l_l_next_dist_0sxpgfl._.js:1945
[   29750ms] [ERROR] ./Dropbox (Maestral)/smarthumans.ai/src/app/claims/[slug]/page.tsx:560:32
Unexpected character '”'
  558 |
  559 |           {related.length > 0 && (
> 560 |             <section className=”mt-10”>
      |                                ^
  561 |               <h2 className=”border-b pb-2 text-xs font-semibold uppercase tracking-[0.12...
  562 |                 Related claims
  563 |               </h2>

Parsing ecmascript source code failed @ http://localhost:3000/_next/static/chunks/1l_l_next_dist_0sxpgfl._.js:1945
[   29803ms] [ERROR] ./Dropbox (Maestral)/smarthumans.ai/src/app/claims/[slug]/page.tsx:560:32
Unexpected character '”'
  558 |
  559 |           {related.length > 0 && (
> 560 |             <section className=”mt-10”>
      |                                ^
  561 |               <h2 className=”border-b pb-2 text-xs font-semibold uppercase tracking-[0.12...
  562 |                 Related claims
  563 |               </h2>

Parsing ecmascript source code failed @ http://localhost:3000/_next/static/chunks/1l_l_next_dist_0sxpgfl._.js:1945
[   29860ms] [ERROR] ./Dropbox (Maestral)/smarthumans.ai/src/app/claims/[slug]/page.tsx:560:32
Unexpected character '”'
  558 |
  559 |           {related.length > 0 && (
> 560 |             <section className=”mt-10”>
      |                                ^
  561 |               <h2 className=”border-b pb-2 text-xs font-semibold uppercase tracking-[0.12...
  562 |                 Related claims
  563 |               </h2>

Parsing ecmascript source code failed @ http://localhost:3000/_next/static/chunks/1l_l_next_dist_0sxpgfl._.js:1945
[   29917ms] [ERROR] ./Dropbox (Maestral)/smarthumans.ai/src/app/claims/[slug]/page.tsx:560:32
Unexpected character '”'
  558 |
  559 |           {related.length > 0 && (
> 560 |             <section className=”mt-10”>
      |                                ^
  561 |               <h2 className=”border-b pb-2 text-xs font-semibold uppercase tracking-[0.12...
  562 |                 Related claims
  563 |               </h2>

Parsing ecmascript source code failed @ http://localhost:3000/_next/static/chunks/1l_l_next_dist_0sxpgfl._.js:1945
[   29974ms] [ERROR] ./Dropbox (Maestral)/smarthumans.ai/src/app/claims/[slug]/page.tsx:560:32
Unexpected character '”'
  558 |
  559 |           {related.length > 0 && (
> 560 |             <section className=”mt-10”>
      |                                ^
  561 |               <h2 className=”border-b pb-2 text-xs font-semibold uppercase tracking-[0.12...
  562 |                 Related claims
  563 |               </h2>

Parsing ecmascript source code failed @ http://localhost:3000/_next/static/chunks/1l_l_next_dist_0sxpgfl._.js:1945
[   30034ms] [ERROR] ./Dropbox (Maestral)/smarthumans.ai/src/app/claims/[slug]/page.tsx:560:32
Unexpected character '”'
  558 |
  559 |           {related.length > 0 && (
> 560 |             <section className=”mt-10”>
      |                                ^
  561 |               <h2 className=”border-b pb-2 text-xs font-semibold uppercase tracking-[0.12...
  562 |                 Related claims
  563 |               </h2>

Parsing ecmascript source code failed @ http://localhost:3000/_next/static/chunks/1l_l_next_dist_0sxpgfl._.js:1945
[   30091ms] [ERROR] ./Dropbox (Maestral)/smarthumans.ai/src/app/claims/[slug]/page.tsx:560:32
Unexpected character '”'
  558 |
  559 |           {related.length > 0 && (
> 560 |             <section className=”mt-10”>
      |                                ^
  561 |               <h2 className=”border-b pb-2 text-xs font-semibold uppercase tracking-[0.12...
  562 |                 Related claims
  563 |               </h2>

Parsing ecmascript source code failed @ http://localhost:3000/_next/static/chunks/1l_l_next_dist_0sxpgfl._.js:1945
[   30148ms] [ERROR] ./Dropbox (Maestral)/smarthumans.ai/src/app/claims/[slug]/page.tsx:560:32
Unexpected character '”'
  558 |
  559 |           {related.length > 0 && (
> 560 |             <section className=”mt-10”>
      |                                ^
  561 |               <h2 className=”border-b pb-2 text-xs font-semibold uppercase tracking-[0.12...
  562 |                 Related claims
  563 |               </h2>

Parsing ecmascript source code failed @ http://localhost:3000/_next/static/chunks/1l_l_next_dist_0sxpgfl._.js:1945
[   30205ms] [ERROR] ./Dropbox (Maestral)/smarthumans.ai/src/app/claims/[slug]/page.tsx:560:32
Unexpected character '”'
  558 |
  559 |           {related.length > 0 && (
> 560 |             <section className=”mt-10”>
      |                                ^
  561 |               <h2 className=”border-b pb-2 text-xs font-semibold uppercase tracking-[0.12...
  562 |                 Related claims
  563 |               </h2>

Parsing ecmascript source code failed @ http://localhost:3000/_next/static/chunks/1l_l_next_dist_0sxpgfl._.js:1945
[   30264ms] [ERROR] ./Dropbox (Maestral)/smarthumans.ai/src/app/claims/[slug]/page.tsx:560:32
Unexpected character '”'
  558 |
  559 |           {related.length > 0 && (
> 560 |             <section className=”mt-10”>
      |                                ^
  561 |               <h2 className=”border-b pb-2 text-xs font-semibold uppercase tracking-[0.12...
  562 |                 Related claims
  563 |               </h2>

Parsing ecmascript source code failed @ http://localhost:3000/_next/static/chunks/1l_l_next_dist_0sxpgfl._.js:1945
[   30322ms] [ERROR] ./Dropbox (Maestral)/smarthumans.ai/src/app/claims/[slug]/page.tsx:560:32
Unexpected character '”'
  558 |
  559 |           {related.length > 0 && (
> 560 |             <section className=”mt-10”>
      |                                ^
  561 |               <h2 className=”border-b pb-2 text-xs font-semibold uppercase tracking-[0.12...
  562 |                 Related claims
  563 |               </h2>

Parsing ecmascript source code failed @ http://localhost:3000/_next/static/chunks/1l_l_next_dist_0sxpgfl._.js:1945
[   30381ms] [ERROR] ./Dropbox (Maestral)/smarthumans.ai/src/app/claims/[slug]/page.tsx:560:32
Unexpected character '”'
  558 |
  559 |           {related.length > 0 && (
> 560 |             <section className=”mt-10”>
      |                                ^
  561 |               <h2 className=”border-b pb-2 text-xs font-semibold uppercase tracking-[0.12...
  562 |                 Related claims
  563 |               </h2>

Parsing ecmascript source code failed @ http://localhost:3000/_next/static/chunks/1l_l_next_dist_0sxpgfl._.js:1945
[   30438ms] [ERROR] ./Dropbox (Maestral)/smarthumans.ai/src/app/claims/[slug]/page.tsx:560:32
Unexpected character '”'
  558 |
  559 |           {related.length > 0 && (
> 560 |             <section className=”mt-10”>
      |                                ^
  561 |               <h2 className=”border-b pb-2 text-xs font-semibold uppercase tracking-[0.12...
  562 |                 Related claims
  563 |               </h2>

Parsing ecmascript source code failed @ http://localhost:3000/_next/static/chunks/1l_l_next_dist_0sxpgfl._.js:1945
[   30497ms] [ERROR] ./Dropbox (Maestral)/smarthumans.ai/src/app/claims/[slug]/page.tsx:560:32
Unexpected character '”'
  558 |
  559 |           {related.length > 0 && (
> 560 |             <section className=”mt-10”>
      |                                ^
  561 |               <h2 className=”border-b pb-2 text-xs font-semibold uppercase tracking-[0.12...
  562 |                 Related claims
  563 |               </h2>

Parsing ecmascript source code failed @ http://localhost:3000/_next/static/chunks/1l_l_next_dist_0sxpgfl._.js:1945
[   30555ms] [ERROR] ./Dropbox (Maestral)/smarthumans.ai/src/app/claims/[slug]/page.tsx:560:32
Unexpected character '”'
  558 |
  559 |           {related.length > 0 && (
> 560 |             <section className=”mt-10”>
      |                                ^
  561 |               <h2 className=”border-b pb-2 text-xs font-semibold uppercase tracking-[0.12...
  562 |                 Related claims
  563 |               </h2>

Parsing ecmascript source code failed @ http://localhost:3000/_next/static/chunks/1l_l_next_dist_0sxpgfl._.js:1945
[   30614ms] [ERROR] ./Dropbox (Maestral)/smarthumans.ai/src/app/claims/[slug]/page.tsx:560:32
Unexpected character '”'
  558 |
  559 |           {related.length > 0 && (
> 560 |             <section className=”mt-10”>
      |                                ^
  561 |               <h2 className=”border-b pb-2 text-xs font-semibold uppercase tracking-[0.12...
  562 |                 Related claims
  563 |               </h2>

Parsing ecmascript source code failed @ http://localhost:3000/_next/static/chunks/1l_l_next_dist_0sxpgfl._.js:1945
[   30671ms] [ERROR] ./Dropbox (Maestral)/smarthumans.ai/src/app/claims/[slug]/page.tsx:560:32
Unexpected character '”'
  558 |
  559 |           {related.length > 0 && (
> 560 |             <section className=”mt-10”>
      |                                ^
  561 |               <h2 className=”border-b pb-2 text-xs font-semibold uppercase tracking-[0.12...
  562 |                 Related claims
  563 |               </h2>

Parsing ecmascript source code failed @ http://localhost:3000/_next/static/chunks/1l_l_next_dist_0sxpgfl._.js:1945
[   30729ms] [ERROR] ./Dropbox (Maestral)/smarthumans.ai/src/app/claims/[slug]/page.tsx:560:32
Unexpected character '”'
  558 |
  559 |           {related.length > 0 && (
> 560 |             <section className=”mt-10”>
      |                                ^
  561 |               <h2 className=”border-b pb-2 text-xs font-semibold uppercase tracking-[0.12...
  562 |                 Related claims
  563 |               </h2>

Parsing ecmascript source code failed @ http://localhost:3000/_next/static/chunks/1l_l_next_dist_0sxpgfl._.js:1945
[   30789ms] [ERROR] ./Dropbox (Maestral)/smarthumans.ai/src/app/claims/[slug]/page.tsx:560:32
Unexpected character '”'
  558 |
  559 |           {related.length > 0 && (
> 560 |             <section className=”mt-10”>
      |                                ^
  561 |               <h2 className=”border-b pb-2 text-xs font-semibold uppercase tracking-[0.12...
  562 |                 Related claims
  563 |               </h2>

Parsing ecmascript source code failed @ http://localhost:3000/_next/static/chunks/1l_l_next_dist_0sxpgfl._.js:1945
[   30846ms] [ERROR] ./Dropbox (Maestral)/smarthumans.ai/src/app/claims/[slug]/page.tsx:560:32
Unexpected character '”'
  558 |
  559 |           {related.length > 0 && (
> 560 |             <section className=”mt-10”>
      |                                ^
  561 |               <h2 className=”border-b pb-2 text-xs font-semibold uppercase tracking-[0.12...
  562 |                 Related claims
  563 |               </h2>

Parsing ecmascript source code failed @ http://localhost:3000/_next/static/chunks/1l_l_next_dist_0sxpgfl._.js:1945
[   30903ms] [ERROR] ./Dropbox (Maestral)/smarthumans.ai/src/app/claims/[slug]/page.tsx:560:32
Unexpected character '”'
  558 |
  559 |           {related.length > 0 && (
> 560 |             <section className=”mt-10”>
      |                                ^
  561 |               <h2 className=”border-b pb-2 text-xs font-semibold uppercase tracking-[0.12...
  562 |                 Related claims
  563 |               </h2>

Parsing ecmascript source code failed @ http://localhost:3000/_next/static/chunks/1l_l_next_dist_0sxpgfl._.js:1945
[   30961ms] [ERROR] ./Dropbox (Maestral)/smarthumans.ai/src/app/claims/[slug]/page.tsx:560:32
Unexpected character '”'
  558 |
  559 |           {related.length > 0 && (
> 560 |             <section className=”mt-10”>
      |                                ^
  561 |               <h2 className=”border-b pb-2 text-xs font-semibold uppercase tracking-[0.12...
  562 |                 Related claims
  563 |               </h2>

Parsing ecmascript source code failed @ http://localhost:3000/_next/static/chunks/1l_l_next_dist_0sxpgfl._.js:1945
[   31018ms] [ERROR] ./Dropbox (Maestral)/smarthumans.ai/src/app/claims/[slug]/page.tsx:560:32
Unexpected character '”'
  558 |
  559 |           {related.length > 0 && (
> 560 |             <section className=”mt-10”>
      |                                ^
  561 |               <h2 className=”border-b pb-2 text-xs font-semibold uppercase tracking-[0.12...
  562 |                 Related claims
  563 |               </h2>

Parsing ecmascript source code failed @ http://localhost:3000/_next/static/chunks/1l_l_next_dist_0sxpgfl._.js:1945
[   31075ms] [ERROR] ./Dropbox (Maestral)/smarthumans.ai/src/app/claims/[slug]/page.tsx:560:32
Unexpected character '”'
  558 |
  559 |           {related.length > 0 && (
> 560 |             <section className=”mt-10”>
      |                                ^
  561 |               <h2 className=”border-b pb-2 text-xs font-semibold uppercase tracking-[0.12...
  562 |                 Related claims
  563 |               </h2>

Parsing ecmascript source code failed @ http://localhost:3000/_next/static/chunks/1l_l_next_dist_0sxpgfl._.js:1945
[   31130ms] [ERROR] ./Dropbox (Maestral)/smarthumans.ai/src/app/claims/[slug]/page.tsx:560:32
Unexpected character '”'
  558 |
  559 |           {related.length > 0 && (
> 560 |             <section className=”mt-10”>
      |                                ^
  561 |               <h2 className=”border-b pb-2 text-xs font-semibold uppercase tracking-[0.12...
  562 |                 Related claims
  563 |               </h2>

Parsing ecmascript source code failed @ http://localhost:3000/_next/static/chunks/1l_l_next_dist_0sxpgfl._.js:1945
[   31186ms] [ERROR] ./Dropbox (Maestral)/smarthumans.ai/src/app/claims/[slug]/page.tsx:560:32
Unexpected character '”'
  558 |
  559 |           {related.length > 0 && (
> 560 |             <section className=”mt-10”>
      |                                ^
  561 |               <h2 className=”border-b pb-2 text-xs font-semibold uppercase tracking-[0.12...
  562 |                 Related claims
  563 |               </h2>

Parsing ecmascript source code failed @ http://localhost:3000/_next/static/chunks/1l_l_next_dist_0sxpgfl._.js:1945
[   31242ms] [ERROR] ./Dropbox (Maestral)/smarthumans.ai/src/app/claims/[slug]/page.tsx:560:32
Unexpected character '”'
  558 |
  559 |           {related.length > 0 && (
> 560 |             <section className=”mt-10”>
      |                                ^
  561 |               <h2 className=”border-b pb-2 text-xs font-semibold uppercase tracking-[0.12...
  562 |                 Related claims
  563 |               </h2>

Parsing ecmascript source code failed @ http://localhost:3000/_next/static/chunks/1l_l_next_dist_0sxpgfl._.js:1945
[   31300ms] [ERROR] ./Dropbox (Maestral)/smarthumans.ai/src/app/claims/[slug]/page.tsx:560:32
Unexpected character '”'
  558 |
  559 |           {related.length > 0 && (
> 560 |             <section className=”mt-10”>
      |                                ^
  561 |               <h2 className=”border-b pb-2 text-xs font-semibold uppercase tracking-[0.12...
  562 |                 Related claims
  563 |               </h2>

Parsing ecmascript source code failed @ http://localhost:3000/_next/static/chunks/1l_l_next_dist_0sxpgfl._.js:1945
[   31358ms] [ERROR] ./Dropbox (Maestral)/smarthumans.ai/src/app/claims/[slug]/page.tsx:560:32
Unexpected character '”'
  558 |
  559 |           {related.length > 0 && (
> 560 |             <section className=”mt-10”>
      |                                ^
  561 |               <h2 className=”border-b pb-2 text-xs font-semibold uppercase tracking-[0.12...
  562 |                 Related claims
  563 |               </h2>

Parsing ecmascript source code failed @ http://localhost:3000/_next/static/chunks/1l_l_next_dist_0sxpgfl._.js:1945
[   31417ms] [ERROR] ./Dropbox (Maestral)/smarthumans.ai/src/app/claims/[slug]/page.tsx:560:32
Unexpected character '”'
  558 |
  559 |           {related.length > 0 && (
> 560 |             <section className=”mt-10”>
      |                                ^
  561 |               <h2 className=”border-b pb-2 text-xs font-semibold uppercase tracking-[0.12...
  562 |                 Related claims
  563 |               </h2>

Parsing ecmascript source code failed @ http://localhost:3000/_next/static/chunks/1l_l_next_dist_0sxpgfl._.js:1945
[   31474ms] [ERROR] ./Dropbox (Maestral)/smarthumans.ai/src/app/claims/[slug]/page.tsx:560:32
Unexpected character '”'
  558 |
  559 |           {related.length > 0 && (
> 560 |             <section className=”mt-10”>
      |                                ^
  561 |               <h2 className=”border-b pb-2 text-xs font-semibold uppercase tracking-[0.12...
  562 |                 Related claims
  563 |               </h2>

Parsing ecmascript source code failed @ http://localhost:3000/_next/static/chunks/1l_l_next_dist_0sxpgfl._.js:1945
[   31531ms] [ERROR] ./Dropbox (Maestral)/smarthumans.ai/src/app/claims/[slug]/page.tsx:560:32
Unexpected character '”'
  558 |
  559 |           {related.length > 0 && (
> 560 |             <section className=”mt-10”>
      |                                ^
  561 |               <h2 className=”border-b pb-2 text-xs font-semibold uppercase tracking-[0.12...
  562 |                 Related claims
  563 |               </h2>

Parsing ecmascript source code failed @ http://localhost:3000/_next/static/chunks/1l_l_next_dist_0sxpgfl._.js:1945
[   31589ms] [ERROR] ./Dropbox (Maestral)/smarthumans.ai/src/app/claims/[slug]/page.tsx:560:32
Unexpected character '”'
  558 |
  559 |           {related.length > 0 && (
> 560 |             <section className=”mt-10”>
      |                                ^
  561 |               <h2 className=”border-b pb-2 text-xs font-semibold uppercase tracking-[0.12...
  562 |                 Related claims
  563 |               </h2>

Parsing ecmascript source code failed @ http://localhost:3000/_next/static/chunks/1l_l_next_dist_0sxpgfl._.js:1945
[   31646ms] [ERROR] ./Dropbox (Maestral)/smarthumans.ai/src/app/claims/[slug]/page.tsx:560:32
Unexpected character '”'
  558 |
  559 |           {related.length > 0 && (
> 560 |             <section className=”mt-10”>
      |                                ^
  561 |               <h2 className=”border-b pb-2 text-xs font-semibold uppercase tracking-[0.12...
  562 |                 Related claims
  563 |               </h2>

Parsing ecmascript source code failed @ http://localhost:3000/_next/static/chunks/1l_l_next_dist_0sxpgfl._.js:1945
[   31704ms] [ERROR] ./Dropbox (Maestral)/smarthumans.ai/src/app/claims/[slug]/page.tsx:560:32
Unexpected character '”'
  558 |
  559 |           {related.length > 0 && (
> 560 |             <section className=”mt-10”>
      |                                ^
  561 |               <h2 className=”border-b pb-2 text-xs font-semibold uppercase tracking-[0.12...
  562 |                 Related claims
  563 |               </h2>

Parsing ecmascript source code failed @ http://localhost:3000/_next/static/chunks/1l_l_next_dist_0sxpgfl._.js:1945
[   31762ms] [ERROR] ./Dropbox (Maestral)/smarthumans.ai/src/app/claims/[slug]/page.tsx:560:32
Unexpected character '”'
  558 |
  559 |           {related.length > 0 && (
> 560 |             <section className=”mt-10”>
      |                                ^
  561 |               <h2 className=”border-b pb-2 text-xs font-semibold uppercase tracking-[0.12...
  562 |                 Related claims
  563 |               </h2>

Parsing ecmascript source code failed @ http://localhost:3000/_next/static/chunks/1l_l_next_dist_0sxpgfl._.js:1945
[   31817ms] [ERROR] ./Dropbox (Maestral)/smarthumans.ai/src/app/claims/[slug]/page.tsx:560:32
Unexpected character '”'
  558 |
  559 |           {related.length > 0 && (
> 560 |             <section className=”mt-10”>
      |                                ^
  561 |               <h2 className=”border-b pb-2 text-xs font-semibold uppercase tracking-[0.12...
  562 |                 Related claims
  563 |               </h2>

Parsing ecmascript source code failed @ http://localhost:3000/_next/static/chunks/1l_l_next_dist_0sxpgfl._.js:1945
[   31880ms] [ERROR] ./Dropbox (Maestral)/smarthumans.ai/src/app/claims/[slug]/page.tsx:560:32
Unexpected character '”'
  558 |
  559 |           {related.length > 0 && (
> 560 |             <section className=”mt-10”>
      |                                ^
  561 |               <h2 className=”border-b pb-2 text-xs font-semibold uppercase tracking-[0.12...
  562 |                 Related claims
  563 |               </h2>

Parsing ecmascript source code failed @ http://localhost:3000/_next/static/chunks/1l_l_next_dist_0sxpgfl._.js:1945
[   31938ms] [ERROR] ./Dropbox (Maestral)/smarthumans.ai/src/app/claims/[slug]/page.tsx:560:32
Unexpected character '”'
  558 |
  559 |           {related.length > 0 && (
> 560 |             <section className=”mt-10”>
      |                                ^
  561 |               <h2 className=”border-b pb-2 text-xs font-semibold uppercase tracking-[0.12...
  562 |                 Related claims
  563 |               </h2>

Parsing ecmascript source code failed @ http://localhost:3000/_next/static/chunks/1l_l_next_dist_0sxpgfl._.js:1945
[   31996ms] [ERROR] ./Dropbox (Maestral)/smarthumans.ai/src/app/claims/[slug]/page.tsx:560:32
Unexpected character '”'
  558 |
  559 |           {related.length > 0 && (
> 560 |             <section className=”mt-10”>
      |                                ^
  561 |               <h2 className=”border-b pb-2 text-xs font-semibold uppercase tracking-[0.12...
  562 |                 Related claims
  563 |               </h2>

Parsing ecmascript source code failed @ http://localhost:3000/_next/static/chunks/1l_l_next_dist_0sxpgfl._.js:1945
[   32051ms] [ERROR] ./Dropbox (Maestral)/smarthumans.ai/src/app/claims/[slug]/page.tsx:560:32
Unexpected character '”'
  558 |
  559 |           {related.length > 0 && (
> 560 |             <section className=”mt-10”>
      |                                ^
  561 |               <h2 className=”border-b pb-2 text-xs font-semibold uppercase tracking-[0.12...
  562 |                 Related claims
  563 |               </h2>

Parsing ecmascript source code failed @ http://localhost:3000/_next/static/chunks/1l_l_next_dist_0sxpgfl._.js:1945
[   32107ms] [ERROR] ./Dropbox (Maestral)/smarthumans.ai/src/app/claims/[slug]/page.tsx:560:32
Unexpected character '”'
  558 |
  559 |           {related.length > 0 && (
> 560 |             <section className=”mt-10”>
      |                                ^
  561 |               <h2 className=”border-b pb-2 text-xs font-semibold uppercase tracking-[0.12...
  562 |                 Related claims
  563 |               </h2>

Parsing ecmascript source code failed @ http://localhost:3000/_next/static/chunks/1l_l_next_dist_0sxpgfl._.js:1945
[   32164ms] [ERROR] ./Dropbox (Maestral)/smarthumans.ai/src/app/claims/[slug]/page.tsx:560:32
Unexpected character '”'
  558 |
  559 |           {related.length > 0 && (
> 560 |             <section className=”mt-10”>
      |                                ^
  561 |               <h2 className=”border-b pb-2 text-xs font-semibold uppercase tracking-[0.12...
  562 |                 Related claims
  563 |               </h2>

Parsing ecmascript source code failed @ http://localhost:3000/_next/static/chunks/1l_l_next_dist_0sxpgfl._.js:1945
[   32221ms] [ERROR] ./Dropbox (Maestral)/smarthumans.ai/src/app/claims/[slug]/page.tsx:560:32
Unexpected character '”'
  558 |
  559 |           {related.length > 0 && (
> 560 |             <section className=”mt-10”>
      |                                ^
  561 |               <h2 className=”border-b pb-2 text-xs font-semibold uppercase tracking-[0.12...
  562 |                 Related claims
  563 |               </h2>

Parsing ecmascript source code failed @ http://localhost:3000/_next/static/chunks/1l_l_next_dist_0sxpgfl._.js:1945
[   32280ms] [ERROR] ./Dropbox (Maestral)/smarthumans.ai/src/app/claims/[slug]/page.tsx:560:32
Unexpected character '”'
  558 |
  559 |           {related.length > 0 && (
> 560 |             <section className=”mt-10”>
      |                                ^
  561 |               <h2 className=”border-b pb-2 text-xs font-semibold uppercase tracking-[0.12...
  562 |                 Related claims
  563 |               </h2>

Parsing ecmascript source code failed @ http://localhost:3000/_next/static/chunks/1l_l_next_dist_0sxpgfl._.js:1945
[   32336ms] [ERROR] ./Dropbox (Maestral)/smarthumans.ai/src/app/claims/[slug]/page.tsx:560:32
Unexpected character '”'
  558 |
  559 |           {related.length > 0 && (
> 560 |             <section className=”mt-10”>
      |                                ^
  561 |               <h2 className=”border-b pb-2 text-xs font-semibold uppercase tracking-[0.12...
  562 |                 Related claims
  563 |               </h2>

Parsing ecmascript source code failed @ http://localhost:3000/_next/static/chunks/1l_l_next_dist_0sxpgfl._.js:1945
[   32393ms] [ERROR] ./Dropbox (Maestral)/smarthumans.ai/src/app/claims/[slug]/page.tsx:560:32
Unexpected character '”'
  558 |
  559 |           {related.length > 0 && (
> 560 |             <section className=”mt-10”>
      |                                ^
  561 |               <h2 className=”border-b pb-2 text-xs font-semibold uppercase tracking-[0.12...
  562 |                 Related claims
  563 |               </h2>

Parsing ecmascript source code failed @ http://localhost:3000/_next/static/chunks/1l_l_next_dist_0sxpgfl._.js:1945
[   32451ms] [ERROR] ./Dropbox (Maestral)/smarthumans.ai/src/app/claims/[slug]/page.tsx:560:32
Unexpected character '”'
  558 |
  559 |           {related.length > 0 && (
> 560 |             <section className=”mt-10”>
      |                                ^
  561 |               <h2 className=”border-b pb-2 text-xs font-semibold uppercase tracking-[0.12...
  562 |                 Related claims
  563 |               </h2>

Parsing ecmascript source code failed @ http://localhost:3000/_next/static/chunks/1l_l_next_dist_0sxpgfl._.js:1945
[   32509ms] [ERROR] ./Dropbox (Maestral)/smarthumans.ai/src/app/claims/[slug]/page.tsx:560:32
Unexpected character '”'
  558 |
  559 |           {related.length > 0 && (
> 560 |             <section className=”mt-10”>
      |                                ^
  561 |               <h2 className=”border-b pb-2 text-xs font-semibold uppercase tracking-[0.12...
  562 |                 Related claims
  563 |               </h2>

Parsing ecmascript source code failed @ http://localhost:3000/_next/static/chunks/1l_l_next_dist_0sxpgfl._.js:1945
[   32568ms] [ERROR] ./Dropbox (Maestral)/smarthumans.ai/src/app/claims/[slug]/page.tsx:560:32
Unexpected character '”'
  558 |
  559 |           {related.length > 0 && (
> 560 |             <section className=”mt-10”>
      |                                ^
  561 |               <h2 className=”border-b pb-2 text-xs font-semibold uppercase tracking-[0.12...
  562 |                 Related claims
  563 |               </h2>

Parsing ecmascript source code failed @ http://localhost:3000/_next/static/chunks/1l_l_next_dist_0sxpgfl._.js:1945
[   32625ms] [ERROR] ./Dropbox (Maestral)/smarthumans.ai/src/app/claims/[slug]/page.tsx:560:32
Unexpected character '”'
  558 |
  559 |           {related.length > 0 && (
> 560 |             <section className=”mt-10”>
      |                                ^
  561 |               <h2 className=”border-b pb-2 text-xs font-semibold uppercase tracking-[0.12...
  562 |                 Related claims
  563 |               </h2>

Parsing ecmascript source code failed @ http://localhost:3000/_next/static/chunks/1l_l_next_dist_0sxpgfl._.js:1945
[   32682ms] [ERROR] ./Dropbox (Maestral)/smarthumans.ai/src/app/claims/[slug]/page.tsx:560:32
Unexpected character '”'
  558 |
  559 |           {related.length > 0 && (
> 560 |             <section className=”mt-10”>
      |                                ^
  561 |               <h2 className=”border-b pb-2 text-xs font-semibold uppercase tracking-[0.12...
  562 |                 Related claims
  563 |               </h2>

Parsing ecmascript source code failed @ http://localhost:3000/_next/static/chunks/1l_l_next_dist_0sxpgfl._.js:1945
[   32739ms] [ERROR] ./Dropbox (Maestral)/smarthumans.ai/src/app/claims/[slug]/page.tsx:560:32
Unexpected character '”'
  558 |
  559 |           {related.length > 0 && (
> 560 |             <section className=”mt-10”>
      |                                ^
  561 |               <h2 className=”border-b pb-2 text-xs font-semibold uppercase tracking-[0.12...
  562 |                 Related claims
  563 |               </h2>

Parsing ecmascript source code failed @ http://localhost:3000/_next/static/chunks/1l_l_next_dist_0sxpgfl._.js:1945
[   32796ms] [ERROR] ./Dropbox (Maestral)/smarthumans.ai/src/app/claims/[slug]/page.tsx:560:32
Unexpected character '”'
  558 |
  559 |           {related.length > 0 && (
> 560 |             <section className=”mt-10”>
      |                                ^
  561 |               <h2 className=”border-b pb-2 text-xs font-semibold uppercase tracking-[0.12...
  562 |                 Related claims
  563 |               </h2>

Parsing ecmascript source code failed @ http://localhost:3000/_next/static/chunks/1l_l_next_dist_0sxpgfl._.js:1945
[   32853ms] [ERROR] ./Dropbox (Maestral)/smarthumans.ai/src/app/claims/[slug]/page.tsx:560:32
Unexpected character '”'
  558 |
  559 |           {related.length > 0 && (
> 560 |             <section className=”mt-10”>
      |                                ^
  561 |               <h2 className=”border-b pb-2 text-xs font-semibold uppercase tracking-[0.12...
  562 |                 Related claims
  563 |               </h2>

Parsing ecmascript source code failed @ http://localhost:3000/_next/static/chunks/1l_l_next_dist_0sxpgfl._.js:1945
[   32909ms] [ERROR] ./Dropbox (Maestral)/smarthumans.ai/src/app/claims/[slug]/page.tsx:560:32
Unexpected character '”'
  558 |
  559 |           {related.length > 0 && (
> 560 |             <section className=”mt-10”>
      |                                ^
  561 |               <h2 className=”border-b pb-2 text-xs font-semibold uppercase tracking-[0.12...
  562 |                 Related claims
  563 |               </h2>

Parsing ecmascript source code failed @ http://localhost:3000/_next/static/chunks/1l_l_next_dist_0sxpgfl._.js:1945
[   32966ms] [ERROR] ./Dropbox (Maestral)/smarthumans.ai/src/app/claims/[slug]/page.tsx:560:32
Unexpected character '”'
  558 |
  559 |           {related.length > 0 && (
> 560 |             <section className=”mt-10”>
      |                                ^
  561 |               <h2 className=”border-b pb-2 text-xs font-semibold uppercase tracking-[0.12...
  562 |                 Related claims
  563 |               </h2>

Parsing ecmascript source code failed @ http://localhost:3000/_next/static/chunks/1l_l_next_dist_0sxpgfl._.js:1945
[   33026ms] [ERROR] ./Dropbox (Maestral)/smarthumans.ai/src/app/claims/[slug]/page.tsx:560:32
Unexpected character '”'
  558 |
  559 |           {related.length > 0 && (
> 560 |             <section className=”mt-10”>
      |                                ^
  561 |               <h2 className=”border-b pb-2 text-xs font-semibold uppercase tracking-[0.12...
  562 |                 Related claims
  563 |               </h2>

Parsing ecmascript source code failed @ http://localhost:3000/_next/static/chunks/1l_l_next_dist_0sxpgfl._.js:1945
[   33085ms] [ERROR] ./Dropbox (Maestral)/smarthumans.ai/src/app/claims/[slug]/page.tsx:560:32
Unexpected character '”'
  558 |
  559 |           {related.length > 0 && (
> 560 |             <section className=”mt-10”>
      |                                ^
  561 |               <h2 className=”border-b pb-2 text-xs font-semibold uppercase tracking-[0.12...
  562 |                 Related claims
  563 |               </h2>

Parsing ecmascript source code failed @ http://localhost:3000/_next/static/chunks/1l_l_next_dist_0sxpgfl._.js:1945
[   33141ms] [ERROR] ./Dropbox (Maestral)/smarthumans.ai/src/app/claims/[slug]/page.tsx:560:32
Unexpected character '”'
  558 |
  559 |           {related.length > 0 && (
> 560 |             <section className=”mt-10”>
      |                                ^
  561 |               <h2 className=”border-b pb-2 text-xs font-semibold uppercase tracking-[0.12...
  562 |                 Related claims
  563 |               </h2>

Parsing ecmascript source code failed @ http://localhost:3000/_next/static/chunks/1l_l_next_dist_0sxpgfl._.js:1945
[   33199ms] [ERROR] ./Dropbox (Maestral)/smarthumans.ai/src/app/claims/[slug]/page.tsx:560:32
Unexpected character '”'
  558 |
  559 |           {related.length > 0 && (
> 560 |             <section className=”mt-10”>
      |                                ^
  561 |               <h2 className=”border-b pb-2 text-xs font-semibold uppercase tracking-[0.12...
  562 |                 Related claims
  563 |               </h2>

Parsing ecmascript source code failed @ http://localhost:3000/_next/static/chunks/1l_l_next_dist_0sxpgfl._.js:1945
[   33255ms] [ERROR] ./Dropbox (Maestral)/smarthumans.ai/src/app/claims/[slug]/page.tsx:560:32
Unexpected character '”'
  558 |
  559 |           {related.length > 0 && (
> 560 |             <section className=”mt-10”>
      |                                ^
  561 |               <h2 className=”border-b pb-2 text-xs font-semibold uppercase tracking-[0.12...
  562 |                 Related claims
  563 |               </h2>

Parsing ecmascript source code failed @ http://localhost:3000/_next/static/chunks/1l_l_next_dist_0sxpgfl._.js:1945
[   33313ms] [ERROR] ./Dropbox (Maestral)/smarthumans.ai/src/app/claims/[slug]/page.tsx:560:32
Unexpected character '”'
  558 |
  559 |           {related.length > 0 && (
> 560 |             <section className=”mt-10”>
      |                                ^
  561 |               <h2 className=”border-b pb-2 text-xs font-semibold uppercase tracking-[0.12...
  562 |                 Related claims
  563 |               </h2>

Parsing ecmascript source code failed @ http://localhost:3000/_next/static/chunks/1l_l_next_dist_0sxpgfl._.js:1945
[   33371ms] [ERROR] ./Dropbox (Maestral)/smarthumans.ai/src/app/claims/[slug]/page.tsx:560:32
Unexpected character '”'
  558 |
  559 |           {related.length > 0 && (
> 560 |             <section className=”mt-10”>
      |                                ^
  561 |               <h2 className=”border-b pb-2 text-xs font-semibold uppercase tracking-[0.12...
  562 |                 Related claims
  563 |               </h2>

Parsing ecmascript source code failed @ http://localhost:3000/_next/static/chunks/1l_l_next_dist_0sxpgfl._.js:1945
[   33430ms] [ERROR] ./Dropbox (Maestral)/smarthumans.ai/src/app/claims/[slug]/page.tsx:560:32
Unexpected character '”'
  558 |
  559 |           {related.length > 0 && (
> 560 |             <section className=”mt-10”>
      |                                ^
  561 |               <h2 className=”border-b pb-2 text-xs font-semibold uppercase tracking-[0.12...
  562 |                 Related claims
  563 |               </h2>

Parsing ecmascript source code failed @ http://localhost:3000/_next/static/chunks/1l_l_next_dist_0sxpgfl._.js:1945
[   33487ms] [ERROR] ./Dropbox (Maestral)/smarthumans.ai/src/app/claims/[slug]/page.tsx:560:32
Unexpected character '”'
  558 |
  559 |           {related.length > 0 && (
> 560 |             <section className=”mt-10”>
      |                                ^
  561 |               <h2 className=”border-b pb-2 text-xs font-semibold uppercase tracking-[0.12...
  562 |                 Related claims
  563 |               </h2>

Parsing ecmascript source code failed @ http://localhost:3000/_next/static/chunks/1l_l_next_dist_0sxpgfl._.js:1945
[   33545ms] [ERROR] ./Dropbox (Maestral)/smarthumans.ai/src/app/claims/[slug]/page.tsx:560:32
Unexpected character '”'
  558 |
  559 |           {related.length > 0 && (
> 560 |             <section className=”mt-10”>
      |                                ^
  561 |               <h2 className=”border-b pb-2 text-xs font-semibold uppercase tracking-[0.12...
  562 |                 Related claims
  563 |               </h2>

Parsing ecmascript source code failed @ http://localhost:3000/_next/static/chunks/1l_l_next_dist_0sxpgfl._.js:1945
[   33600ms] [ERROR] ./Dropbox (Maestral)/smarthumans.ai/src/app/claims/[slug]/page.tsx:560:32
Unexpected character '”'
  558 |
  559 |           {related.length > 0 && (
> 560 |             <section className=”mt-10”>
      |                                ^
  561 |               <h2 className=”border-b pb-2 text-xs font-semibold uppercase tracking-[0.12...
  562 |                 Related claims
  563 |               </h2>

Parsing ecmascript source code failed @ http://localhost:3000/_next/static/chunks/1l_l_next_dist_0sxpgfl._.js:1945
[   33658ms] [ERROR] ./Dropbox (Maestral)/smarthumans.ai/src/app/claims/[slug]/page.tsx:560:32
Unexpected character '”'
  558 |
  559 |           {related.length > 0 && (
> 560 |             <section className=”mt-10”>
      |                                ^
  561 |               <h2 className=”border-b pb-2 text-xs font-semibold uppercase tracking-[0.12...
  562 |                 Related claims
  563 |               </h2>

Parsing ecmascript source code failed @ http://localhost:3000/_next/static/chunks/1l_l_next_dist_0sxpgfl._.js:1945
[   33715ms] [ERROR] ./Dropbox (Maestral)/smarthumans.ai/src/app/claims/[slug]/page.tsx:560:32
Unexpected character '”'
  558 |
  559 |           {related.length > 0 && (
> 560 |             <section className=”mt-10”>
      |                                ^
  561 |               <h2 className=”border-b pb-2 text-xs font-semibold uppercase tracking-[0.12...
  562 |                 Related claims
  563 |               </h2>

Parsing ecmascript source code failed @ http://localhost:3000/_next/static/chunks/1l_l_next_dist_0sxpgfl._.js:1945
[   33773ms] [ERROR] ./Dropbox (Maestral)/smarthumans.ai/src/app/claims/[slug]/page.tsx:560:32
Unexpected character '”'
  558 |
  559 |           {related.length > 0 && (
> 560 |             <section className=”mt-10”>
      |                                ^
  561 |               <h2 className=”border-b pb-2 text-xs font-semibold uppercase tracking-[0.12...
  562 |                 Related claims
  563 |               </h2>

Parsing ecmascript source code failed @ http://localhost:3000/_next/static/chunks/1l_l_next_dist_0sxpgfl._.js:1945
[   33831ms] [ERROR] ./Dropbox (Maestral)/smarthumans.ai/src/app/claims/[slug]/page.tsx:560:32
Unexpected character '”'
  558 |
  559 |           {related.length > 0 && (
> 560 |             <section className=”mt-10”>
      |                                ^
  561 |               <h2 className=”border-b pb-2 text-xs font-semibold uppercase tracking-[0.12...
  562 |                 Related claims
  563 |               </h2>

Parsing ecmascript source code failed @ http://localhost:3000/_next/static/chunks/1l_l_next_dist_0sxpgfl._.js:1945
[   33888ms] [ERROR] ./Dropbox (Maestral)/smarthumans.ai/src/app/claims/[slug]/page.tsx:560:32
Unexpected character '”'
  558 |
  559 |           {related.length > 0 && (
> 560 |             <section className=”mt-10”>
      |                                ^
  561 |               <h2 className=”border-b pb-2 text-xs font-semibold uppercase tracking-[0.12...
  562 |                 Related claims
  563 |               </h2>

Parsing ecmascript source code failed @ http://localhost:3000/_next/static/chunks/1l_l_next_dist_0sxpgfl._.js:1945
[   33946ms] [ERROR] ./Dropbox (Maestral)/smarthumans.ai/src/app/claims/[slug]/page.tsx:560:32
Unexpected character '”'
  558 |
  559 |           {related.length > 0 && (
> 560 |             <section className=”mt-10”>
      |                                ^
  561 |               <h2 className=”border-b pb-2 text-xs font-semibold uppercase tracking-[0.12...
  562 |                 Related claims
  563 |               </h2>

Parsing ecmascript source code failed @ http://localhost:3000/_next/static/chunks/1l_l_next_dist_0sxpgfl._.js:1945
[   34004ms] [ERROR] ./Dropbox (Maestral)/smarthumans.ai/src/app/claims/[slug]/page.tsx:560:32
Unexpected character '”'
  558 |
  559 |           {related.length > 0 && (
> 560 |             <section className=”mt-10”>
      |                                ^
  561 |               <h2 className=”border-b pb-2 text-xs font-semibold uppercase tracking-[0.12...
  562 |                 Related claims
  563 |               </h2>

Parsing ecmascript source code failed @ http://localhost:3000/_next/static/chunks/1l_l_next_dist_0sxpgfl._.js:1945
[   34062ms] [ERROR] ./Dropbox (Maestral)/smarthumans.ai/src/app/claims/[slug]/page.tsx:560:32
Unexpected character '”'
  558 |
  559 |           {related.length > 0 && (
> 560 |             <section className=”mt-10”>
      |                                ^
  561 |               <h2 className=”border-b pb-2 text-xs font-semibold uppercase tracking-[0.12...
  562 |                 Related claims
  563 |               </h2>

Parsing ecmascript source code failed @ http://localhost:3000/_next/static/chunks/1l_l_next_dist_0sxpgfl._.js:1945
[   34119ms] [ERROR] ./Dropbox (Maestral)/smarthumans.ai/src/app/claims/[slug]/page.tsx:560:32
Unexpected character '”'
  558 |
  559 |           {related.length > 0 && (
> 560 |             <section className=”mt-10”>
      |                                ^
  561 |               <h2 className=”border-b pb-2 text-xs font-semibold uppercase tracking-[0.12...
  562 |                 Related claims
  563 |               </h2>

Parsing ecmascript source code failed @ http://localhost:3000/_next/static/chunks/1l_l_next_dist_0sxpgfl._.js:1945
[   34176ms] [ERROR] ./Dropbox (Maestral)/smarthumans.ai/src/app/claims/[slug]/page.tsx:560:32
Unexpected character '”'
  558 |
  559 |           {related.length > 0 && (
> 560 |             <section className=”mt-10”>
      |                                ^
  561 |               <h2 className=”border-b pb-2 text-xs font-semibold uppercase tracking-[0.12...
  562 |                 Related claims
  563 |               </h2>

Parsing ecmascript source code failed @ http://localhost:3000/_next/static/chunks/1l_l_next_dist_0sxpgfl._.js:1945
[   34232ms] [ERROR] ./Dropbox (Maestral)/smarthumans.ai/src/app/claims/[slug]/page.tsx:560:32
Unexpected character '”'
  558 |
  559 |           {related.length > 0 && (
> 560 |             <section className=”mt-10”>
      |                                ^
  561 |               <h2 className=”border-b pb-2 text-xs font-semibold uppercase tracking-[0.12...
  562 |                 Related claims
  563 |               </h2>

Parsing ecmascript source code failed @ http://localhost:3000/_next/static/chunks/1l_l_next_dist_0sxpgfl._.js:1945
[   34290ms] [ERROR] ./Dropbox (Maestral)/smarthumans.ai/src/app/claims/[slug]/page.tsx:560:32
Unexpected character '”'
  558 |
  559 |           {related.length > 0 && (
> 560 |             <section className=”mt-10”>
      |                                ^
  561 |               <h2 className=”border-b pb-2 text-xs font-semibold uppercase tracking-[0.12...
  562 |                 Related claims
  563 |               </h2>

Parsing ecmascript source code failed @ http://localhost:3000/_next/static/chunks/1l_l_next_dist_0sxpgfl._.js:1945
[   34348ms] [ERROR] ./Dropbox (Maestral)/smarthumans.ai/src/app/claims/[slug]/page.tsx:560:32
Unexpected character '”'
  558 |
  559 |           {related.length > 0 && (
> 560 |             <section className=”mt-10”>
      |                                ^
  561 |               <h2 className=”border-b pb-2 text-xs font-semibold uppercase tracking-[0.12...
  562 |                 Related claims
  563 |               </h2>

Parsing ecmascript source code failed @ http://localhost:3000/_next/static/chunks/1l_l_next_dist_0sxpgfl._.js:1945
[   34406ms] [ERROR] ./Dropbox (Maestral)/smarthumans.ai/src/app/claims/[slug]/page.tsx:560:32
Unexpected character '”'
  558 |
  559 |           {related.length > 0 && (
> 560 |             <section className=”mt-10”>
      |                                ^
  561 |               <h2 className=”border-b pb-2 text-xs font-semibold uppercase tracking-[0.12...
  562 |                 Related claims
  563 |               </h2>

Parsing ecmascript source code failed @ http://localhost:3000/_next/static/chunks/1l_l_next_dist_0sxpgfl._.js:1945
[   34463ms] [ERROR] ./Dropbox (Maestral)/smarthumans.ai/src/app/claims/[slug]/page.tsx:560:32
Unexpected character '”'
  558 |
  559 |           {related.length > 0 && (
> 560 |             <section className=”mt-10”>
      |                                ^
  561 |               <h2 className=”border-b pb-2 text-xs font-semibold uppercase tracking-[0.12...
  562 |                 Related claims
  563 |               </h2>

Parsing ecmascript source code failed @ http://localhost:3000/_next/static/chunks/1l_l_next_dist_0sxpgfl._.js:1945
[   34521ms] [ERROR] ./Dropbox (Maestral)/smarthumans.ai/src/app/claims/[slug]/page.tsx:560:32
Unexpected character '”'
  558 |
  559 |           {related.length > 0 && (
> 560 |             <section className=”mt-10”>
      |                                ^
  561 |               <h2 className=”border-b pb-2 text-xs font-semibold uppercase tracking-[0.12...
  562 |                 Related claims
  563 |               </h2>

Parsing ecmascript source code failed @ http://localhost:3000/_next/static/chunks/1l_l_next_dist_0sxpgfl._.js:1945
[   34577ms] [ERROR] ./Dropbox (Maestral)/smarthumans.ai/src/app/claims/[slug]/page.tsx:560:32
Unexpected character '”'
  558 |
  559 |           {related.length > 0 && (
> 560 |             <section className=”mt-10”>
      |                                ^
  561 |               <h2 className=”border-b pb-2 text-xs font-semibold uppercase tracking-[0.12...
  562 |                 Related claims
  563 |               </h2>

Parsing ecmascript source code failed @ http://localhost:3000/_next/static/chunks/1l_l_next_dist_0sxpgfl._.js:1945
[   34634ms] [ERROR] ./Dropbox (Maestral)/smarthumans.ai/src/app/claims/[slug]/page.tsx:560:32
Unexpected character '”'
  558 |
  559 |           {related.length > 0 && (
> 560 |             <section className=”mt-10”>
      |                                ^
  561 |               <h2 className=”border-b pb-2 text-xs font-semibold uppercase tracking-[0.12...
  562 |                 Related claims
  563 |               </h2>

Parsing ecmascript source code failed @ http://localhost:3000/_next/static/chunks/1l_l_next_dist_0sxpgfl._.js:1945
[   34691ms] [ERROR] ./Dropbox (Maestral)/smarthumans.ai/src/app/claims/[slug]/page.tsx:560:32
Unexpected character '”'
  558 |
  559 |           {related.length > 0 && (
> 560 |             <section className=”mt-10”>
      |                                ^
  561 |               <h2 className=”border-b pb-2 text-xs font-semibold uppercase tracking-[0.12...
  562 |                 Related claims
  563 |               </h2>

Parsing ecmascript source code failed @ http://localhost:3000/_next/static/chunks/1l_l_next_dist_0sxpgfl._.js:1945
[   34750ms] [ERROR] ./Dropbox (Maestral)/smarthumans.ai/src/app/claims/[slug]/page.tsx:560:32
Unexpected character '”'
  558 |
  559 |           {related.length > 0 && (
> 560 |             <section className=”mt-10”>
      |                                ^
  561 |               <h2 className=”border-b pb-2 text-xs font-semibold uppercase tracking-[0.12...
  562 |                 Related claims
  563 |               </h2>

Parsing ecmascript source code failed @ http://localhost:3000/_next/static/chunks/1l_l_next_dist_0sxpgfl._.js:1945
[   34807ms] [ERROR] ./Dropbox (Maestral)/smarthumans.ai/src/app/claims/[slug]/page.tsx:560:32
Unexpected character '”'
  558 |
  559 |           {related.length > 0 && (
> 560 |             <section className=”mt-10”>
      |                                ^
  561 |               <h2 className=”border-b pb-2 text-xs font-semibold uppercase tracking-[0.12...
  562 |                 Related claims
  563 |               </h2>

Parsing ecmascript source code failed @ http://localhost:3000/_next/static/chunks/1l_l_next_dist_0sxpgfl._.js:1945
[   34865ms] [ERROR] ./Dropbox (Maestral)/smarthumans.ai/src/app/claims/[slug]/page.tsx:560:32
Unexpected character '”'
  558 |
  559 |           {related.length > 0 && (
> 560 |             <section className=”mt-10”>
      |                                ^
  561 |               <h2 className=”border-b pb-2 text-xs font-semibold uppercase tracking-[0.12...
  562 |                 Related claims
  563 |               </h2>

Parsing ecmascript source code failed @ http://localhost:3000/_next/static/chunks/1l_l_next_dist_0sxpgfl._.js:1945
[   34924ms] [ERROR] ./Dropbox (Maestral)/smarthumans.ai/src/app/claims/[slug]/page.tsx:560:32
Unexpected character '”'
  558 |
  559 |           {related.length > 0 && (
> 560 |             <section className=”mt-10”>
      |                                ^
  561 |               <h2 className=”border-b pb-2 text-xs font-semibold uppercase tracking-[0.12...
  562 |                 Related claims
  563 |               </h2>

Parsing ecmascript source code failed @ http://localhost:3000/_next/static/chunks/1l_l_next_dist_0sxpgfl._.js:1945
[   34980ms] [ERROR] ./Dropbox (Maestral)/smarthumans.ai/src/app/claims/[slug]/page.tsx:560:32
Unexpected character '”'
  558 |
  559 |           {related.length > 0 && (
> 560 |             <section className=”mt-10”>
      |                                ^
  561 |               <h2 className=”border-b pb-2 text-xs font-semibold uppercase tracking-[0.12...
  562 |                 Related claims
  563 |               </h2>

Parsing ecmascript source code failed @ http://localhost:3000/_next/static/chunks/1l_l_next_dist_0sxpgfl._.js:1945
[   35037ms] [ERROR] ./Dropbox (Maestral)/smarthumans.ai/src/app/claims/[slug]/page.tsx:560:32
Unexpected character '”'
  558 |
  559 |           {related.length > 0 && (
> 560 |             <section className=”mt-10”>
      |                                ^
  561 |               <h2 className=”border-b pb-2 text-xs font-semibold uppercase tracking-[0.12...
  562 |                 Related claims
  563 |               </h2>

Parsing ecmascript source code failed @ http://localhost:3000/_next/static/chunks/1l_l_next_dist_0sxpgfl._.js:1945
[   35099ms] [ERROR] ./Dropbox (Maestral)/smarthumans.ai/src/app/claims/[slug]/page.tsx:560:32
Unexpected character '”'
  558 |
  559 |           {related.length > 0 && (
> 560 |             <section className=”mt-10”>
      |                                ^
  561 |               <h2 className=”border-b pb-2 text-xs font-semibold uppercase tracking-[0.12...
  562 |                 Related claims
  563 |               </h2>

Parsing ecmascript source code failed @ http://localhost:3000/_next/static/chunks/1l_l_next_dist_0sxpgfl._.js:1945
[   35157ms] [ERROR] ./Dropbox (Maestral)/smarthumans.ai/src/app/claims/[slug]/page.tsx:560:32
Unexpected character '”'
  558 |
  559 |           {related.length > 0 && (
> 560 |             <section className=”mt-10”>
      |                                ^
  561 |               <h2 className=”border-b pb-2 text-xs font-semibold uppercase tracking-[0.12...
  562 |                 Related claims
  563 |               </h2>

Parsing ecmascript source code failed @ http://localhost:3000/_next/static/chunks/1l_l_next_dist_0sxpgfl._.js:1945
[   35214ms] [ERROR] ./Dropbox (Maestral)/smarthumans.ai/src/app/claims/[slug]/page.tsx:560:32
Unexpected character '”'
  558 |
  559 |           {related.length > 0 && (
> 560 |             <section className=”mt-10”>
      |                                ^
  561 |               <h2 className=”border-b pb-2 text-xs font-semibold uppercase tracking-[0.12...
  562 |                 Related claims
  563 |               </h2>

Parsing ecmascript source code failed @ http://localhost:3000/_next/static/chunks/1l_l_next_dist_0sxpgfl._.js:1945
[   35272ms] [ERROR] ./Dropbox (Maestral)/smarthumans.ai/src/app/claims/[slug]/page.tsx:560:32
Unexpected character '”'
  558 |
  559 |           {related.length > 0 && (
> 560 |             <section className=”mt-10”>
      |                                ^
  561 |               <h2 className=”border-b pb-2 text-xs font-semibold uppercase tracking-[0.12...
  562 |                 Related claims
  563 |               </h2>

Parsing ecmascript source code failed @ http://localhost:3000/_next/static/chunks/1l_l_next_dist_0sxpgfl._.js:1945
[   35332ms] [ERROR] ./Dropbox (Maestral)/smarthumans.ai/src/app/claims/[slug]/page.tsx:560:32
Unexpected character '”'
  558 |
  559 |           {related.length > 0 && (
> 560 |             <section className=”mt-10”>
      |                                ^
  561 |               <h2 className=”border-b pb-2 text-xs font-semibold uppercase tracking-[0.12...
  562 |                 Related claims
  563 |               </h2>

Parsing ecmascript source code failed @ http://localhost:3000/_next/static/chunks/1l_l_next_dist_0sxpgfl._.js:1945
[   35390ms] [ERROR] ./Dropbox (Maestral)/smarthumans.ai/src/app/claims/[slug]/page.tsx:560:32
Unexpected character '”'
  558 |
  559 |           {related.length > 0 && (
> 560 |             <section className=”mt-10”>
      |                                ^
  561 |               <h2 className=”border-b pb-2 text-xs font-semibold uppercase tracking-[0.12...
  562 |                 Related claims
  563 |               </h2>

Parsing ecmascript source code failed @ http://localhost:3000/_next/static/chunks/1l_l_next_dist_0sxpgfl._.js:1945
[   35450ms] [ERROR] ./Dropbox (Maestral)/smarthumans.ai/src/app/claims/[slug]/page.tsx:560:32
Unexpected character '”'
  558 |
  559 |           {related.length > 0 && (
> 560 |             <section className=”mt-10”>
      |                                ^
  561 |               <h2 className=”border-b pb-2 text-xs font-semibold uppercase tracking-[0.12...
  562 |                 Related claims
  563 |               </h2>

Parsing ecmascript source code failed @ http://localhost:3000/_next/static/chunks/1l_l_next_dist_0sxpgfl._.js:1945
[   35505ms] [ERROR] ./Dropbox (Maestral)/smarthumans.ai/src/app/claims/[slug]/page.tsx:560:32
Unexpected character '”'
  558 |
  559 |           {related.length > 0 && (
> 560 |             <section className=”mt-10”>
      |                                ^
  561 |               <h2 className=”border-b pb-2 text-xs font-semibold uppercase tracking-[0.12...
  562 |                 Related claims
  563 |               </h2>

Parsing ecmascript source code failed @ http://localhost:3000/_next/static/chunks/1l_l_next_dist_0sxpgfl._.js:1945
[   35562ms] [ERROR] ./Dropbox (Maestral)/smarthumans.ai/src/app/claims/[slug]/page.tsx:560:32
Unexpected character '”'
  558 |
  559 |           {related.length > 0 && (
> 560 |             <section className=”mt-10”>
      |                                ^
  561 |               <h2 className=”border-b pb-2 text-xs font-semibold uppercase tracking-[0.12...
  562 |                 Related claims
  563 |               </h2>

Parsing ecmascript source code failed @ http://localhost:3000/_next/static/chunks/1l_l_next_dist_0sxpgfl._.js:1945
[   35618ms] [ERROR] ./Dropbox (Maestral)/smarthumans.ai/src/app/claims/[slug]/page.tsx:560:32
Unexpected character '”'
  558 |
  559 |           {related.length > 0 && (
> 560 |             <section className=”mt-10”>
      |                                ^
  561 |               <h2 className=”border-b pb-2 text-xs font-semibold uppercase tracking-[0.12...
  562 |                 Related claims
  563 |               </h2>

Parsing ecmascript source code failed @ http://localhost:3000/_next/static/chunks/1l_l_next_dist_0sxpgfl._.js:1945
[   35676ms] [ERROR] ./Dropbox (Maestral)/smarthumans.ai/src/app/claims/[slug]/page.tsx:560:32
Unexpected character '”'
  558 |
  559 |           {related.length > 0 && (
> 560 |             <section className=”mt-10”>
      |                                ^
  561 |               <h2 className=”border-b pb-2 text-xs font-semibold uppercase tracking-[0.12...
  562 |                 Related claims
  563 |               </h2>

Parsing ecmascript source code failed @ http://localhost:3000/_next/static/chunks/1l_l_next_dist_0sxpgfl._.js:1945
[   35736ms] [ERROR] ./Dropbox (Maestral)/smarthumans.ai/src/app/claims/[slug]/page.tsx:560:32
Unexpected character '”'
  558 |
  559 |           {related.length > 0 && (
> 560 |             <section className=”mt-10”>
      |                                ^
  561 |               <h2 className=”border-b pb-2 text-xs font-semibold uppercase tracking-[0.12...
  562 |                 Related claims
  563 |               </h2>

Parsing ecmascript source code failed @ http://localhost:3000/_next/static/chunks/1l_l_next_dist_0sxpgfl._.js:1945
[   35794ms] [ERROR] ./Dropbox (Maestral)/smarthumans.ai/src/app/claims/[slug]/page.tsx:560:32
Unexpected character '”'
  558 |
  559 |           {related.length > 0 && (
> 560 |             <section className=”mt-10”>
      |                                ^
  561 |               <h2 className=”border-b pb-2 text-xs font-semibold uppercase tracking-[0.12...
  562 |                 Related claims
  563 |               </h2>

Parsing ecmascript source code failed @ http://localhost:3000/_next/static/chunks/1l_l_next_dist_0sxpgfl._.js:1945
[   35857ms] [ERROR] ./Dropbox (Maestral)/smarthumans.ai/src/app/claims/[slug]/page.tsx:560:32
Unexpected character '”'
  558 |
  559 |           {related.length > 0 && (
> 560 |             <section className=”mt-10”>
      |                                ^
  561 |               <h2 className=”border-b pb-2 text-xs font-semibold uppercase tracking-[0.12...
  562 |                 Related claims
  563 |               </h2>

Parsing ecmascript source code failed @ http://localhost:3000/_next/static/chunks/1l_l_next_dist_0sxpgfl._.js:1945
[   35916ms] [ERROR] ./Dropbox (Maestral)/smarthumans.ai/src/app/claims/[slug]/page.tsx:560:32
Unexpected character '”'
  558 |
  559 |           {related.length > 0 && (
> 560 |             <section className=”mt-10”>
      |                                ^
  561 |               <h2 className=”border-b pb-2 text-xs font-semibold uppercase tracking-[0.12...
  562 |                 Related claims
  563 |               </h2>

Parsing ecmascript source code failed @ http://localhost:3000/_next/static/chunks/1l_l_next_dist_0sxpgfl._.js:1945
[   35975ms] [ERROR] ./Dropbox (Maestral)/smarthumans.ai/src/app/claims/[slug]/page.tsx:560:32
Unexpected character '”'
  558 |
  559 |           {related.length > 0 && (
> 560 |             <section className=”mt-10”>
      |                                ^
  561 |               <h2 className=”border-b pb-2 text-xs font-semibold uppercase tracking-[0.12...
  562 |                 Related claims
  563 |               </h2>

Parsing ecmascript source code failed @ http://localhost:3000/_next/static/chunks/1l_l_next_dist_0sxpgfl._.js:1945
[   36033ms] [ERROR] ./Dropbox (Maestral)/smarthumans.ai/src/app/claims/[slug]/page.tsx:560:32
Unexpected character '”'
  558 |
  559 |           {related.length > 0 && (
> 560 |             <section className=”mt-10”>
      |                                ^
  561 |               <h2 className=”border-b pb-2 text-xs font-semibold uppercase tracking-[0.12...
  562 |                 Related claims
  563 |               </h2>

Parsing ecmascript source code failed @ http://localhost:3000/_next/static/chunks/1l_l_next_dist_0sxpgfl._.js:1945
[   36092ms] [ERROR] ./Dropbox (Maestral)/smarthumans.ai/src/app/claims/[slug]/page.tsx:560:32
Unexpected character '”'
  558 |
  559 |           {related.length > 0 && (
> 560 |             <section className=”mt-10”>
      |                                ^
  561 |               <h2 className=”border-b pb-2 text-xs font-semibold uppercase tracking-[0.12...
  562 |                 Related claims
  563 |               </h2>

Parsing ecmascript source code failed @ http://localhost:3000/_next/static/chunks/1l_l_next_dist_0sxpgfl._.js:1945
[   36149ms] [ERROR] ./Dropbox (Maestral)/smarthumans.ai/src/app/claims/[slug]/page.tsx:560:32
Unexpected character '”'
  558 |
  559 |           {related.length > 0 && (
> 560 |             <section className=”mt-10”>
      |                                ^
  561 |               <h2 className=”border-b pb-2 text-xs font-semibold uppercase tracking-[0.12...
  562 |                 Related claims
  563 |               </h2>

Parsing ecmascript source code failed @ http://localhost:3000/_next/static/chunks/1l_l_next_dist_0sxpgfl._.js:1945
[   36206ms] [ERROR] ./Dropbox (Maestral)/smarthumans.ai/src/app/claims/[slug]/page.tsx:560:32
Unexpected character '”'
  558 |
  559 |           {related.length > 0 && (
> 560 |             <section className=”mt-10”>
      |                                ^
  561 |               <h2 className=”border-b pb-2 text-xs font-semibold uppercase tracking-[0.12...
  562 |                 Related claims
  563 |               </h2>

Parsing ecmascript source code failed @ http://localhost:3000/_next/static/chunks/1l_l_next_dist_0sxpgfl._.js:1945
[   36262ms] [ERROR] ./Dropbox (Maestral)/smarthumans.ai/src/app/claims/[slug]/page.tsx:560:32
Unexpected character '”'
  558 |
  559 |           {related.length > 0 && (
> 560 |             <section className=”mt-10”>
      |                                ^
  561 |               <h2 className=”border-b pb-2 text-xs font-semibold uppercase tracking-[0.12...
  562 |                 Related claims
  563 |               </h2>

Parsing ecmascript source code failed @ http://localhost:3000/_next/static/chunks/1l_l_next_dist_0sxpgfl._.js:1945
[   36319ms] [ERROR] ./Dropbox (Maestral)/smarthumans.ai/src/app/claims/[slug]/page.tsx:560:32
Unexpected character '”'
  558 |
  559 |           {related.length > 0 && (
> 560 |             <section className=”mt-10”>
      |                                ^
  561 |               <h2 className=”border-b pb-2 text-xs font-semibold uppercase tracking-[0.12...
  562 |                 Related claims
  563 |               </h2>

Parsing ecmascript source code failed @ http://localhost:3000/_next/static/chunks/1l_l_next_dist_0sxpgfl._.js:1945
[   36376ms] [ERROR] ./Dropbox (Maestral)/smarthumans.ai/src/app/claims/[slug]/page.tsx:560:32
Unexpected character '”'
  558 |
  559 |           {related.length > 0 && (
> 560 |             <section className=”mt-10”>
      |                                ^
  561 |               <h2 className=”border-b pb-2 text-xs font-semibold uppercase tracking-[0.12...
  562 |                 Related claims
  563 |               </h2>

Parsing ecmascript source code failed @ http://localhost:3000/_next/static/chunks/1l_l_next_dist_0sxpgfl._.js:1945
[   36431ms] [ERROR] ./Dropbox (Maestral)/smarthumans.ai/src/app/claims/[slug]/page.tsx:560:32
Unexpected character '”'
  558 |
  559 |           {related.length > 0 && (
> 560 |             <section className=”mt-10”>
      |                                ^
  561 |               <h2 className=”border-b pb-2 text-xs font-semibold uppercase tracking-[0.12...
  562 |                 Related claims
  563 |               </h2>

Parsing ecmascript source code failed @ http://localhost:3000/_next/static/chunks/1l_l_next_dist_0sxpgfl._.js:1945
[   36489ms] [ERROR] ./Dropbox (Maestral)/smarthumans.ai/src/app/claims/[slug]/page.tsx:560:32
Unexpected character '”'
  558 |
  559 |           {related.length > 0 && (
> 560 |             <section className=”mt-10”>
      |                                ^
  561 |               <h2 className=”border-b pb-2 text-xs font-semibold uppercase tracking-[0.12...
  562 |                 Related claims
  563 |               </h2>

Parsing ecmascript source code failed @ http://localhost:3000/_next/static/chunks/1l_l_next_dist_0sxpgfl._.js:1945
[   36549ms] [ERROR] ./Dropbox (Maestral)/smarthumans.ai/src/app/claims/[slug]/page.tsx:560:32
Unexpected character '”'
  558 |
  559 |           {related.length > 0 && (
> 560 |             <section className=”mt-10”>
      |                                ^
  561 |               <h2 className=”border-b pb-2 text-xs font-semibold uppercase tracking-[0.12...
  562 |                 Related claims
  563 |               </h2>

Parsing ecmascript source code failed @ http://localhost:3000/_next/static/chunks/1l_l_next_dist_0sxpgfl._.js:1945
[   36605ms] [ERROR] ./Dropbox (Maestral)/smarthumans.ai/src/app/claims/[slug]/page.tsx:560:32
Unexpected character '”'
  558 |
  559 |           {related.length > 0 && (
> 560 |             <section className=”mt-10”>
      |                                ^
  561 |               <h2 className=”border-b pb-2 text-xs font-semibold uppercase tracking-[0.12...
  562 |                 Related claims
  563 |               </h2>

Parsing ecmascript source code failed @ http://localhost:3000/_next/static/chunks/1l_l_next_dist_0sxpgfl._.js:1945
[   36662ms] [ERROR] ./Dropbox (Maestral)/smarthumans.ai/src/app/claims/[slug]/page.tsx:560:32
Unexpected character '”'
  558 |
  559 |           {related.length > 0 && (
> 560 |             <section className=”mt-10”>
      |                                ^
  561 |               <h2 className=”border-b pb-2 text-xs font-semibold uppercase tracking-[0.12...
  562 |                 Related claims
  563 |               </h2>

Parsing ecmascript source code failed @ http://localhost:3000/_next/static/chunks/1l_l_next_dist_0sxpgfl._.js:1945
[   36732ms] [ERROR] ./Dropbox (Maestral)/smarthumans.ai/src/app/claims/[slug]/page.tsx:560:32
Unexpected character '”'
  558 |
  559 |           {related.length > 0 && (
> 560 |             <section className=”mt-10”>
      |                                ^
  561 |               <h2 className=”border-b pb-2 text-xs font-semibold uppercase tracking-[0.12...
  562 |                 Related claims
  563 |               </h2>

Parsing ecmascript source code failed @ http://localhost:3000/_next/static/chunks/1l_l_next_dist_0sxpgfl._.js:1945
[   36793ms] [ERROR] ./Dropbox (Maestral)/smarthumans.ai/src/app/claims/[slug]/page.tsx:560:32
Unexpected character '”'
  558 |
  559 |           {related.length > 0 && (
> 560 |             <section className=”mt-10”>
      |                                ^
  561 |               <h2 className=”border-b pb-2 text-xs font-semibold uppercase tracking-[0.12...
  562 |                 Related claims
  563 |               </h2>

Parsing ecmascript source code failed @ http://localhost:3000/_next/static/chunks/1l_l_next_dist_0sxpgfl._.js:1945
[   36849ms] [ERROR] ./Dropbox (Maestral)/smarthumans.ai/src/app/claims/[slug]/page.tsx:560:32
Unexpected character '”'
  558 |
  559 |           {related.length > 0 && (
> 560 |             <section className=”mt-10”>
      |                                ^
  561 |               <h2 className=”border-b pb-2 text-xs font-semibold uppercase tracking-[0.12...
  562 |                 Related claims
  563 |               </h2>

Parsing ecmascript source code failed @ http://localhost:3000/_next/static/chunks/1l_l_next_dist_0sxpgfl._.js:1945
[   36906ms] [ERROR] ./Dropbox (Maestral)/smarthumans.ai/src/app/claims/[slug]/page.tsx:560:32
Unexpected character '”'
  558 |
  559 |           {related.length > 0 && (
> 560 |             <section className=”mt-10”>
      |                                ^
  561 |               <h2 className=”border-b pb-2 text-xs font-semibold uppercase tracking-[0.12...
  562 |                 Related claims
  563 |               </h2>

Parsing ecmascript source code failed @ http://localhost:3000/_next/static/chunks/1l_l_next_dist_0sxpgfl._.js:1945
[   36961ms] [ERROR] ./Dropbox (Maestral)/smarthumans.ai/src/app/claims/[slug]/page.tsx:560:32
Unexpected character '”'
  558 |
  559 |           {related.length > 0 && (
> 560 |             <section className=”mt-10”>
      |                                ^
  561 |               <h2 className=”border-b pb-2 text-xs font-semibold uppercase tracking-[0.12...
  562 |                 Related claims
  563 |               </h2>

Parsing ecmascript source code failed @ http://localhost:3000/_next/static/chunks/1l_l_next_dist_0sxpgfl._.js:1945
[   37018ms] [ERROR] ./Dropbox (Maestral)/smarthumans.ai/src/app/claims/[slug]/page.tsx:560:32
Unexpected character '”'
  558 |
  559 |           {related.length > 0 && (
> 560 |             <section className=”mt-10”>
      |                                ^
  561 |               <h2 className=”border-b pb-2 text-xs font-semibold uppercase tracking-[0.12...
  562 |                 Related claims
  563 |               </h2>

Parsing ecmascript source code failed @ http://localhost:3000/_next/static/chunks/1l_l_next_dist_0sxpgfl._.js:1945
[   37075ms] [ERROR] ./Dropbox (Maestral)/smarthumans.ai/src/app/claims/[slug]/page.tsx:560:32
Unexpected character '”'
  558 |
  559 |           {related.length > 0 && (
> 560 |             <section className=”mt-10”>
      |                                ^
  561 |               <h2 className=”border-b pb-2 text-xs font-semibold uppercase tracking-[0.12...
  562 |                 Related claims
  563 |               </h2>

Parsing ecmascript source code failed @ http://localhost:3000/_next/static/chunks/1l_l_next_dist_0sxpgfl._.js:1945
[   37133ms] [ERROR] ./Dropbox (Maestral)/smarthumans.ai/src/app/claims/[slug]/page.tsx:560:32
Unexpected character '”'
  558 |
  559 |           {related.length > 0 && (
> 560 |             <section className=”mt-10”>
      |                                ^
  561 |               <h2 className=”border-b pb-2 text-xs font-semibold uppercase tracking-[0.12...
  562 |                 Related claims
  563 |               </h2>

Parsing ecmascript source code failed @ http://localhost:3000/_next/static/chunks/1l_l_next_dist_0sxpgfl._.js:1945
[   37191ms] [ERROR] ./Dropbox (Maestral)/smarthumans.ai/src/app/claims/[slug]/page.tsx:560:32
Unexpected character '”'
  558 |
  559 |           {related.length > 0 && (
> 560 |             <section className=”mt-10”>
      |                                ^
  561 |               <h2 className=”border-b pb-2 text-xs font-semibold uppercase tracking-[0.12...
  562 |                 Related claims
  563 |               </h2>

Parsing ecmascript source code failed @ http://localhost:3000/_next/static/chunks/1l_l_next_dist_0sxpgfl._.js:1945
[   37246ms] [ERROR] ./Dropbox (Maestral)/smarthumans.ai/src/app/claims/[slug]/page.tsx:560:32
Unexpected character '”'
  558 |
  559 |           {related.length > 0 && (
> 560 |             <section className=”mt-10”>
      |                                ^
  561 |               <h2 className=”border-b pb-2 text-xs font-semibold uppercase tracking-[0.12...
  562 |                 Related claims
  563 |               </h2>

Parsing ecmascript source code failed @ http://localhost:3000/_next/static/chunks/1l_l_next_dist_0sxpgfl._.js:1945
[   37301ms] [ERROR] ./Dropbox (Maestral)/smarthumans.ai/src/app/claims/[slug]/page.tsx:560:32
Unexpected character '”'
  558 |
  559 |           {related.length > 0 && (
> 560 |             <section className=”mt-10”>
      |                                ^
  561 |               <h2 className=”border-b pb-2 text-xs font-semibold uppercase tracking-[0.12...
  562 |                 Related claims
  563 |               </h2>

Parsing ecmascript source code failed @ http://localhost:3000/_next/static/chunks/1l_l_next_dist_0sxpgfl._.js:1945
[   37356ms] [ERROR] ./Dropbox (Maestral)/smarthumans.ai/src/app/claims/[slug]/page.tsx:560:32
Unexpected character '”'
  558 |
  559 |           {related.length > 0 && (
> 560 |             <section className=”mt-10”>
      |                                ^
  561 |               <h2 className=”border-b pb-2 text-xs font-semibold uppercase tracking-[0.12...
  562 |                 Related claims
  563 |               </h2>

Parsing ecmascript source code failed @ http://localhost:3000/_next/static/chunks/1l_l_next_dist_0sxpgfl._.js:1945
[   37412ms] [ERROR] ./Dropbox (Maestral)/smarthumans.ai/src/app/claims/[slug]/page.tsx:560:32
Unexpected character '”'
  558 |
  559 |           {related.length > 0 && (
> 560 |             <section className=”mt-10”>
      |                                ^
  561 |               <h2 className=”border-b pb-2 text-xs font-semibold uppercase tracking-[0.12...
  562 |                 Related claims
  563 |               </h2>

Parsing ecmascript source code failed @ http://localhost:3000/_next/static/chunks/1l_l_next_dist_0sxpgfl._.js:1945
[   37467ms] [ERROR] ./Dropbox (Maestral)/smarthumans.ai/src/app/claims/[slug]/page.tsx:560:32
Unexpected character '”'
  558 |
  559 |           {related.length > 0 && (
> 560 |             <section className=”mt-10”>
      |                                ^
  561 |               <h2 className=”border-b pb-2 text-xs font-semibold uppercase tracking-[0.12...
  562 |                 Related claims
  563 |               </h2>

Parsing ecmascript source code failed @ http://localhost:3000/_next/static/chunks/1l_l_next_dist_0sxpgfl._.js:1945
[   37524ms] [ERROR] ./Dropbox (Maestral)/smarthumans.ai/src/app/claims/[slug]/page.tsx:560:32
Unexpected character '”'
  558 |
  559 |           {related.length > 0 && (
> 560 |             <section className=”mt-10”>
      |                                ^
  561 |               <h2 className=”border-b pb-2 text-xs font-semibold uppercase tracking-[0.12...
  562 |                 Related claims
  563 |               </h2>

Parsing ecmascript source code failed @ http://localhost:3000/_next/static/chunks/1l_l_next_dist_0sxpgfl._.js:1945
[   37581ms] [ERROR] ./Dropbox (Maestral)/smarthumans.ai/src/app/claims/[slug]/page.tsx:560:32
Unexpected character '”'
  558 |
  559 |           {related.length > 0 && (
> 560 |             <section className=”mt-10”>
      |                                ^
  561 |               <h2 className=”border-b pb-2 text-xs font-semibold uppercase tracking-[0.12...
  562 |                 Related claims
  563 |               </h2>

Parsing ecmascript source code failed @ http://localhost:3000/_next/static/chunks/1l_l_next_dist_0sxpgfl._.js:1945
[   37638ms] [ERROR] ./Dropbox (Maestral)/smarthumans.ai/src/app/claims/[slug]/page.tsx:560:32
Unexpected character '”'
  558 |
  559 |           {related.length > 0 && (
> 560 |             <section className=”mt-10”>
      |                                ^
  561 |               <h2 className=”border-b pb-2 text-xs font-semibold uppercase tracking-[0.12...
  562 |                 Related claims
  563 |               </h2>

Parsing ecmascript source code failed @ http://localhost:3000/_next/static/chunks/1l_l_next_dist_0sxpgfl._.js:1945
[   37694ms] [ERROR] ./Dropbox (Maestral)/smarthumans.ai/src/app/claims/[slug]/page.tsx:560:32
Unexpected character '”'
  558 |
  559 |           {related.length > 0 && (
> 560 |             <section className=”mt-10”>
      |                                ^
  561 |               <h2 className=”border-b pb-2 text-xs font-semibold uppercase tracking-[0.12...
  562 |                 Related claims
  563 |               </h2>

Parsing ecmascript source code failed @ http://localhost:3000/_next/static/chunks/1l_l_next_dist_0sxpgfl._.js:1945
[   37749ms] [ERROR] ./Dropbox (Maestral)/smarthumans.ai/src/app/claims/[slug]/page.tsx:560:32
Unexpected character '”'
  558 |
  559 |           {related.length > 0 && (
> 560 |             <section className=”mt-10”>
      |                                ^
  561 |               <h2 className=”border-b pb-2 text-xs font-semibold uppercase tracking-[0.12...
  562 |                 Related claims
  563 |               </h2>

Parsing ecmascript source code failed @ http://localhost:3000/_next/static/chunks/1l_l_next_dist_0sxpgfl._.js:1945
[   37806ms] [ERROR] ./Dropbox (Maestral)/smarthumans.ai/src/app/claims/[slug]/page.tsx:560:32
Unexpected character '”'
  558 |
  559 |           {related.length > 0 && (
> 560 |             <section className=”mt-10”>
      |                                ^
  561 |               <h2 className=”border-b pb-2 text-xs font-semibold uppercase tracking-[0.12...
  562 |                 Related claims
  563 |               </h2>

Parsing ecmascript source code failed @ http://localhost:3000/_next/static/chunks/1l_l_next_dist_0sxpgfl._.js:1945
[   37863ms] [ERROR] ./Dropbox (Maestral)/smarthumans.ai/src/app/claims/[slug]/page.tsx:560:32
Unexpected character '”'
  558 |
  559 |           {related.length > 0 && (
> 560 |             <section className=”mt-10”>
      |                                ^
  561 |               <h2 className=”border-b pb-2 text-xs font-semibold uppercase tracking-[0.12...
  562 |                 Related claims
  563 |               </h2>

Parsing ecmascript source code failed @ http://localhost:3000/_next/static/chunks/1l_l_next_dist_0sxpgfl._.js:1945
[   37919ms] [ERROR] ./Dropbox (Maestral)/smarthumans.ai/src/app/claims/[slug]/page.tsx:560:32
Unexpected character '”'
  558 |
  559 |           {related.length > 0 && (
> 560 |             <section className=”mt-10”>
      |                                ^
  561 |               <h2 className=”border-b pb-2 text-xs font-semibold uppercase tracking-[0.12...
  562 |                 Related claims
  563 |               </h2>

Parsing ecmascript source code failed @ http://localhost:3000/_next/static/chunks/1l_l_next_dist_0sxpgfl._.js:1945
[   37975ms] [ERROR] ./Dropbox (Maestral)/smarthumans.ai/src/app/claims/[slug]/page.tsx:560:32
Unexpected character '”'
  558 |
  559 |           {related.length > 0 && (
> 560 |             <section className=”mt-10”>
      |                                ^
  561 |               <h2 className=”border-b pb-2 text-xs font-semibold uppercase tracking-[0.12...
  562 |                 Related claims
  563 |               </h2>

Parsing ecmascript source code failed @ http://localhost:3000/_next/static/chunks/1l_l_next_dist_0sxpgfl._.js:1945
[   38032ms] [ERROR] ./Dropbox (Maestral)/smarthumans.ai/src/app/claims/[slug]/page.tsx:560:32
Unexpected character '”'
  558 |
  559 |           {related.length > 0 && (
> 560 |             <section className=”mt-10”>
      |                                ^
  561 |               <h2 className=”border-b pb-2 text-xs font-semibold uppercase tracking-[0.12...
  562 |                 Related claims
  563 |               </h2>

Parsing ecmascript source code failed @ http://localhost:3000/_next/static/chunks/1l_l_next_dist_0sxpgfl._.js:1945
[   38089ms] [ERROR] ./Dropbox (Maestral)/smarthumans.ai/src/app/claims/[slug]/page.tsx:560:32
Unexpected character '”'
  558 |
  559 |           {related.length > 0 && (
> 560 |             <section className=”mt-10”>
      |                                ^
  561 |               <h2 className=”border-b pb-2 text-xs font-semibold uppercase tracking-[0.12...
  562 |                 Related claims
  563 |               </h2>

Parsing ecmascript source code failed @ http://localhost:3000/_next/static/chunks/1l_l_next_dist_0sxpgfl._.js:1945
[   38150ms] [ERROR] ./Dropbox (Maestral)/smarthumans.ai/src/app/claims/[slug]/page.tsx:560:32
Unexpected character '”'
  558 |
  559 |           {related.length > 0 && (
> 560 |             <section className=”mt-10”>
      |                                ^
  561 |               <h2 className=”border-b pb-2 text-xs font-semibold uppercase tracking-[0.12...
  562 |                 Related claims
  563 |               </h2>

Parsing ecmascript source code failed @ http://localhost:3000/_next/static/chunks/1l_l_next_dist_0sxpgfl._.js:1945
[   38207ms] [ERROR] ./Dropbox (Maestral)/smarthumans.ai/src/app/claims/[slug]/page.tsx:560:32
Unexpected character '”'
  558 |
  559 |           {related.length > 0 && (
> 560 |             <section className=”mt-10”>
      |                                ^
  561 |               <h2 className=”border-b pb-2 text-xs font-semibold uppercase tracking-[0.12...
  562 |                 Related claims
  563 |               </h2>

Parsing ecmascript source code failed @ http://localhost:3000/_next/static/chunks/1l_l_next_dist_0sxpgfl._.js:1945
[   38263ms] [ERROR] ./Dropbox (Maestral)/smarthumans.ai/src/app/claims/[slug]/page.tsx:560:32
Unexpected character '”'
  558 |
  559 |           {related.length > 0 && (
> 560 |             <section className=”mt-10”>
      |                                ^
  561 |               <h2 className=”border-b pb-2 text-xs font-semibold uppercase tracking-[0.12...
  562 |                 Related claims
  563 |               </h2>

Parsing ecmascript source code failed @ http://localhost:3000/_next/static/chunks/1l_l_next_dist_0sxpgfl._.js:1945
[   38319ms] [ERROR] ./Dropbox (Maestral)/smarthumans.ai/src/app/claims/[slug]/page.tsx:560:32
Unexpected character '”'
  558 |
  559 |           {related.length > 0 && (
> 560 |             <section className=”mt-10”>
      |                                ^
  561 |               <h2 className=”border-b pb-2 text-xs font-semibold uppercase tracking-[0.12...
  562 |                 Related claims
  563 |               </h2>

Parsing ecmascript source code failed @ http://localhost:3000/_next/static/chunks/1l_l_next_dist_0sxpgfl._.js:1945
[   38374ms] [ERROR] ./Dropbox (Maestral)/smarthumans.ai/src/app/claims/[slug]/page.tsx:560:32
Unexpected character '”'
  558 |
  559 |           {related.length > 0 && (
> 560 |             <section className=”mt-10”>
      |                                ^
  561 |               <h2 className=”border-b pb-2 text-xs font-semibold uppercase tracking-[0.12...
  562 |                 Related claims
  563 |               </h2>

Parsing ecmascript source code failed @ http://localhost:3000/_next/static/chunks/1l_l_next_dist_0sxpgfl._.js:1945
[   38431ms] [ERROR] ./Dropbox (Maestral)/smarthumans.ai/src/app/claims/[slug]/page.tsx:560:32
Unexpected character '”'
  558 |
  559 |           {related.length > 0 && (
> 560 |             <section className=”mt-10”>
      |                                ^
  561 |               <h2 className=”border-b pb-2 text-xs font-semibold uppercase tracking-[0.12...
  562 |                 Related claims
  563 |               </h2>

Parsing ecmascript source code failed @ http://localhost:3000/_next/static/chunks/1l_l_next_dist_0sxpgfl._.js:1945
[   38488ms] [ERROR] ./Dropbox (Maestral)/smarthumans.ai/src/app/claims/[slug]/page.tsx:560:32
Unexpected character '”'
  558 |
  559 |           {related.length > 0 && (
> 560 |             <section className=”mt-10”>
      |                                ^
  561 |               <h2 className=”border-b pb-2 text-xs font-semibold uppercase tracking-[0.12...
  562 |                 Related claims
  563 |               </h2>

Parsing ecmascript source code failed @ http://localhost:3000/_next/static/chunks/1l_l_next_dist_0sxpgfl._.js:1945
[   38544ms] [ERROR] ./Dropbox (Maestral)/smarthumans.ai/src/app/claims/[slug]/page.tsx:560:32
Unexpected character '”'
  558 |
  559 |           {related.length > 0 && (
> 560 |             <section className=”mt-10”>
      |                                ^
  561 |               <h2 className=”border-b pb-2 text-xs font-semibold uppercase tracking-[0.12...
  562 |                 Related claims
  563 |               </h2>

Parsing ecmascript source code failed @ http://localhost:3000/_next/static/chunks/1l_l_next_dist_0sxpgfl._.js:1945
[   38602ms] [ERROR] ./Dropbox (Maestral)/smarthumans.ai/src/app/claims/[slug]/page.tsx:560:32
Unexpected character '”'
  558 |
  559 |           {related.length > 0 && (
> 560 |             <section className=”mt-10”>
      |                                ^
  561 |               <h2 className=”border-b pb-2 text-xs font-semibold uppercase tracking-[0.12...
  562 |                 Related claims
  563 |               </h2>

Parsing ecmascript source code failed @ http://localhost:3000/_next/static/chunks/1l_l_next_dist_0sxpgfl._.js:1945
[   38659ms] [ERROR] ./Dropbox (Maestral)/smarthumans.ai/src/app/claims/[slug]/page.tsx:560:32
Unexpected character '”'
  558 |
  559 |           {related.length > 0 && (
> 560 |             <section className=”mt-10”>
      |                                ^
  561 |               <h2 className=”border-b pb-2 text-xs font-semibold uppercase tracking-[0.12...
  562 |                 Related claims
  563 |               </h2>

Parsing ecmascript source code failed @ http://localhost:3000/_next/static/chunks/1l_l_next_dist_0sxpgfl._.js:1945
[   38715ms] [ERROR] ./Dropbox (Maestral)/smarthumans.ai/src/app/claims/[slug]/page.tsx:560:32
Unexpected character '”'
  558 |
  559 |           {related.length > 0 && (
> 560 |             <section className=”mt-10”>
      |                                ^
  561 |               <h2 className=”border-b pb-2 text-xs font-semibold uppercase tracking-[0.12...
  562 |                 Related claims
  563 |               </h2>

Parsing ecmascript source code failed @ http://localhost:3000/_next/static/chunks/1l_l_next_dist_0sxpgfl._.js:1945
[   38773ms] [ERROR] ./Dropbox (Maestral)/smarthumans.ai/src/app/claims/[slug]/page.tsx:560:32
Unexpected character '”'
  558 |
  559 |           {related.length > 0 && (
> 560 |             <section className=”mt-10”>
      |                                ^
  561 |               <h2 className=”border-b pb-2 text-xs font-semibold uppercase tracking-[0.12...
  562 |                 Related claims
  563 |               </h2>

Parsing ecmascript source code failed @ http://localhost:3000/_next/static/chunks/1l_l_next_dist_0sxpgfl._.js:1945
[   38829ms] [ERROR] ./Dropbox (Maestral)/smarthumans.ai/src/app/claims/[slug]/page.tsx:560:32
Unexpected character '”'
  558 |
  559 |           {related.length > 0 && (
> 560 |             <section className=”mt-10”>
      |                                ^
  561 |               <h2 className=”border-b pb-2 text-xs font-semibold uppercase tracking-[0.12...
  562 |                 Related claims
  563 |               </h2>

Parsing ecmascript source code failed @ http://localhost:3000/_next/static/chunks/1l_l_next_dist_0sxpgfl._.js:1945
[   38886ms] [ERROR] ./Dropbox (Maestral)/smarthumans.ai/src/app/claims/[slug]/page.tsx:560:32
Unexpected character '”'
  558 |
  559 |           {related.length > 0 && (
> 560 |             <section className=”mt-10”>
      |                                ^
  561 |               <h2 className=”border-b pb-2 text-xs font-semibold uppercase tracking-[0.12...
  562 |                 Related claims
  563 |               </h2>

Parsing ecmascript source code failed @ http://localhost:3000/_next/static/chunks/1l_l_next_dist_0sxpgfl._.js:1945
[   38943ms] [ERROR] ./Dropbox (Maestral)/smarthumans.ai/src/app/claims/[slug]/page.tsx:560:32
Unexpected character '”'
  558 |
  559 |           {related.length > 0 && (
> 560 |             <section className=”mt-10”>
      |                                ^
  561 |               <h2 className=”border-b pb-2 text-xs font-semibold uppercase tracking-[0.12...
  562 |                 Related claims
  563 |               </h2>

Parsing ecmascript source code failed @ http://localhost:3000/_next/static/chunks/1l_l_next_dist_0sxpgfl._.js:1945
[   38999ms] [ERROR] ./Dropbox (Maestral)/smarthumans.ai/src/app/claims/[slug]/page.tsx:560:32
Unexpected character '”'
  558 |
  559 |           {related.length > 0 && (
> 560 |             <section className=”mt-10”>
      |                                ^
  561 |               <h2 className=”border-b pb-2 text-xs font-semibold uppercase tracking-[0.12...
  562 |                 Related claims
  563 |               </h2>

Parsing ecmascript source code failed @ http://localhost:3000/_next/static/chunks/1l_l_next_dist_0sxpgfl._.js:1945
[   39058ms] [ERROR] ./Dropbox (Maestral)/smarthumans.ai/src/app/claims/[slug]/page.tsx:560:32
Unexpected character '”'
  558 |
  559 |           {related.length > 0 && (
> 560 |             <section className=”mt-10”>
      |                                ^
  561 |               <h2 className=”border-b pb-2 text-xs font-semibold uppercase tracking-[0.12...
  562 |                 Related claims
  563 |               </h2>

Parsing ecmascript source code failed @ http://localhost:3000/_next/static/chunks/1l_l_next_dist_0sxpgfl._.js:1945
[   39116ms] [ERROR] ./Dropbox (Maestral)/smarthumans.ai/src/app/claims/[slug]/page.tsx:560:32
Unexpected character '”'
  558 |
  559 |           {related.length > 0 && (
> 560 |             <section className=”mt-10”>
      |                                ^
  561 |               <h2 className=”border-b pb-2 text-xs font-semibold uppercase tracking-[0.12...
  562 |                 Related claims
  563 |               </h2>

Parsing ecmascript source code failed @ http://localhost:3000/_next/static/chunks/1l_l_next_dist_0sxpgfl._.js:1945
[   39174ms] [ERROR] ./Dropbox (Maestral)/smarthumans.ai/src/app/claims/[slug]/page.tsx:560:32
Unexpected character '”'
  558 |
  559 |           {related.length > 0 && (
> 560 |             <section className=”mt-10”>
      |                                ^
  561 |               <h2 className=”border-b pb-2 text-xs font-semibold uppercase tracking-[0.12...
  562 |                 Related claims
  563 |               </h2>

Parsing ecmascript source code failed @ http://localhost:3000/_next/static/chunks/1l_l_next_dist_0sxpgfl._.js:1945
[   39232ms] [ERROR] ./Dropbox (Maestral)/smarthumans.ai/src/app/claims/[slug]/page.tsx:560:32
Unexpected character '”'
  558 |
  559 |           {related.length > 0 && (
> 560 |             <section className=”mt-10”>
      |                                ^
  561 |               <h2 className=”border-b pb-2 text-xs font-semibold uppercase tracking-[0.12...
  562 |                 Related claims
  563 |               </h2>

Parsing ecmascript source code failed @ http://localhost:3000/_next/static/chunks/1l_l_next_dist_0sxpgfl._.js:1945
[   39290ms] [ERROR] ./Dropbox (Maestral)/smarthumans.ai/src/app/claims/[slug]/page.tsx:560:32
Unexpected character '”'
  558 |
  559 |           {related.length > 0 && (
> 560 |             <section className=”mt-10”>
      |                                ^
  561 |               <h2 className=”border-b pb-2 text-xs font-semibold uppercase tracking-[0.12...
  562 |                 Related claims
  563 |               </h2>

Parsing ecmascript source code failed @ http://localhost:3000/_next/static/chunks/1l_l_next_dist_0sxpgfl._.js:1945
[   39349ms] [ERROR] ./Dropbox (Maestral)/smarthumans.ai/src/app/claims/[slug]/page.tsx:560:32
Unexpected character '”'
  558 |
  559 |           {related.length > 0 && (
> 560 |             <section className=”mt-10”>
      |                                ^
  561 |               <h2 className=”border-b pb-2 text-xs font-semibold uppercase tracking-[0.12...
  562 |                 Related claims
  563 |               </h2>

Parsing ecmascript source code failed @ http://localhost:3000/_next/static/chunks/1l_l_next_dist_0sxpgfl._.js:1945
[   39407ms] [ERROR] ./Dropbox (Maestral)/smarthumans.ai/src/app/claims/[slug]/page.tsx:560:32
Unexpected character '”'
  558 |
  559 |           {related.length > 0 && (
> 560 |             <section className=”mt-10”>
      |                                ^
  561 |               <h2 className=”border-b pb-2 text-xs font-semibold uppercase tracking-[0.12...
  562 |                 Related claims
  563 |               </h2>

Parsing ecmascript source code failed @ http://localhost:3000/_next/static/chunks/1l_l_next_dist_0sxpgfl._.js:1945
[   39464ms] [ERROR] ./Dropbox (Maestral)/smarthumans.ai/src/app/claims/[slug]/page.tsx:560:32
Unexpected character '”'
  558 |
  559 |           {related.length > 0 && (
> 560 |             <section className=”mt-10”>
      |                                ^
  561 |               <h2 className=”border-b pb-2 text-xs font-semibold uppercase tracking-[0.12...
  562 |                 Related claims
  563 |               </h2>

Parsing ecmascript source code failed @ http://localhost:3000/_next/static/chunks/1l_l_next_dist_0sxpgfl._.js:1945
[   39522ms] [ERROR] ./Dropbox (Maestral)/smarthumans.ai/src/app/claims/[slug]/page.tsx:560:32
Unexpected character '”'
  558 |
  559 |           {related.length > 0 && (
> 560 |             <section className=”mt-10”>
      |                                ^
  561 |               <h2 className=”border-b pb-2 text-xs font-semibold uppercase tracking-[0.12...
  562 |                 Related claims
  563 |               </h2>

Parsing ecmascript source code failed @ http://localhost:3000/_next/static/chunks/1l_l_next_dist_0sxpgfl._.js:1945
[   39579ms] [ERROR] ./Dropbox (Maestral)/smarthumans.ai/src/app/claims/[slug]/page.tsx:560:32
Unexpected character '”'
  558 |
  559 |           {related.length > 0 && (
> 560 |             <section className=”mt-10”>
      |                                ^
  561 |               <h2 className=”border-b pb-2 text-xs font-semibold uppercase tracking-[0.12...
  562 |                 Related claims
  563 |               </h2>

Parsing ecmascript source code failed @ http://localhost:3000/_next/static/chunks/1l_l_next_dist_0sxpgfl._.js:1945
[   39637ms] [ERROR] ./Dropbox (Maestral)/smarthumans.ai/src/app/claims/[slug]/page.tsx:560:32
Unexpected character '”'
  558 |
  559 |           {related.length > 0 && (
> 560 |             <section className=”mt-10”>
      |                                ^
  561 |               <h2 className=”border-b pb-2 text-xs font-semibold uppercase tracking-[0.12...
  562 |                 Related claims
  563 |               </h2>

Parsing ecmascript source code failed @ http://localhost:3000/_next/static/chunks/1l_l_next_dist_0sxpgfl._.js:1945
[   39694ms] [ERROR] ./Dropbox (Maestral)/smarthumans.ai/src/app/claims/[slug]/page.tsx:560:32
Unexpected character '”'
  558 |
  559 |           {related.length > 0 && (
> 560 |             <section className=”mt-10”>
      |                                ^
  561 |               <h2 className=”border-b pb-2 text-xs font-semibold uppercase tracking-[0.12...
  562 |                 Related claims
  563 |               </h2>

Parsing ecmascript source code failed @ http://localhost:3000/_next/static/chunks/1l_l_next_dist_0sxpgfl._.js:1945
[   39752ms] [ERROR] ./Dropbox (Maestral)/smarthumans.ai/src/app/claims/[slug]/page.tsx:560:32
Unexpected character '”'
  558 |
  559 |           {related.length > 0 && (
> 560 |             <section className=”mt-10”>
      |                                ^
  561 |               <h2 className=”border-b pb-2 text-xs font-semibold uppercase tracking-[0.12...
  562 |                 Related claims
  563 |               </h2>

Parsing ecmascript source code failed @ http://localhost:3000/_next/static/chunks/1l_l_next_dist_0sxpgfl._.js:1945
[   39810ms] [ERROR] ./Dropbox (Maestral)/smarthumans.ai/src/app/claims/[slug]/page.tsx:560:32
Unexpected character '”'
  558 |
  559 |           {related.length > 0 && (
> 560 |             <section className=”mt-10”>
      |                                ^
  561 |               <h2 className=”border-b pb-2 text-xs font-semibold uppercase tracking-[0.12...
  562 |                 Related claims
  563 |               </h2>

Parsing ecmascript source code failed @ http://localhost:3000/_next/static/chunks/1l_l_next_dist_0sxpgfl._.js:1945
[   39867ms] [ERROR] ./Dropbox (Maestral)/smarthumans.ai/src/app/claims/[slug]/page.tsx:560:32
Unexpected character '”'
  558 |
  559 |           {related.length > 0 && (
> 560 |             <section className=”mt-10”>
      |                                ^
  561 |               <h2 className=”border-b pb-2 text-xs font-semibold uppercase tracking-[0.12...
  562 |                 Related claims
  563 |               </h2>

Parsing ecmascript source code failed @ http://localhost:3000/_next/static/chunks/1l_l_next_dist_0sxpgfl._.js:1945
[   39919ms] [ERROR] ./Dropbox (Maestral)/smarthumans.ai/src/app/claims/[slug]/page.tsx:560:32
Unexpected character '”'
  558 |
  559 |           {related.length > 0 && (
> 560 |             <section className=”mt-10”>
      |                                ^
  561 |               <h2 className=”border-b pb-2 text-xs font-semibold uppercase tracking-[0.12...
  562 |                 Related claims
  563 |               </h2>

Parsing ecmascript source code failed @ http://localhost:3000/_next/static/chunks/1l_l_next_dist_0sxpgfl._.js:1945
[   39976ms] [ERROR] ./Dropbox (Maestral)/smarthumans.ai/src/app/claims/[slug]/page.tsx:560:32
Unexpected character '”'
  558 |
  559 |           {related.length > 0 && (
> 560 |             <section className=”mt-10”>
      |                                ^
  561 |               <h2 className=”border-b pb-2 text-xs font-semibold uppercase tracking-[0.12...
  562 |                 Related claims
  563 |               </h2>

Parsing ecmascript source code failed @ http://localhost:3000/_next/static/chunks/1l_l_next_dist_0sxpgfl._.js:1945
[   40033ms] [ERROR] ./Dropbox (Maestral)/smarthumans.ai/src/app/claims/[slug]/page.tsx:560:32
Unexpected character '”'
  558 |
  559 |           {related.length > 0 && (
> 560 |             <section className=”mt-10”>
      |                                ^
  561 |               <h2 className=”border-b pb-2 text-xs font-semibold uppercase tracking-[0.12...
  562 |                 Related claims
  563 |               </h2>

Parsing ecmascript source code failed @ http://localhost:3000/_next/static/chunks/1l_l_next_dist_0sxpgfl._.js:1945
[   40089ms] [ERROR] ./Dropbox (Maestral)/smarthumans.ai/src/app/claims/[slug]/page.tsx:560:32
Unexpected character '”'
  558 |
  559 |           {related.length > 0 && (
> 560 |             <section className=”mt-10”>
      |                                ^
  561 |               <h2 className=”border-b pb-2 text-xs font-semibold uppercase tracking-[0.12...
  562 |                 Related claims
  563 |               </h2>

Parsing ecmascript source code failed @ http://localhost:3000/_next/static/chunks/1l_l_next_dist_0sxpgfl._.js:1945
[   40146ms] [ERROR] ./Dropbox (Maestral)/smarthumans.ai/src/app/claims/[slug]/page.tsx:560:32
Unexpected character '”'
  558 |
  559 |           {related.length > 0 && (
> 560 |             <section className=”mt-10”>
      |                                ^
  561 |               <h2 className=”border-b pb-2 text-xs font-semibold uppercase tracking-[0.12...
  562 |                 Related claims
  563 |               </h2>

Parsing ecmascript source code failed @ http://localhost:3000/_next/static/chunks/1l_l_next_dist_0sxpgfl._.js:1945
[   40203ms] [ERROR] ./Dropbox (Maestral)/smarthumans.ai/src/app/claims/[slug]/page.tsx:560:32
Unexpected character '”'
  558 |
  559 |           {related.length > 0 && (
> 560 |             <section className=”mt-10”>
      |                                ^
  561 |               <h2 className=”border-b pb-2 text-xs font-semibold uppercase tracking-[0.12...
  562 |                 Related claims
  563 |               </h2>

Parsing ecmascript source code failed @ http://localhost:3000/_next/static/chunks/1l_l_next_dist_0sxpgfl._.js:1945
[   40261ms] [ERROR] ./Dropbox (Maestral)/smarthumans.ai/src/app/claims/[slug]/page.tsx:560:32
Unexpected character '”'
  558 |
  559 |           {related.length > 0 && (
> 560 |             <section className=”mt-10”>
      |                                ^
  561 |               <h2 className=”border-b pb-2 text-xs font-semibold uppercase tracking-[0.12...
  562 |                 Related claims
  563 |               </h2>

Parsing ecmascript source code failed @ http://localhost:3000/_next/static/chunks/1l_l_next_dist_0sxpgfl._.js:1945
[   40318ms] [ERROR] ./Dropbox (Maestral)/smarthumans.ai/src/app/claims/[slug]/page.tsx:560:32
Unexpected character '”'
  558 |
  559 |           {related.length > 0 && (
> 560 |             <section className=”mt-10”>
      |                                ^
  561 |               <h2 className=”border-b pb-2 text-xs font-semibold uppercase tracking-[0.12...
  562 |                 Related claims
  563 |               </h2>

Parsing ecmascript source code failed @ http://localhost:3000/_next/static/chunks/1l_l_next_dist_0sxpgfl._.js:1945
[   40372ms] [ERROR] ./Dropbox (Maestral)/smarthumans.ai/src/app/claims/[slug]/page.tsx:560:32
Unexpected character '”'
  558 |
  559 |           {related.length > 0 && (
> 560 |             <section className=”mt-10”>
      |                                ^
  561 |               <h2 className=”border-b pb-2 text-xs font-semibold uppercase tracking-[0.12...
  562 |                 Related claims
  563 |               </h2>

Parsing ecmascript source code failed @ http://localhost:3000/_next/static/chunks/1l_l_next_dist_0sxpgfl._.js:1945
[   40430ms] [ERROR] ./Dropbox (Maestral)/smarthumans.ai/src/app/claims/[slug]/page.tsx:560:32
Unexpected character '”'
  558 |
  559 |           {related.length > 0 && (
> 560 |             <section className=”mt-10”>
      |                                ^
  561 |               <h2 className=”border-b pb-2 text-xs font-semibold uppercase tracking-[0.12...
  562 |                 Related claims
  563 |               </h2>

Parsing ecmascript source code failed @ http://localhost:3000/_next/static/chunks/1l_l_next_dist_0sxpgfl._.js:1945
[   40486ms] [ERROR] ./Dropbox (Maestral)/smarthumans.ai/src/app/claims/[slug]/page.tsx:560:32
Unexpected character '”'
  558 |
  559 |           {related.length > 0 && (
> 560 |             <section className=”mt-10”>
      |                                ^
  561 |               <h2 className=”border-b pb-2 text-xs font-semibold uppercase tracking-[0.12...
  562 |                 Related claims
  563 |               </h2>

Parsing ecmascript source code failed @ http://localhost:3000/_next/static/chunks/1l_l_next_dist_0sxpgfl._.js:1945
[   40544ms] [ERROR] ./Dropbox (Maestral)/smarthumans.ai/src/app/claims/[slug]/page.tsx:560:32
Unexpected character '”'
  558 |
  559 |           {related.length > 0 && (
> 560 |             <section className=”mt-10”>
      |                                ^
  561 |               <h2 className=”border-b pb-2 text-xs font-semibold uppercase tracking-[0.12...
  562 |                 Related claims
  563 |               </h2>

Parsing ecmascript source code failed @ http://localhost:3000/_next/static/chunks/1l_l_next_dist_0sxpgfl._.js:1945
[   40601ms] [ERROR] ./Dropbox (Maestral)/smarthumans.ai/src/app/claims/[slug]/page.tsx:560:32
Unexpected character '”'
  558 |
  559 |           {related.length > 0 && (
> 560 |             <section className=”mt-10”>
      |                                ^
  561 |               <h2 className=”border-b pb-2 text-xs font-semibold uppercase tracking-[0.12...
  562 |                 Related claims
  563 |               </h2>

Parsing ecmascript source code failed @ http://localhost:3000/_next/static/chunks/1l_l_next_dist_0sxpgfl._.js:1945
[   40657ms] [ERROR] ./Dropbox (Maestral)/smarthumans.ai/src/app/claims/[slug]/page.tsx:560:32
Unexpected character '”'
  558 |
  559 |           {related.length > 0 && (
> 560 |             <section className=”mt-10”>
      |                                ^
  561 |               <h2 className=”border-b pb-2 text-xs font-semibold uppercase tracking-[0.12...
  562 |                 Related claims
  563 |               </h2>

Parsing ecmascript source code failed @ http://localhost:3000/_next/static/chunks/1l_l_next_dist_0sxpgfl._.js:1945
[   40713ms] [ERROR] ./Dropbox (Maestral)/smarthumans.ai/src/app/claims/[slug]/page.tsx:560:32
Unexpected character '”'
  558 |
  559 |           {related.length > 0 && (
> 560 |             <section className=”mt-10”>
      |                                ^
  561 |               <h2 className=”border-b pb-2 text-xs font-semibold uppercase tracking-[0.12...
  562 |                 Related claims
  563 |               </h2>

Parsing ecmascript source code failed @ http://localhost:3000/_next/static/chunks/1l_l_next_dist_0sxpgfl._.js:1945
[   40770ms] [ERROR] ./Dropbox (Maestral)/smarthumans.ai/src/app/claims/[slug]/page.tsx:560:32
Unexpected character '”'
  558 |
  559 |           {related.length > 0 && (
> 560 |             <section className=”mt-10”>
      |                                ^
  561 |               <h2 className=”border-b pb-2 text-xs font-semibold uppercase tracking-[0.12...
  562 |                 Related claims
  563 |               </h2>

Parsing ecmascript source code failed @ http://localhost:3000/_next/static/chunks/1l_l_next_dist_0sxpgfl._.js:1945
[   40828ms] [ERROR] ./Dropbox (Maestral)/smarthumans.ai/src/app/claims/[slug]/page.tsx:560:32
Unexpected character '”'
  558 |
  559 |           {related.length > 0 && (
> 560 |             <section className=”mt-10”>
      |                                ^
  561 |               <h2 className=”border-b pb-2 text-xs font-semibold uppercase tracking-[0.12...
  562 |                 Related claims
  563 |               </h2>

Parsing ecmascript source code failed @ http://localhost:3000/_next/static/chunks/1l_l_next_dist_0sxpgfl._.js:1945
[   40885ms] [ERROR] ./Dropbox (Maestral)/smarthumans.ai/src/app/claims/[slug]/page.tsx:560:32
Unexpected character '”'
  558 |
  559 |           {related.length > 0 && (
> 560 |             <section className=”mt-10”>
      |                                ^
  561 |               <h2 className=”border-b pb-2 text-xs font-semibold uppercase tracking-[0.12...
  562 |                 Related claims
  563 |               </h2>

Parsing ecmascript source code failed @ http://localhost:3000/_next/static/chunks/1l_l_next_dist_0sxpgfl._.js:1945
[   40942ms] [ERROR] ./Dropbox (Maestral)/smarthumans.ai/src/app/claims/[slug]/page.tsx:560:32
Unexpected character '”'
  558 |
  559 |           {related.length > 0 && (
> 560 |             <section className=”mt-10”>
      |                                ^
  561 |               <h2 className=”border-b pb-2 text-xs font-semibold uppercase tracking-[0.12...
  562 |                 Related claims
  563 |               </h2>

Parsing ecmascript source code failed @ http://localhost:3000/_next/static/chunks/1l_l_next_dist_0sxpgfl._.js:1945
[   40998ms] [ERROR] ./Dropbox (Maestral)/smarthumans.ai/src/app/claims/[slug]/page.tsx:560:32
Unexpected character '”'
  558 |
  559 |           {related.length > 0 && (
> 560 |             <section className=”mt-10”>
      |                                ^
  561 |               <h2 className=”border-b pb-2 text-xs font-semibold uppercase tracking-[0.12...
  562 |                 Related claims
  563 |               </h2>

Parsing ecmascript source code failed @ http://localhost:3000/_next/static/chunks/1l_l_next_dist_0sxpgfl._.js:1945
[   41095ms] [LOG] [Fast Refresh] rebuilding @ http://localhost:3000/_next/static/chunks/1l_l_next_dist_0sxpgfl._.js:1226
[   41966ms] [LOG] [Fast Refresh] done in 115ms @ http://localhost:3000/_next/static/chunks/1l_l_next_dist_0sxpgfl._.js:1226
[   42902ms] [INFO] %cDownload the React DevTools for a better development experience: https://react.dev/link/react-devtools font-weight:bold @ http://localhost:3000/_next/static/chunks/1l_l_next_dist_1hdtlhn._.js:2477
[   42922ms] [LOG] [HMR] connected @ http://localhost:3000/_next/static/chunks/1l_l_next_dist_1hdtlhn._.js:2477
[   43059ms] [LOG] [Fast Refresh] rebuilding @ http://localhost:3000/_next/static/chunks/1l_l_next_dist_1hdtlhn._.js:2477
[   43262ms] [LOG] [Fast Refresh] done in 303ms @ http://localhost:3000/_next/static/chunks/1l_l_next_dist_1hdtlhn._.js:2477
