[     391ms] [INFO] %cDownload the React DevTools for a better development experience: https://react.dev/link/react-devtools font-weight:bold @ http://localhost:3000/_next/static/chunks/1l_l_next_dist_1hdtlhn._.js:2477
[     428ms] [LOG] [HMR] connected @ http://localhost:3000/_next/static/chunks/1l_l_next_dist_1hdtlhn._.js:2477
[   58391ms] [LOG] [Fast Refresh] rebuilding @ http://localhost:3000/_next/static/chunks/1l_l_next_dist_1hdtlhn._.js:2477
[   58497ms] [LOG] [Fast Refresh] done in 97ms @ http://localhost:3000/_next/static/chunks/1l_l_next_dist_1hdtlhn._.js:2477
[   85431ms] [INFO] %cDownload the React DevTools for a better development experience: https://react.dev/link/react-devtools font-weight:bold @ http://localhost:3000/_next/static/chunks/1l_l_next_dist_1hdtlhn._.js:2477
[   85452ms] [LOG] [HMR] connected @ http://localhost:3000/_next/static/chunks/1l_l_next_dist_1hdtlhn._.js:2477
[   86220ms] [INFO] %cDownload the React DevTools for a better development experience: https://react.dev/link/react-devtools font-weight:bold @ http://localhost:3000/_next/static/chunks/1l_l_next_dist_1hdtlhn._.js:2477
[   86231ms] [LOG] [HMR] connected @ http://localhost:3000/_next/static/chunks/1l_l_next_dist_1hdtlhn._.js:2477
[   87013ms] [INFO] %cDownload the React DevTools for a better development experience: https://react.dev/link/react-devtools font-weight:bold @ http://localhost:3000/_next/static/chunks/1l_l_next_dist_1hdtlhn._.js:2477
[   87027ms] [LOG] [HMR] connected @ http://localhost:3000/_next/static/chunks/1l_l_next_dist_1hdtlhn._.js:2477
[  331626ms] [LOG] [Fast Refresh] rebuilding @ http://localhost:3000/_next/static/chunks/1l_l_next_dist_1hdtlhn._.js:2477
[  331672ms] [LOG] [Fast Refresh] done in 46ms @ http://localhost:3000/_next/static/chunks/1l_l_next_dist_1hdtlhn._.js:2477
[  340565ms] [LOG] [Fast Refresh] rebuilding @ http://localhost:3000/_next/static/chunks/1l_l_next_dist_1hdtlhn._.js:2477
[  340609ms] [LOG] [Fast Refresh] done in 33ms @ http://localhost:3000/_next/static/chunks/1l_l_next_dist_1hdtlhn._.js:2477
[  370389ms] [INFO] %cDownload the React DevTools for a better development experience: https://react.dev/link/react-devtools font-weight:bold @ http://localhost:3000/_next/static/chunks/1l_l_next_dist_1hdtlhn._.js:2477
[  370411ms] [LOG] [HMR] connected @ http://localhost:3000/_next/static/chunks/1l_l_next_dist_1hdtlhn._.js:2477
[  371161ms] [INFO] %cDownload the React DevTools for a better development experience: https://react.dev/link/react-devtools font-weight:bold @ http://localhost:3000/_next/static/chunks/1l_l_next_dist_1hdtlhn._.js:2477
[  371176ms] [LOG] [HMR] connected @ http://localhost:3000/_next/static/chunks/1l_l_next_dist_1hdtlhn._.js:2477
[  446189ms] [LOG] [Fast Refresh] rebuilding @ http://localhost:3000/_next/static/chunks/1l_l_next_dist_1hdtlhn._.js:2477
[  446238ms] [LOG] [Fast Refresh] done in 43ms @ http://localhost:3000/_next/static/chunks/1l_l_next_dist_1hdtlhn._.js:2477
[  456406ms] [LOG] [Fast Refresh] rebuilding @ http://localhost:3000/_next/static/chunks/1l_l_next_dist_1hdtlhn._.js:2477
[  456447ms] [LOG] [Fast Refresh] done in 30ms @ http://localhost:3000/_next/static/chunks/1l_l_next_dist_1hdtlhn._.js:2477
[  471118ms] [LOG] [Fast Refresh] rebuilding @ http://localhost:3000/_next/static/chunks/1l_l_next_dist_1hdtlhn._.js:2477
[  471169ms] [LOG] [Fast Refresh] done in 28ms @ http://localhost:3000/_next/static/chunks/1l_l_next_dist_1hdtlhn._.js:2477
[  501700ms] [LOG] [Fast Refresh] rebuilding @ http://localhost:3000/_next/static/chunks/1l_l_next_dist_1hdtlhn._.js:2477
[  501752ms] [LOG] [Fast Refresh] done in 34ms @ http://localhost:3000/_next/static/chunks/1l_l_next_dist_1hdtlhn._.js:2477
[  520496ms] [LOG] [Fast Refresh] rebuilding @ http://localhost:3000/_next/static/chunks/1l_l_next_dist_1hdtlhn._.js:2477
[  520567ms] [LOG] [Fast Refresh] done in 29ms @ http://localhost:3000/_next/static/chunks/1l_l_next_dist_1hdtlhn._.js:2477
[  520706ms] ReferenceError: PersonAvatar is not defined
    at eval (about://React/Server/file:///Users/joelei/Dropbox%2520(Maestral)/smarthumans.ai/.next/dev/server/chunks/ssr/%255Broot-of-the-server%255D__1jojnfx._.js?id=%255Bproject%255D%252FDropbox+%2528Maestral%2529%252Fsmarthumans.ai%252Fsrc%252Fapp%252Fclaims%252F%255Bslug%255D%252Fpage.tsx+%255Bapp-rsc%255D+%2528ecmascript%2529?456:893:349)
    at Array.map (<anonymous>:1:18)
    at PositionList (about://React/Server/file:///Users/joelei/Dropbox%2520(Maestral)/smarthumans.ai/.next/dev/server/chunks/ssr/%255Broot-of-the-server%255D__1jojnfx._.js?id=%255Bproject%255D%252FDropbox+%2528Maestral%2529%252Fsmarthumans.ai%252Fsrc%252Fapp%252Fclaims%252F%255Bslug%255D%252Fpage.tsx+%255Bapp-rsc%255D+%2528ecmascript%2529?457:881:29)
    at resolveErrorDev (http://localhost:3000/_next/static/chunks/1l_l_next_dist_compiled_react-server-dom-turbopack_1pd5eef._.js:1919:150)
    at processFullStringRow (http://localhost:3000/_next/static/chunks/1l_l_next_dist_compiled_react-server-dom-turbopack_1pd5eef._.js:2434:29)
    at processFullBinaryRow (http://localhost:3000/_next/static/chunks/1l_l_next_dist_compiled_react-server-dom-turbopack_1pd5eef._.js:2393:9)
    at processBinaryChunk (http://localhost:3000/_next/static/chunks/1l_l_next_dist_compiled_react-server-dom-turbopack_1pd5eef._.js:2502:221)
    at progress (http://localhost:3000/_next/static/chunks/1l_l_next_dist_compiled_react-server-dom-turbopack_1pd5eef._.js:2689:13)
[  532919ms] [LOG] [Fast Refresh] rebuilding @ http://localhost:3000/_next/static/chunks/1l_l_next_dist_1hdtlhn._.js:2477
[  533288ms] [LOG] [Fast Refresh] done in 61ms @ http://localhost:3000/_next/static/chunks/1l_l_next_dist_1hdtlhn._.js:2477
[  533507ms] [LOG] [Fast Refresh] rebuilding @ http://localhost:3000/_next/static/chunks/1l_l_next_dist_1hdtlhn._.js:2477
[  533677ms] [LOG] [Fast Refresh] done in 271ms @ http://localhost:3000/_next/static/chunks/1l_l_next_dist_1hdtlhn._.js:2477
[  534262ms] [INFO] %cDownload the React DevTools for a better development experience: https://react.dev/link/react-devtools font-weight:bold @ http://localhost:3000/_next/static/chunks/1l_l_next_dist_1hdtlhn._.js:2477
[  534279ms] [LOG] [HMR] connected @ http://localhost:3000/_next/static/chunks/1l_l_next_dist_1hdtlhn._.js:2477
[  534286ms] [WARNING] %c%s%c ⚠ metadataBase property in metadata export is not set for resolving social open graph or twitter images, using "http://localhost:3000". See https://nextjs.org/docs/app/api-reference/functions/generate-metadata#metadatabase background: #e6e6e6;background: light-dark(rgba(0,0,0,0.1), rgba(255,255,255,0.25));color: #000000;color: light-dark(#000000, #ffffff);border-radius: 2px  Server   @ http://localhost:3000/_next/static/chunks/1l_l_next_dist_1hdtlhn._.js:2477
[  534407ms] [LOG] [Fast Refresh] rebuilding @ http://localhost:3000/_next/static/chunks/1l_l_next_dist_1hdtlhn._.js:2477
[  534536ms] [LOG] [Fast Refresh] done in 229ms @ http://localhost:3000/_next/static/chunks/1l_l_next_dist_1hdtlhn._.js:2477
[  567670ms] [LOG] [Fast Refresh] rebuilding @ http://localhost:3000/_next/static/chunks/1l_l_next_dist_1hdtlhn._.js:2477
[  567719ms] [LOG] [Fast Refresh] done in 34ms @ http://localhost:3000/_next/static/chunks/1l_l_next_dist_1hdtlhn._.js:2477
[  594369ms] [INFO] %cDownload the React DevTools for a better development experience: https://react.dev/link/react-devtools font-weight:bold @ http://localhost:3000/_next/static/chunks/1l_l_next_dist_1hdtlhn._.js:2477
[  594387ms] [LOG] [HMR] connected @ http://localhost:3000/_next/static/chunks/1l_l_next_dist_1hdtlhn._.js:2477
[  757114ms] [LOG] [Fast Refresh] rebuilding @ http://localhost:3000/_next/static/chunks/1l_l_next_dist_1hdtlhn._.js:2477
[  757520ms] [LOG] [Fast Refresh] done in 508ms @ http://localhost:3000/_next/static/chunks/1l_l_next_dist_1hdtlhn._.js:2477
[  802678ms] [LOG] [Fast Refresh] rebuilding @ http://localhost:3000/_next/static/chunks/1l_l_next_dist_1hdtlhn._.js:2477
[  802725ms] [LOG] [Fast Refresh] done in 112ms @ http://localhost:3000/_next/static/chunks/1l_l_next_dist_1hdtlhn._.js:2477
[  891739ms] [LOG] [Fast Refresh] rebuilding @ http://localhost:3000/_next/static/chunks/1l_l_next_dist_1hdtlhn._.js:2477
[  891778ms] [LOG] [Fast Refresh] done in 109ms @ http://localhost:3000/_next/static/chunks/1l_l_next_dist_1hdtlhn._.js:2477
[  912855ms] [ERROR] WebSocket connection to 'ws://localhost:3000/_next/webpack-hmr?id=_aIRSX0WR6BPXGqqBDOhK' failed:  @ http://localhost:3000/_next/static/chunks/1l_l_next_dist_client_1mzxg_k._.js:13422
[  913865ms] [ERROR] WebSocket connection to 'ws://localhost:3000/_next/webpack-hmr?id=_aIRSX0WR6BPXGqqBDOhK' failed: Error in connection establishment: net::ERR_CONNECTION_REFUSED @ http://localhost:3000/_next/static/chunks/1l_l_next_dist_client_1mzxg_k._.js:13422
[  914868ms] [ERROR] WebSocket connection to 'ws://localhost:3000/_next/webpack-hmr?id=_aIRSX0WR6BPXGqqBDOhK' failed: Error in connection establishment: net::ERR_CONNECTION_REFUSED @ http://localhost:3000/_next/static/chunks/1l_l_next_dist_client_1mzxg_k._.js:13422
[  915871ms] [ERROR] WebSocket connection to 'ws://localhost:3000/_next/webpack-hmr?id=_aIRSX0WR6BPXGqqBDOhK' failed: Error in connection establishment: net::ERR_CONNECTION_REFUSED @ http://localhost:3000/_next/static/chunks/1l_l_next_dist_client_1mzxg_k._.js:13422
[  916873ms] [ERROR] WebSocket connection to 'ws://localhost:3000/_next/webpack-hmr?id=_aIRSX0WR6BPXGqqBDOhK' failed: Error in connection establishment: net::ERR_CONNECTION_REFUSED @ http://localhost:3000/_next/static/chunks/1l_l_next_dist_client_1mzxg_k._.js:13422
[  917877ms] [ERROR] WebSocket connection to 'ws://localhost:3000/_next/webpack-hmr?id=_aIRSX0WR6BPXGqqBDOhK' failed: Error in connection establishment: net::ERR_CONNECTION_REFUSED @ http://localhost:3000/_next/static/chunks/1l_l_next_dist_client_1mzxg_k._.js:13422
[  922884ms] [LOG] [HMR] connected @ http://localhost:3000/_next/static/chunks/1l_l_next_dist_1hdtlhn._.js:2477
[  925092ms] [INFO] %cDownload the React DevTools for a better development experience: https://react.dev/link/react-devtools font-weight:bold @ http://localhost:3000/_next/static/chunks/1l_l_next_dist_1hdtlhn._.js:2477
[  925104ms] [LOG] [HMR] connected @ http://localhost:3000/_next/static/chunks/1l_l_next_dist_1hdtlhn._.js:2477
[  925108ms] [WARNING] %c%s%c ⚠ metadataBase property in metadata export is not set for resolving social open graph or twitter images, using "http://localhost:3000". See https://nextjs.org/docs/app/api-reference/functions/generate-metadata#metadatabase background: #e6e6e6;background: light-dark(rgba(0,0,0,0.1), rgba(255,255,255,0.25));color: #000000;color: light-dark(#000000, #ffffff);border-radius: 2px  Server   @ http://localhost:3000/_next/static/chunks/1l_l_next_dist_1hdtlhn._.js:2477
[  925294ms] [LOG] [Fast Refresh] rebuilding @ http://localhost:3000/_next/static/chunks/1l_l_next_dist_1hdtlhn._.js:2477
[  926052ms] [LOG] [Fast Refresh] done in 858ms @ http://localhost:3000/_next/static/chunks/1l_l_next_dist_1hdtlhn._.js:2477
[  942424ms] [INFO] %cDownload the React DevTools for a better development experience: https://react.dev/link/react-devtools font-weight:bold @ http://localhost:3000/_next/static/chunks/1l_l_next_dist_1hdtlhn._.js:2477
[  942443ms] [LOG] [HMR] connected @ http://localhost:3000/_next/static/chunks/1l_l_next_dist_1hdtlhn._.js:2477
[  943149ms] [LOG] [Fast Refresh] rebuilding @ http://localhost:3000/_next/static/chunks/1l_l_next_dist_1hdtlhn._.js:2477
[  943501ms] [LOG] [Fast Refresh] done in 453ms @ http://localhost:3000/_next/static/chunks/1l_l_next_dist_1hdtlhn._.js:2477
[  944081ms] [INFO] %cDownload the React DevTools for a better development experience: https://react.dev/link/react-devtools font-weight:bold @ http://localhost:3000/_next/static/chunks/1l_l_next_dist_1hdtlhn._.js:2477
[  944096ms] [LOG] [HMR] connected @ http://localhost:3000/_next/static/chunks/1l_l_next_dist_1hdtlhn._.js:2477
[  944869ms] [INFO] %cDownload the React DevTools for a better development experience: https://react.dev/link/react-devtools font-weight:bold @ http://localhost:3000/_next/static/chunks/1l_l_next_dist_1hdtlhn._.js:2477
[  944886ms] [LOG] [HMR] connected @ http://localhost:3000/_next/static/chunks/1l_l_next_dist_1hdtlhn._.js:2477
[  945651ms] [INFO] %cDownload the React DevTools for a better development experience: https://react.dev/link/react-devtools font-weight:bold @ http://localhost:3000/_next/static/chunks/1l_l_next_dist_1hdtlhn._.js:2477
[  945666ms] [LOG] [HMR] connected @ http://localhost:3000/_next/static/chunks/1l_l_next_dist_1hdtlhn._.js:2477
[ 1335513ms] [LOG] [Fast Refresh] rebuilding @ http://localhost:3000/_next/static/chunks/1l_l_next_dist_1hdtlhn._.js:2477
[ 1335562ms] [LOG] [Fast Refresh] done in 57ms @ http://localhost:3000/_next/static/chunks/1l_l_next_dist_1hdtlhn._.js:2477
[ 1335725ms] ReferenceError: NAV is not defined
    at SiteHeader (about://React/Server/file:///Users/joelei/Dropbox%2520(Maestral)/smarthumans.ai/.next/dev/server/chunks/ssr/%255Broot-of-the-server%255D__0n8i8x8._.js?id=%255Bproject%255D%252FDropbox+%2528Maestral%2529%252Fsmarthumans.ai%252Fsrc%252Fcomponents%252Fsite-header.tsx+%255Bapp-rsc%255D+%2528ecmascript%2529?222:71:31)
    at resolveErrorDev (http://localhost:3000/_next/static/chunks/1l_l_next_dist_compiled_react-server-dom-turbopack_1pd5eef._.js:1919:150)
    at processFullStringRow (http://localhost:3000/_next/static/chunks/1l_l_next_dist_compiled_react-server-dom-turbopack_1pd5eef._.js:2434:29)
    at processFullBinaryRow (http://localhost:3000/_next/static/chunks/1l_l_next_dist_compiled_react-server-dom-turbopack_1pd5eef._.js:2393:9)
    at processBinaryChunk (http://localhost:3000/_next/static/chunks/1l_l_next_dist_compiled_react-server-dom-turbopack_1pd5eef._.js:2502:221)
    at progress (http://localhost:3000/_next/static/chunks/1l_l_next_dist_compiled_react-server-dom-turbopack_1pd5eef._.js:2689:13)
[ 1345376ms] [LOG] [Fast Refresh] rebuilding @ http://localhost:3000/_next/static/chunks/1l_l_next_dist_1hdtlhn._.js:2477
[ 1345417ms] [LOG] [Fast Refresh] done in 35ms @ http://localhost:3000/_next/static/chunks/1l_l_next_dist_1hdtlhn._.js:2477
[ 1345653ms] [INFO] %cDownload the React DevTools for a better development experience: https://react.dev/link/react-devtools font-weight:bold @ http://localhost:3000/_next/static/chunks/1l_l_next_dist_1hdtlhn._.js:2477
[ 1345674ms] [LOG] [HMR] connected @ http://localhost:3000/_next/static/chunks/1l_l_next_dist_1hdtlhn._.js:2477
[ 1352911ms] [LOG] [Fast Refresh] rebuilding @ http://localhost:3000/_next/static/chunks/1l_l_next_dist_1hdtlhn._.js:2477
[ 1352941ms] [LOG] [Fast Refresh] done in 36ms @ http://localhost:3000/_next/static/chunks/1l_l_next_dist_1hdtlhn._.js:2477
[ 1367049ms] [LOG] [Fast Refresh] rebuilding @ http://localhost:3000/_next/static/chunks/1l_l_next_dist_1hdtlhn._.js:2477
[ 1367370ms] [WARNING] [HMR] Invalid message: {"isTrusted":true}
TypeError: Cannot convert undefined or null to object
    at Object.keys (<anonymous>)
    at extractModulesFromTurbopackMessage (http://localhost:3000/_next/static/chunks/1l_l_next_dist_client_1mzxg_k._.js:13754:39)
    at TurbopackHmr.onTurbopackMessage (http://localhost:3000/_next/static/chunks/1l_l_next_dist_client_1mzxg_k._.js:13701:32)
    at processMessage (http://localhost:3000/_next/static/chunks/1l_l_next_dist_client_1mzxg_k._.js:14059:30)
    at WebSocket.handleMessage (http://localhost:3000/_next/static/chunks/1l_l_next_dist_client_1mzxg_k._.js:13458:52) @ http://localhost:3000/_next/static/chunks/1l_l_next_dist_1hdtlhn._.js:2477
[ 1367370ms] [LOG] [Fast Refresh] done in 364ms @ http://localhost:3000/_next/static/chunks/1l_l_next_dist_1hdtlhn._.js:2477
[ 1367618ms] [LOG] [Fast Refresh] rebuilding @ http://localhost:3000/_next/static/chunks/1l_l_next_dist_1hdtlhn._.js:2477
[ 1367796ms] [LOG] [Fast Refresh] done in 278ms @ http://localhost:3000/_next/static/chunks/1l_l_next_dist_1hdtlhn._.js:2477
[ 1368149ms] ReferenceError: HeroSearch is not defined
    at HomePage (/Users/joelei/Dropbox (about://React/Server/Maestral)/smarthumans.ai/.next/dev/server/chunks/ssr/%5Broot-of-the-server%5D__1qjf5ze._.js?279:1948:325)
    at resolveErrorDev (http://localhost:3000/_next/static/chunks/1l_l_next_dist_compiled_react-server-dom-turbopack_1pd5eef._.js:1919:150)
    at processFullStringRow (http://localhost:3000/_next/static/chunks/1l_l_next_dist_compiled_react-server-dom-turbopack_1pd5eef._.js:2434:29)
    at processFullBinaryRow (http://localhost:3000/_next/static/chunks/1l_l_next_dist_compiled_react-server-dom-turbopack_1pd5eef._.js:2393:9)
    at processBinaryChunk (http://localhost:3000/_next/static/chunks/1l_l_next_dist_compiled_react-server-dom-turbopack_1pd5eef._.js:2502:221)
    at progress (http://localhost:3000/_next/static/chunks/1l_l_next_dist_compiled_react-server-dom-turbopack_1pd5eef._.js:2689:13)
[ 1368092ms] [LOG] [Fast Refresh] rebuilding @ http://localhost:3000/_next/static/chunks/1l_l_next_dist_1hdtlhn._.js:2477
[ 1368149ms] [LOG] [Fast Refresh] done in 169ms @ http://localhost:3000/_next/static/chunks/1l_l_next_dist_1hdtlhn._.js:2477
[ 1387290ms] [LOG] [Fast Refresh] rebuilding @ http://localhost:3000/_next/static/chunks/1l_l_next_dist_1hdtlhn._.js:2477
[ 1387518ms] [LOG] [Fast Refresh] done in 40ms @ http://localhost:3000/_next/static/chunks/1l_l_next_dist_1hdtlhn._.js:2477
[ 1387672ms] [ERROR] Failed to load resource: the server responded with a status of 500 (Internal Server Error) @ http://localhost:3000/:0
[ 1387717ms] [INFO] %cDownload the React DevTools for a better development experience: https://react.dev/link/react-devtools font-weight:bold @ http://localhost:3000/_next/static/chunks/1l_l_next_dist_1hdtlhn._.js:2477
[ 1387731ms] [LOG] [HMR] connected @ http://localhost:3000/_next/static/chunks/1l_l_next_dist_1hdtlhn._.js:2477
[ 1387837ms] ReferenceError: HeroSearch is not defined
    at HomePage (about://React/Server/file:///Users/joelei/Dropbox%2520(Maestral)/smarthumans.ai/.next/dev/server/chunks/ssr/%255Broot-of-the-server%255D__1qjf5ze._.js?id=%255Bproject%255D%252FDropbox+%2528Maestral%2529%252Fsmarthumans.ai%252Fsrc%252Fapp%252Fpage.tsx+%255Bapp-rsc%255D+%2528ecmascript%2529?0:131:325)
    at resolveErrorDev (http://localhost:3000/_next/static/chunks/1l_l_next_dist_compiled_react-server-dom-turbopack_1pd5eef._.js:1919:105)
    at processFullStringRow (http://localhost:3000/_next/static/chunks/1l_l_next_dist_compiled_react-server-dom-turbopack_1pd5eef._.js:2434:29)
    at processFullBinaryRow (http://localhost:3000/_next/static/chunks/1l_l_next_dist_compiled_react-server-dom-turbopack_1pd5eef._.js:2393:9)
    at processBinaryChunk (http://localhost:3000/_next/static/chunks/1l_l_next_dist_compiled_react-server-dom-turbopack_1pd5eef._.js:2502:221)
    at progress (http://localhost:3000/_next/static/chunks/1l_l_next_dist_compiled_react-server-dom-turbopack_1pd5eef._.js:2689:13)
[ 1387872ms] [LOG] [Fast Refresh] rebuilding @ http://localhost:3000/_next/static/chunks/1l_l_next_dist_1hdtlhn._.js:2477
[ 1388001ms] [LOG] [Fast Refresh] done in 229ms @ http://localhost:3000/_next/static/chunks/1l_l_next_dist_1hdtlhn._.js:2477
[ 1402913ms] [LOG] [Fast Refresh] rebuilding @ http://localhost:3000/_next/static/chunks/1l_l_next_dist_1hdtlhn._.js:2477
[ 1402956ms] [LOG] [Fast Refresh] done in 33ms @ http://localhost:3000/_next/static/chunks/1l_l_next_dist_1hdtlhn._.js:2477
[ 1403348ms] [INFO] %cDownload the React DevTools for a better development experience: https://react.dev/link/react-devtools font-weight:bold @ http://localhost:3000/_next/static/chunks/1l_l_next_dist_1hdtlhn._.js:2477
[ 1403371ms] [LOG] [HMR] connected @ http://localhost:3000/_next/static/chunks/1l_l_next_dist_1hdtlhn._.js:2477
[ 1440163ms] [INFO] %cDownload the React DevTools for a better development experience: https://react.dev/link/react-devtools font-weight:bold @ http://localhost:3000/_next/static/chunks/1l_l_next_dist_1hdtlhn._.js:2477
[ 1440187ms] [LOG] [HMR] connected @ http://localhost:3000/_next/static/chunks/1l_l_next_dist_1hdtlhn._.js:2477
[ 1501659ms] [LOG] [Fast Refresh] rebuilding @ http://localhost:3000/_next/static/chunks/1l_l_next_dist_1hdtlhn._.js:2477
[ 1501709ms] [LOG] [Fast Refresh] done in 93ms @ http://localhost:3000/_next/static/chunks/1l_l_next_dist_1hdtlhn._.js:2477
[ 1504034ms] [LOG] [Fast Refresh] rebuilding @ http://localhost:3000/_next/static/chunks/1l_l_next_dist_1hdtlhn._.js:2477
[ 1504484ms] [LOG] [Fast Refresh] done in 551ms @ http://localhost:3000/_next/static/chunks/1l_l_next_dist_1hdtlhn._.js:2477
[ 1515428ms] [LOG] [Fast Refresh] rebuilding @ http://localhost:3000/_next/static/chunks/1l_l_next_dist_1hdtlhn._.js:2477
[ 1515463ms] [LOG] [Fast Refresh] done in 60ms @ http://localhost:3000/_next/static/chunks/1l_l_next_dist_1hdtlhn._.js:2477
[ 1522647ms] [LOG] [Fast Refresh] rebuilding @ http://localhost:3000/_next/static/chunks/1l_l_next_dist_1hdtlhn._.js:2477
[ 1522722ms] [LOG] [Fast Refresh] done in 177ms @ http://localhost:3000/_next/static/chunks/1l_l_next_dist_1hdtlhn._.js:2477
[ 1539743ms] [INFO] %cDownload the React DevTools for a better development experience: https://react.dev/link/react-devtools font-weight:bold @ http://localhost:3000/_next/static/chunks/1l_l_next_dist_1hdtlhn._.js:2477
[ 1539759ms] [LOG] [HMR] connected @ http://localhost:3000/_next/static/chunks/1l_l_next_dist_1hdtlhn._.js:2477
[ 1736510ms] [LOG] [Fast Refresh] rebuilding @ http://localhost:3000/_next/static/chunks/1l_l_next_dist_1hdtlhn._.js:2477
[ 1736810ms] [LOG] [Fast Refresh] done in 400ms @ http://localhost:3000/_next/static/chunks/1l_l_next_dist_1hdtlhn._.js:2477
[ 1795642ms] [LOG] [Fast Refresh] rebuilding @ http://localhost:3000/_next/static/chunks/1l_l_next_dist_1hdtlhn._.js:2477
[ 1795966ms] [LOG] [Fast Refresh] done in 67ms @ http://localhost:3000/_next/static/chunks/1l_l_next_dist_1hdtlhn._.js:2477
[ 1823922ms] [LOG] [Fast Refresh] rebuilding @ http://localhost:3000/_next/static/chunks/1l_l_next_dist_1hdtlhn._.js:2477
[ 1824022ms] [LOG] [Fast Refresh] done in 201ms @ http://localhost:3000/_next/static/chunks/1l_l_next_dist_1hdtlhn._.js:2477
[ 1827908ms] [LOG] [Fast Refresh] rebuilding @ http://localhost:3000/_next/static/chunks/1l_l_next_dist_1hdtlhn._.js:2477
[ 1828258ms] [LOG] [Fast Refresh] done in 187ms @ http://localhost:3000/_next/static/chunks/1l_l_next_dist_1hdtlhn._.js:2477
[ 1828468ms] [LOG] [Fast Refresh] rebuilding @ http://localhost:3000/_next/static/chunks/1l_l_next_dist_1hdtlhn._.js:2477
[ 1828509ms] [LOG] [Fast Refresh] done in 142ms @ http://localhost:3000/_next/static/chunks/1l_l_next_dist_1hdtlhn._.js:2477
[ 1829266ms] [INFO] %cDownload the React DevTools for a better development experience: https://react.dev/link/react-devtools font-weight:bold @ http://localhost:3000/_next/static/chunks/1l_l_next_dist_1hdtlhn._.js:2477
[ 1829297ms] [LOG] [HMR] connected @ http://localhost:3000/_next/static/chunks/1l_l_next_dist_1hdtlhn._.js:2477
[ 1829463ms] [LOG] [Fast Refresh] rebuilding @ http://localhost:3000/_next/static/chunks/1l_l_next_dist_1hdtlhn._.js:2477
[ 1829598ms] [LOG] [Fast Refresh] done in 240ms @ http://localhost:3000/_next/static/chunks/1l_l_next_dist_1hdtlhn._.js:2477
[ 1837248ms] [LOG] [Fast Refresh] rebuilding @ http://localhost:3000/_next/static/chunks/1l_l_next_dist_1hdtlhn._.js:2477
[ 1837289ms] [LOG] [Fast Refresh] done in 33ms @ http://localhost:3000/_next/static/chunks/1l_l_next_dist_1hdtlhn._.js:2477
[ 1845470ms] [LOG] [Fast Refresh] rebuilding @ http://localhost:3000/_next/static/chunks/1l_l_next_dist_1hdtlhn._.js:2477
[ 1845528ms] [LOG] [Fast Refresh] done in 28ms @ http://localhost:3000/_next/static/chunks/1l_l_next_dist_1hdtlhn._.js:2477
[ 1886965ms] [LOG] [Fast Refresh] rebuilding @ http://localhost:3000/_next/static/chunks/1l_l_next_dist_1hdtlhn._.js:2477
[ 1887007ms] [LOG] [Fast Refresh] done in 31ms @ http://localhost:3000/_next/static/chunks/1l_l_next_dist_1hdtlhn._.js:2477
[ 1893890ms] [LOG] [Fast Refresh] rebuilding @ http://localhost:3000/_next/static/chunks/1l_l_next_dist_1hdtlhn._.js:2477
[ 1893927ms] [LOG] [Fast Refresh] done in 37ms @ http://localhost:3000/_next/static/chunks/1l_l_next_dist_1hdtlhn._.js:2477
[ 1922110ms] [INFO] %cDownload the React DevTools for a better development experience: https://react.dev/link/react-devtools font-weight:bold @ http://localhost:3000/_next/static/chunks/1l_l_next_dist_1hdtlhn._.js:2477
[ 1922131ms] [LOG] [HMR] connected @ http://localhost:3000/_next/static/chunks/1l_l_next_dist_1hdtlhn._.js:2477
[ 1922995ms] [LOG] [Fast Refresh] rebuilding @ http://localhost:3000/_next/static/chunks/1l_l_next_dist_1hdtlhn._.js:2477
[ 1923044ms] [LOG] [Fast Refresh] done in 150ms @ http://localhost:3000/_next/static/chunks/1l_l_next_dist_1hdtlhn._.js:2477
[ 1958664ms] [LOG] [Fast Refresh] rebuilding @ http://localhost:3000/_next/static/chunks/1l_l_next_dist_1hdtlhn._.js:2477
[ 1958693ms] [LOG] [Fast Refresh] done in 45ms @ http://localhost:3000/_next/static/chunks/1l_l_next_dist_1hdtlhn._.js:2477
[ 1966214ms] [LOG] [Fast Refresh] rebuilding @ http://localhost:3000/_next/static/chunks/1l_l_next_dist_1hdtlhn._.js:2477
[ 1966244ms] [LOG] [Fast Refresh] done in 32ms @ http://localhost:3000/_next/static/chunks/1l_l_next_dist_1hdtlhn._.js:2477
[ 1981273ms] [INFO] %cDownload the React DevTools for a better development experience: https://react.dev/link/react-devtools font-weight:bold @ http://localhost:3000/_next/static/chunks/1l_l_next_dist_1hdtlhn._.js:2477
[ 1981290ms] [LOG] [HMR] connected @ http://localhost:3000/_next/static/chunks/1l_l_next_dist_1hdtlhn._.js:2477
[ 1982718ms] [INFO] %cDownload the React DevTools for a better development experience: https://react.dev/link/react-devtools font-weight:bold @ http://localhost:3000/_next/static/chunks/1l_l_next_dist_1hdtlhn._.js:2477
[ 1982734ms] [LOG] [HMR] connected @ http://localhost:3000/_next/static/chunks/1l_l_next_dist_1hdtlhn._.js:2477
[ 1983970ms] [INFO] %cDownload the React DevTools for a better development experience: https://react.dev/link/react-devtools font-weight:bold @ http://localhost:3000/_next/static/chunks/1l_l_next_dist_1hdtlhn._.js:2477
[ 1983986ms] [LOG] [HMR] connected @ http://localhost:3000/_next/static/chunks/1l_l_next_dist_1hdtlhn._.js:2477
[ 1996345ms] [INFO] %cDownload the React DevTools for a better development experience: https://react.dev/link/react-devtools font-weight:bold @ http://localhost:3000/_next/static/chunks/1l_l_next_dist_1hdtlhn._.js:2477
[ 1996361ms] [LOG] [HMR] connected @ http://localhost:3000/_next/static/chunks/1l_l_next_dist_1hdtlhn._.js:2477
[ 2023942ms] [LOG] [Fast Refresh] rebuilding @ http://localhost:3000/_next/static/chunks/1l_l_next_dist_1hdtlhn._.js:2477
[ 2024002ms] [LOG] [Fast Refresh] done in 104ms @ http://localhost:3000/_next/static/chunks/1l_l_next_dist_1hdtlhn._.js:2477
[ 2046765ms] [INFO] %cDownload the React DevTools for a better development experience: https://react.dev/link/react-devtools font-weight:bold @ http://localhost:3000/_next/static/chunks/1l_l_next_dist_1hdtlhn._.js:2477
[ 2046785ms] [LOG] [HMR] connected @ http://localhost:3000/_next/static/chunks/1l_l_next_dist_1hdtlhn._.js:2477
[ 2096490ms] [INFO] %cDownload the React DevTools for a better development experience: https://react.dev/link/react-devtools font-weight:bold @ http://localhost:3000/_next/static/chunks/1l_l_next_dist_1hdtlhn._.js:2477
[ 2096508ms] [LOG] [HMR] connected @ http://localhost:3000/_next/static/chunks/1l_l_next_dist_1hdtlhn._.js:2477
[ 2097693ms] [INFO] %cDownload the React DevTools for a better development experience: https://react.dev/link/react-devtools font-weight:bold @ http://localhost:3000/_next/static/chunks/1l_l_next_dist_1hdtlhn._.js:2477
[ 2097703ms] [LOG] [HMR] connected @ http://localhost:3000/_next/static/chunks/1l_l_next_dist_1hdtlhn._.js:2477
[ 2185838ms] [LOG] [Fast Refresh] rebuilding @ http://localhost:3000/_next/static/chunks/1l_l_next_dist_1hdtlhn._.js:2477
[ 2186235ms] [LOG] [Fast Refresh] done in 497ms @ http://localhost:3000/_next/static/chunks/1l_l_next_dist_1hdtlhn._.js:2477
[ 2265718ms] [LOG] [Fast Refresh] rebuilding @ http://localhost:3000/_next/static/chunks/1l_l_next_dist_1hdtlhn._.js:2477
[ 2265758ms] [LOG] [Fast Refresh] done in 42ms @ http://localhost:3000/_next/static/chunks/1l_l_next_dist_1hdtlhn._.js:2477
[ 2332287ms] [INFO] %cDownload the React DevTools for a better development experience: https://react.dev/link/react-devtools font-weight:bold @ http://localhost:3000/_next/static/chunks/1l_l_next_dist_1hdtlhn._.js:2477
[ 2332303ms] [LOG] [HMR] connected @ http://localhost:3000/_next/static/chunks/1l_l_next_dist_1hdtlhn._.js:2477
[ 2333053ms] [LOG] [Fast Refresh] rebuilding @ http://localhost:3000/_next/static/chunks/1l_l_next_dist_1hdtlhn._.js:2477
[ 2333472ms] [LOG] [Fast Refresh] done in 521ms @ http://localhost:3000/_next/static/chunks/1l_l_next_dist_1hdtlhn._.js:2477
[ 2333568ms] [INFO] %cDownload the React DevTools for a better development experience: https://react.dev/link/react-devtools font-weight:bold @ http://localhost:3000/_next/static/chunks/1l_l_next_dist_1hdtlhn._.js:2477
[ 2333582ms] [LOG] [HMR] connected @ http://localhost:3000/_next/static/chunks/1l_l_next_dist_1hdtlhn._.js:2477
[ 2334324ms] [LOG] [Fast Refresh] rebuilding @ http://localhost:3000/_next/static/chunks/1l_l_next_dist_1hdtlhn._.js:2477
[ 2334628ms] [LOG] [Fast Refresh] done in 405ms @ http://localhost:3000/_next/static/chunks/1l_l_next_dist_1hdtlhn._.js:2477
[ 2334732ms] [INFO] %cDownload the React DevTools for a better development experience: https://react.dev/link/react-devtools font-weight:bold @ http://localhost:3000/_next/static/chunks/1l_l_next_dist_1hdtlhn._.js:2477
[ 2334743ms] [LOG] [HMR] connected @ http://localhost:3000/_next/static/chunks/1l_l_next_dist_1hdtlhn._.js:2477
[ 2447603ms] [LOG] [Fast Refresh] rebuilding @ http://localhost:3000/_next/static/chunks/1l_l_next_dist_1hdtlhn._.js:2477
[ 2447639ms] [LOG] [Fast Refresh] done in 62ms @ http://localhost:3000/_next/static/chunks/1l_l_next_dist_1hdtlhn._.js:2477
[ 2455396ms] [LOG] [Fast Refresh] rebuilding @ http://localhost:3000/_next/static/chunks/1l_l_next_dist_1hdtlhn._.js:2477
[ 2455451ms] [LOG] [Fast Refresh] done in 41ms @ http://localhost:3000/_next/static/chunks/1l_l_next_dist_1hdtlhn._.js:2477
[ 2466707ms] [LOG] [Fast Refresh] rebuilding @ http://localhost:3000/_next/static/chunks/1l_l_next_dist_1hdtlhn._.js:2477
[ 2467044ms] [LOG] [Fast Refresh] done in 437ms @ http://localhost:3000/_next/static/chunks/1l_l_next_dist_1hdtlhn._.js:2477
[ 2467604ms] [LOG] [Fast Refresh] rebuilding @ http://localhost:3000/_next/static/chunks/1l_l_next_dist_1hdtlhn._.js:2477
[ 2467776ms] [LOG] [Fast Refresh] done in 272ms @ http://localhost:3000/_next/static/chunks/1l_l_next_dist_1hdtlhn._.js:2477
[ 2468159ms] [LOG] [Fast Refresh] rebuilding @ http://localhost:3000/_next/static/chunks/1l_l_next_dist_1hdtlhn._.js:2477
[ 2468161ms] [LOG] [Fast Refresh] done in 103ms @ http://localhost:3000/_next/static/chunks/1l_l_next_dist_1hdtlhn._.js:2477
[ 2468461ms] [INFO] %cDownload the React DevTools for a better development experience: https://react.dev/link/react-devtools font-weight:bold @ http://localhost:3000/_next/static/chunks/1l_l_next_dist_1hdtlhn._.js:2477
[ 2468474ms] [LOG] [HMR] connected @ http://localhost:3000/_next/static/chunks/1l_l_next_dist_1hdtlhn._.js:2477
[ 2483948ms] [LOG] [Fast Refresh] rebuilding @ http://localhost:3000/_next/static/chunks/1l_l_next_dist_1hdtlhn._.js:2477
[ 2484198ms] [LOG] [Fast Refresh] done in 51ms @ http://localhost:3000/_next/static/chunks/1l_l_next_dist_1hdtlhn._.js:2477
[ 2493758ms] [LOG] [Fast Refresh] rebuilding @ http://localhost:3000/_next/static/chunks/1l_l_next_dist_1hdtlhn._.js:2477
[ 2493817ms] [LOG] [Fast Refresh] done in 32ms @ http://localhost:3000/_next/static/chunks/1l_l_next_dist_1hdtlhn._.js:2477
[ 2505320ms] [LOG] [Fast Refresh] rebuilding @ http://localhost:3000/_next/static/chunks/1l_l_next_dist_1hdtlhn._.js:2477
[ 2505383ms] [LOG] [Fast Refresh] done in 41ms @ http://localhost:3000/_next/static/chunks/1l_l_next_dist_1hdtlhn._.js:2477
[ 2513480ms] [LOG] [Fast Refresh] rebuilding @ http://localhost:3000/_next/static/chunks/1l_l_next_dist_1hdtlhn._.js:2477
[ 2513538ms] [LOG] [Fast Refresh] done in 31ms @ http://localhost:3000/_next/static/chunks/1l_l_next_dist_1hdtlhn._.js:2477
[ 2545391ms] [LOG] [Fast Refresh] rebuilding @ http://localhost:3000/_next/static/chunks/1l_l_next_dist_1hdtlhn._.js:2477
[ 2545399ms] [LOG] [Fast Refresh] done in 109ms @ http://localhost:3000/_next/static/chunks/1l_l_next_dist_1hdtlhn._.js:2477
[ 2545533ms] [INFO] %cDownload the React DevTools for a better development experience: https://react.dev/link/react-devtools font-weight:bold @ http://localhost:3000/_next/static/chunks/1l_l_next_dist_1hdtlhn._.js:2477
[ 2545553ms] [LOG] [HMR] connected @ http://localhost:3000/_next/static/chunks/1l_l_next_dist_1hdtlhn._.js:2477
[ 2545699ms] [LOG] [Fast Refresh] rebuilding @ http://localhost:3000/_next/static/chunks/1l_l_next_dist_1hdtlhn._.js:2477
[ 2545766ms] [LOG] [Fast Refresh] done in 167ms @ http://localhost:3000/_next/static/chunks/1l_l_next_dist_1hdtlhn._.js:2477
[ 2546568ms] [INFO] %cDownload the React DevTools for a better development experience: https://react.dev/link/react-devtools font-weight:bold @ http://localhost:3000/_next/static/chunks/1l_l_next_dist_1hdtlhn._.js:2477
[ 2546583ms] [LOG] [HMR] connected @ http://localhost:3000/_next/static/chunks/1l_l_next_dist_1hdtlhn._.js:2477
[ 2547375ms] [INFO] %cDownload the React DevTools for a better development experience: https://react.dev/link/react-devtools font-weight:bold @ http://localhost:3000/_next/static/chunks/1l_l_next_dist_1hdtlhn._.js:2477
[ 2547391ms] [LOG] [HMR] connected @ http://localhost:3000/_next/static/chunks/1l_l_next_dist_1hdtlhn._.js:2477
[ 2547396ms] [WARNING] %c%s%c ⚠ metadataBase property in metadata export is not set for resolving social open graph or twitter images, using "http://localhost:3000". See https://nextjs.org/docs/app/api-reference/functions/generate-metadata#metadatabase background: #e6e6e6;background: light-dark(rgba(0,0,0,0.1), rgba(255,255,255,0.25));color: #000000;color: light-dark(#000000, #ffffff);border-radius: 2px  Server   @ http://localhost:3000/_next/static/chunks/1l_l_next_dist_1hdtlhn._.js:2477
[ 2548270ms] [INFO] %cDownload the React DevTools for a better development experience: https://react.dev/link/react-devtools font-weight:bold @ http://localhost:3000/_next/static/chunks/1l_l_next_dist_1hdtlhn._.js:2477
[ 2548285ms] [LOG] [HMR] connected @ http://localhost:3000/_next/static/chunks/1l_l_next_dist_1hdtlhn._.js:2477
[ 2601600ms] [LOG] [Fast Refresh] rebuilding @ http://localhost:3000/_next/static/chunks/1l_l_next_dist_1hdtlhn._.js:2477
[ 2601640ms] [LOG] [Fast Refresh] done in 8ms @ http://localhost:3000/_next/static/chunks/1l_l_next_dist_1hdtlhn._.js:2477
[ 2608525ms] [LOG] [Fast Refresh] rebuilding @ http://localhost:3000/_next/static/chunks/1l_l_next_dist_1hdtlhn._.js:2477
[ 2608581ms] [LOG] [Fast Refresh] done in 32ms @ http://localhost:3000/_next/static/chunks/1l_l_next_dist_1hdtlhn._.js:2477
[ 2616464ms] [LOG] [Fast Refresh] rebuilding @ http://localhost:3000/_next/static/chunks/1l_l_next_dist_1hdtlhn._.js:2477
[ 2616491ms] [LOG] [Fast Refresh] done in 37ms @ http://localhost:3000/_next/static/chunks/1l_l_next_dist_1hdtlhn._.js:2477
[ 2668672ms] [LOG] [Fast Refresh] rebuilding @ http://localhost:3000/_next/static/chunks/1l_l_next_dist_1hdtlhn._.js:2477
[ 2668686ms] ReferenceError: metricFor is not defined
    at eval (http://localhost:3000/_next/static/chunks/Dropbox%20(Maestral)_smarthumans_ai_src_121tfnj._.js?id=%255Bproject%255D%252FDropbox+%2528Maestral%2529%252Fsmarthumans.ai%252Fsrc%252Fcomponents%252Fledger-sort-bar.tsx+%255Bapp-client%255D+%2528ecmascript%2529:403:37)
    at Array.map (<anonymous>)
    at LedgerSortBar (http://localhost:3000/_next/static/chunks/Dropbox%20(Maestral)_smarthumans_ai_src_121tfnj._.js?id=%255Bproject%255D%252FDropbox+%2528Maestral%2529%252Fsmarthumans.ai%252Fsrc%252Fcomponents%252Fledger-sort-bar.tsx+%255Bapp-client%255D+%2528ecmascript%2529:396:27)
    at Object.react_stack_bottom_frame (http://localhost:3000/_next/static/chunks/1l_l_next_dist_compiled_react-dom_0xs73lw._.js:15037:24)
    at renderWithHooks (http://localhost:3000/_next/static/chunks/1l_l_next_dist_compiled_react-dom_0xs73lw._.js:4620:24)
    at updateFunctionComponent (http://localhost:3000/_next/static/chunks/1l_l_next_dist_compiled_react-dom_0xs73lw._.js:6081:21)
    at beginWork (http://localhost:3000/_next/static/chunks/1l_l_next_dist_compiled_react-dom_0xs73lw._.js:6691:24)
    at runWithFiberInDEV (http://localhost:3000/_next/static/chunks/1l_l_next_dist_compiled_react-dom_0xs73lw._.js:965:74)
    at performUnitOfWork (http://localhost:3000/_next/static/chunks/1l_l_next_dist_compiled_react-dom_0xs73lw._.js:9555:97)
    at workLoopSync (http://localhost:3000/_next/static/chunks/1l_l_next_dist_compiled_react-dom_0xs73lw._.js:9449:40)
    at renderRootSync (http://localhost:3000/_next/static/chunks/1l_l_next_dist_compiled_react-dom_0xs73lw._.js:9433:13)
    at performWorkOnRoot (http://localhost:3000/_next/static/chunks/1l_l_next_dist_compiled_react-dom_0xs73lw._.js:9098:47)
    at performSyncWorkOnRoot (http://localhost:3000/_next/static/chunks/1l_l_next_dist_compiled_react-dom_0xs73lw._.js:10263:9)
    at flushSyncWorkAcrossRoots_impl (http://localhost:3000/_next/static/chunks/1l_l_next_dist_compiled_react-dom_0xs73lw._.js:10179:316)
    at flushSyncWork$1 (http://localhost:3000/_next/static/chunks/1l_l_next_dist_compiled_react-dom_0xs73lw._.js:9230:86)
    at Object.scheduleRefresh (http://localhost:3000/_next/static/chunks/1l_l_next_dist_compiled_react-dom_0xs73lw._.js:299:13)
    at http://localhost:3000/_next/static/chunks/1l_l_next_dist_compiled_0zb8ts5._.js:391:33
    at Set.forEach (<anonymous>)
    at Object.performReactRefresh (http://localhost:3000/_next/static/chunks/1l_l_next_dist_compiled_0zb8ts5._.js:384:38)
    at applyUpdate (http://localhost:3000/_next/static/chunks/1l_l_next_dist_compiled_0zb8ts5._.js:878:31)
    at http://localhost:3000/_next/static/chunks/1l_l_next_dist_compiled_0zb8ts5._.js:886:13
[ 2668704ms] [LOG] [Fast Refresh] done in 56ms @ http://localhost:3000/_next/static/chunks/1l_l_next_dist_1hdtlhn._.js:2477
[ 2675604ms] [LOG] [Fast Refresh] rebuilding @ http://localhost:3000/_next/static/chunks/1l_l_next_dist_1hdtlhn._.js:2477
[ 2675606ms] [WARNING] [Fast Refresh] performing full reload because your application had an unrecoverable error @ http://localhost:3000/_next/static/chunks/1l_l_next_dist_1hdtlhn._.js:2477
[ 2675682ms] [LOG] [Fast Refresh] done in 42ms @ http://localhost:3000/_next/static/chunks/1l_l_next_dist_1hdtlhn._.js:2477
[ 2675958ms] [INFO] %cDownload the React DevTools for a better development experience: https://react.dev/link/react-devtools font-weight:bold @ http://localhost:3000/_next/static/chunks/1l_l_next_dist_1hdtlhn._.js:2477
[ 2675976ms] [LOG] [HMR] connected @ http://localhost:3000/_next/static/chunks/1l_l_next_dist_1hdtlhn._.js:2477
[ 2683481ms] [LOG] [Fast Refresh] rebuilding @ http://localhost:3000/_next/static/chunks/1l_l_next_dist_1hdtlhn._.js:2477
[ 2683524ms] [LOG] [Fast Refresh] done in 34ms @ http://localhost:3000/_next/static/chunks/1l_l_next_dist_1hdtlhn._.js:2477
[ 2689620ms] [LOG] [Fast Refresh] rebuilding @ http://localhost:3000/_next/static/chunks/1l_l_next_dist_1hdtlhn._.js:2477
[ 2689691ms] [LOG] [Fast Refresh] done in 70ms @ http://localhost:3000/_next/static/chunks/1l_l_next_dist_1hdtlhn._.js:2477
[ 2707968ms] [LOG] [Fast Refresh] rebuilding @ http://localhost:3000/_next/static/chunks/1l_l_next_dist_1hdtlhn._.js:2477
[ 2708030ms] [LOG] [Fast Refresh] done in 38ms @ http://localhost:3000/_next/static/chunks/1l_l_next_dist_1hdtlhn._.js:2477
[ 2725351ms] [LOG] [Fast Refresh] rebuilding @ http://localhost:3000/_next/static/chunks/1l_l_next_dist_1hdtlhn._.js:2477
[ 2725379ms] [LOG] [Fast Refresh] done in 40ms @ http://localhost:3000/_next/static/chunks/1l_l_next_dist_1hdtlhn._.js:2477
[ 2798626ms] [LOG] [Fast Refresh] rebuilding @ http://localhost:3000/_next/static/chunks/1l_l_next_dist_1hdtlhn._.js:2477
[ 2798667ms] [LOG] [Fast Refresh] done in 64ms @ http://localhost:3000/_next/static/chunks/1l_l_next_dist_1hdtlhn._.js:2477
[ 2807994ms] [LOG] [Fast Refresh] rebuilding @ http://localhost:3000/_next/static/chunks/1l_l_next_dist_1hdtlhn._.js:2477
[ 2808413ms] [LOG] [Fast Refresh] done in 448ms @ http://localhost:3000/_next/static/chunks/1l_l_next_dist_1hdtlhn._.js:2477
[ 2863461ms] [LOG] [Fast Refresh] rebuilding @ http://localhost:3000/_next/static/chunks/1l_l_next_dist_1hdtlhn._.js:2477
[ 2863813ms] [LOG] [Fast Refresh] done in 213ms @ http://localhost:3000/_next/static/chunks/1l_l_next_dist_1hdtlhn._.js:2477
[ 2863971ms] [LOG] [Fast Refresh] rebuilding @ http://localhost:3000/_next/static/chunks/1l_l_next_dist_1hdtlhn._.js:2477
[ 2864007ms] [LOG] [Fast Refresh] done in 136ms @ http://localhost:3000/_next/static/chunks/1l_l_next_dist_1hdtlhn._.js:2477
[ 2864789ms] [INFO] %cDownload the React DevTools for a better development experience: https://react.dev/link/react-devtools font-weight:bold @ http://localhost:3000/_next/static/chunks/1l_l_next_dist_1hdtlhn._.js:2477
[ 2864811ms] [LOG] [HMR] connected @ http://localhost:3000/_next/static/chunks/1l_l_next_dist_1hdtlhn._.js:2477
[ 2864953ms] [LOG] [Fast Refresh] rebuilding @ http://localhost:3000/_next/static/chunks/1l_l_next_dist_1hdtlhn._.js:2477
[ 2865088ms] [LOG] [Fast Refresh] done in 235ms @ http://localhost:3000/_next/static/chunks/1l_l_next_dist_1hdtlhn._.js:2477
[ 2873159ms] [LOG] [Fast Refresh] rebuilding @ http://localhost:3000/_next/static/chunks/1l_l_next_dist_1hdtlhn._.js:2477
[ 2873570ms] [LOG] [Fast Refresh] done in 507ms @ http://localhost:3000/_next/static/chunks/1l_l_next_dist_1hdtlhn._.js:2477
[ 2873740ms] [LOG] [Fast Refresh] rebuilding @ http://localhost:3000/_next/static/chunks/1l_l_next_dist_1hdtlhn._.js:2477
[ 2873885ms] [LOG] [Fast Refresh] done in 246ms @ http://localhost:3000/_next/static/chunks/1l_l_next_dist_1hdtlhn._.js:2477
[ 2874059ms] [LOG] [Fast Refresh] rebuilding @ http://localhost:3000/_next/static/chunks/1l_l_next_dist_1hdtlhn._.js:2477
[ 2874097ms] [LOG] [Fast Refresh] done in 139ms @ http://localhost:3000/_next/static/chunks/1l_l_next_dist_1hdtlhn._.js:2477
[ 2874586ms] [INFO] %cDownload the React DevTools for a better development experience: https://react.dev/link/react-devtools font-weight:bold @ http://localhost:3000/_next/static/chunks/1l_l_next_dist_1hdtlhn._.js:2477
[ 2874640ms] [LOG] [HMR] connected @ http://localhost:3000/_next/static/chunks/1l_l_next_dist_1hdtlhn._.js:2477
[ 2874823ms] [LOG] [Fast Refresh] rebuilding @ http://localhost:3000/_next/static/chunks/1l_l_next_dist_1hdtlhn._.js:2477
[ 2874889ms] [LOG] [Fast Refresh] done in 168ms @ http://localhost:3000/_next/static/chunks/1l_l_next_dist_1hdtlhn._.js:2477
[ 2888231ms] [LOG] [Fast Refresh] rebuilding @ http://localhost:3000/_next/static/chunks/1l_l_next_dist_1hdtlhn._.js:2477
[ 2888516ms] [LOG] [Fast Refresh] done in 71ms @ http://localhost:3000/_next/static/chunks/1l_l_next_dist_1hdtlhn._.js:2477
[ 2889064ms] [LOG] [Fast Refresh] rebuilding @ http://localhost:3000/_next/static/chunks/1l_l_next_dist_1hdtlhn._.js:2477
[ 2889090ms] [LOG] [Fast Refresh] done in 128ms @ http://localhost:3000/_next/static/chunks/1l_l_next_dist_1hdtlhn._.js:2477
[ 2914585ms] [LOG] [Fast Refresh] rebuilding @ http://localhost:3000/_next/static/chunks/1l_l_next_dist_1hdtlhn._.js:2477
[ 2914637ms] [LOG] [Fast Refresh] done in 122ms @ http://localhost:3000/_next/static/chunks/1l_l_next_dist_1hdtlhn._.js:2477
[ 2914738ms] [LOG] [Fast Refresh] rebuilding @ http://localhost:3000/_next/static/chunks/1l_l_next_dist_1hdtlhn._.js:2477
[ 2914937ms] [LOG] [Fast Refresh] done in 299ms @ http://localhost:3000/_next/static/chunks/1l_l_next_dist_1hdtlhn._.js:2477
[ 2923684ms] [LOG] [Fast Refresh] rebuilding @ http://localhost:3000/_next/static/chunks/1l_l_next_dist_1hdtlhn._.js:2477
[ 2923716ms] [LOG] [Fast Refresh] done in 36ms @ http://localhost:3000/_next/static/chunks/1l_l_next_dist_1hdtlhn._.js:2477
[ 2931849ms] [LOG] [Fast Refresh] rebuilding @ http://localhost:3000/_next/static/chunks/1l_l_next_dist_1hdtlhn._.js:2477
[ 2932212ms] [LOG] [Fast Refresh] done in 427ms @ http://localhost:3000/_next/static/chunks/1l_l_next_dist_1hdtlhn._.js:2477
[ 2938496ms] [LOG] [Fast Refresh] rebuilding @ http://localhost:3000/_next/static/chunks/1l_l_next_dist_1hdtlhn._.js:2477
[ 2938531ms] [LOG] [Fast Refresh] done in 40ms @ http://localhost:3000/_next/static/chunks/1l_l_next_dist_1hdtlhn._.js:2477
[ 2945204ms] [LOG] [Fast Refresh] rebuilding @ http://localhost:3000/_next/static/chunks/1l_l_next_dist_1hdtlhn._.js:2477
[ 2945247ms] [LOG] [Fast Refresh] done in 29ms @ http://localhost:3000/_next/static/chunks/1l_l_next_dist_1hdtlhn._.js:2477
[ 2953772ms] [LOG] [Fast Refresh] rebuilding @ http://localhost:3000/_next/static/chunks/1l_l_next_dist_1hdtlhn._.js:2477
[ 2953839ms] [LOG] [Fast Refresh] done in 40ms @ http://localhost:3000/_next/static/chunks/1l_l_next_dist_1hdtlhn._.js:2477
[ 2963662ms] [LOG] [Fast Refresh] rebuilding @ http://localhost:3000/_next/static/chunks/1l_l_next_dist_1hdtlhn._.js:2477
[ 2963728ms] [LOG] [Fast Refresh] done in 30ms @ http://localhost:3000/_next/static/chunks/1l_l_next_dist_1hdtlhn._.js:2477
[ 2970464ms] [LOG] [Fast Refresh] rebuilding @ http://localhost:3000/_next/static/chunks/1l_l_next_dist_1hdtlhn._.js:2477
[ 2970519ms] [LOG] [Fast Refresh] done in 31ms @ http://localhost:3000/_next/static/chunks/1l_l_next_dist_1hdtlhn._.js:2477
[ 3007899ms] [INFO] %cDownload the React DevTools for a better development experience: https://react.dev/link/react-devtools font-weight:bold @ http://localhost:3000/_next/static/chunks/1l_l_next_dist_1hdtlhn._.js:2477
[ 3007921ms] [LOG] [HMR] connected @ http://localhost:3000/_next/static/chunks/1l_l_next_dist_1hdtlhn._.js:2477
[ 3008039ms] [LOG] [Fast Refresh] rebuilding @ http://localhost:3000/_next/static/chunks/1l_l_next_dist_1hdtlhn._.js:2477
[ 3008158ms] [LOG] [Fast Refresh] done in 219ms @ http://localhost:3000/_next/static/chunks/1l_l_next_dist_1hdtlhn._.js:2477
[ 3009006ms] [INFO] %cDownload the React DevTools for a better development experience: https://react.dev/link/react-devtools font-weight:bold @ http://localhost:3000/_next/static/chunks/1l_l_next_dist_1hdtlhn._.js:2477
[ 3009022ms] [LOG] [HMR] connected @ http://localhost:3000/_next/static/chunks/1l_l_next_dist_1hdtlhn._.js:2477
[ 3009025ms] [WARNING] %c%s%c ⚠ metadataBase property in metadata export is not set for resolving social open graph or twitter images, using "http://localhost:3000". See https://nextjs.org/docs/app/api-reference/functions/generate-metadata#metadatabase background: #e6e6e6;background: light-dark(rgba(0,0,0,0.1), rgba(255,255,255,0.25));color: #000000;color: light-dark(#000000, #ffffff);border-radius: 2px  Server   @ http://localhost:3000/_next/static/chunks/1l_l_next_dist_1hdtlhn._.js:2477
[ 3011106ms] [INFO] %cDownload the React DevTools for a better development experience: https://react.dev/link/react-devtools font-weight:bold @ http://localhost:3000/_next/static/chunks/1l_l_next_dist_1hdtlhn._.js:2477
[ 3011120ms] [LOG] [HMR] connected @ http://localhost:3000/_next/static/chunks/1l_l_next_dist_1hdtlhn._.js:2477
[ 3012598ms] [INFO] %cDownload the React DevTools for a better development experience: https://react.dev/link/react-devtools font-weight:bold @ http://localhost:3000/_next/static/chunks/1l_l_next_dist_1hdtlhn._.js:2477
[ 3012613ms] [LOG] [HMR] connected @ http://localhost:3000/_next/static/chunks/1l_l_next_dist_1hdtlhn._.js:2477
[ 3025069ms] [INFO] %cDownload the React DevTools for a better development experience: https://react.dev/link/react-devtools font-weight:bold @ http://localhost:3000/_next/static/chunks/1l_l_next_dist_1hdtlhn._.js:2477
[ 3025087ms] [LOG] [HMR] connected @ http://localhost:3000/_next/static/chunks/1l_l_next_dist_1hdtlhn._.js:2477
[ 3026464ms] [INFO] %cDownload the React DevTools for a better development experience: https://react.dev/link/react-devtools font-weight:bold @ http://localhost:3000/_next/static/chunks/1l_l_next_dist_1hdtlhn._.js:2477
[ 3026481ms] [LOG] [HMR] connected @ http://localhost:3000/_next/static/chunks/1l_l_next_dist_1hdtlhn._.js:2477
[ 4082496ms] [LOG] [Fast Refresh] rebuilding @ http://localhost:3000/_next/static/chunks/1l_l_next_dist_1hdtlhn._.js:2477
[ 4082501ms] [LOG] [Fast Refresh] done in 107ms @ http://localhost:3000/_next/static/chunks/1l_l_next_dist_1hdtlhn._.js:2477
[ 5384151ms] [LOG] [Fast Refresh] rebuilding @ http://localhost:3000/_next/static/chunks/1l_l_next_dist_1hdtlhn._.js:2477
[ 5384938ms] [LOG] [Fast Refresh] done in 857ms @ http://localhost:3000/_next/static/chunks/1l_l_next_dist_1hdtlhn._.js:2477
[ 5385088ms] [LOG] [Fast Refresh] rebuilding @ http://localhost:3000/_next/static/chunks/1l_l_next_dist_1hdtlhn._.js:2477
[ 5385736ms] [LOG] [Fast Refresh] done in 748ms @ http://localhost:3000/_next/static/chunks/1l_l_next_dist_1hdtlhn._.js:2477
[ 5385878ms] [LOG] [Fast Refresh] rebuilding @ http://localhost:3000/_next/static/chunks/1l_l_next_dist_1hdtlhn._.js:2477
[ 5385899ms] [LOG] [Fast Refresh] done in 123ms @ http://localhost:3000/_next/static/chunks/1l_l_next_dist_1hdtlhn._.js:2477
[ 5386818ms] [INFO] %cDownload the React DevTools for a better development experience: https://react.dev/link/react-devtools font-weight:bold @ http://localhost:3000/_next/static/chunks/1l_l_next_dist_1hdtlhn._.js:2477
[ 5386850ms] [LOG] [HMR] connected @ http://localhost:3000/_next/static/chunks/1l_l_next_dist_1hdtlhn._.js:2477
[ 5387069ms] [LOG] [Fast Refresh] rebuilding @ http://localhost:3000/_next/static/chunks/1l_l_next_dist_1hdtlhn._.js:2477
[ 5387175ms] [LOG] [Fast Refresh] done in 208ms @ http://localhost:3000/_next/static/chunks/1l_l_next_dist_1hdtlhn._.js:2477
[ 5394778ms] [LOG] [Fast Refresh] rebuilding @ http://localhost:3000/_next/static/chunks/1l_l_next_dist_1hdtlhn._.js:2477
[ 5394828ms] [LOG] [Fast Refresh] done in 116ms @ http://localhost:3000/_next/static/chunks/1l_l_next_dist_1hdtlhn._.js:2477
[ 5410970ms] [LOG] [Fast Refresh] rebuilding @ http://localhost:3000/_next/static/chunks/1l_l_next_dist_1hdtlhn._.js:2477
[ 5411497ms] [LOG] [Fast Refresh] done in 242ms @ http://localhost:3000/_next/static/chunks/1l_l_next_dist_1hdtlhn._.js:2477
[ 5411716ms] [LOG] [Fast Refresh] rebuilding @ http://localhost:3000/_next/static/chunks/1l_l_next_dist_1hdtlhn._.js:2477
[ 5411722ms] [LOG] [Fast Refresh] done in 107ms @ http://localhost:3000/_next/static/chunks/1l_l_next_dist_1hdtlhn._.js:2477
[ 5411841ms] [LOG] [Fast Refresh] rebuilding @ http://localhost:3000/_next/static/chunks/1l_l_next_dist_1hdtlhn._.js:2477
[ 5411868ms] [LOG] [Fast Refresh] done in 128ms @ http://localhost:3000/_next/static/chunks/1l_l_next_dist_1hdtlhn._.js:2477
[ 5417486ms] [LOG] [Fast Refresh] rebuilding @ http://localhost:3000/_next/static/chunks/1l_l_next_dist_1hdtlhn._.js:2477
[ 5417523ms] [LOG] [Fast Refresh] done in 36ms @ http://localhost:3000/_next/static/chunks/1l_l_next_dist_1hdtlhn._.js:2477
[ 5429489ms] [LOG] [Fast Refresh] rebuilding @ http://localhost:3000/_next/static/chunks/1l_l_next_dist_1hdtlhn._.js:2477
[ 5429522ms] [LOG] [Fast Refresh] done in 69ms @ http://localhost:3000/_next/static/chunks/1l_l_next_dist_1hdtlhn._.js:2477
[ 5456502ms] [LOG] [Fast Refresh] rebuilding @ http://localhost:3000/_next/static/chunks/1l_l_next_dist_1hdtlhn._.js:2477
[ 5456579ms] [LOG] [Fast Refresh] done in 83ms @ http://localhost:3000/_next/static/chunks/1l_l_next_dist_1hdtlhn._.js:2477
[ 5508724ms] [INFO] %cDownload the React DevTools for a better development experience: https://react.dev/link/react-devtools font-weight:bold @ http://localhost:3000/_next/static/chunks/1l_l_next_dist_1hdtlhn._.js:2477
[ 5508746ms] [LOG] [HMR] connected @ http://localhost:3000/_next/static/chunks/1l_l_next_dist_1hdtlhn._.js:2477
[ 5508897ms] [LOG] [Fast Refresh] rebuilding @ http://localhost:3000/_next/static/chunks/1l_l_next_dist_1hdtlhn._.js:2477
[ 5508996ms] [LOG] [Fast Refresh] done in 200ms @ http://localhost:3000/_next/static/chunks/1l_l_next_dist_1hdtlhn._.js:2477
[ 5510004ms] [INFO] %cDownload the React DevTools for a better development experience: https://react.dev/link/react-devtools font-weight:bold @ http://localhost:3000/_next/static/chunks/1l_l_next_dist_1hdtlhn._.js:2477
[ 5510019ms] [LOG] [HMR] connected @ http://localhost:3000/_next/static/chunks/1l_l_next_dist_1hdtlhn._.js:2477
[ 5510023ms] [WARNING] %c%s%c ⚠ metadataBase property in metadata export is not set for resolving social open graph or twitter images, using "http://localhost:3000". See https://nextjs.org/docs/app/api-reference/functions/generate-metadata#metadatabase background: #e6e6e6;background: light-dark(rgba(0,0,0,0.1), rgba(255,255,255,0.25));color: #000000;color: light-dark(#000000, #ffffff);border-radius: 2px  Server   @ http://localhost:3000/_next/static/chunks/1l_l_next_dist_1hdtlhn._.js:2477
[ 5510746ms] [INFO] %cDownload the React DevTools for a better development experience: https://react.dev/link/react-devtools font-weight:bold @ http://localhost:3000/_next/static/chunks/1l_l_next_dist_1hdtlhn._.js:2477
[ 5510762ms] [LOG] [HMR] connected @ http://localhost:3000/_next/static/chunks/1l_l_next_dist_1hdtlhn._.js:2477
[ 5803723ms] [LOG] [Fast Refresh] rebuilding @ http://localhost:3000/_next/static/chunks/1l_l_next_dist_1hdtlhn._.js:2477
[ 5803863ms] [LOG] [Fast Refresh] done in 141ms @ http://localhost:3000/_next/static/chunks/1l_l_next_dist_1hdtlhn._.js:2477
[ 5805049ms] [LOG] [Fast Refresh] rebuilding @ http://localhost:3000/_next/static/chunks/1l_l_next_dist_1hdtlhn._.js:2477
[ 5805097ms] [LOG] [Fast Refresh] done in 43ms @ http://localhost:3000/_next/static/chunks/1l_l_next_dist_1hdtlhn._.js:2477
[ 5806310ms] [LOG] [Fast Refresh] rebuilding @ http://localhost:3000/_next/static/chunks/1l_l_next_dist_1hdtlhn._.js:2477
[ 5806363ms] [LOG] [Fast Refresh] done in 40ms @ http://localhost:3000/_next/static/chunks/1l_l_next_dist_1hdtlhn._.js:2477
[ 6137735ms] [LOG] [Fast Refresh] rebuilding @ http://localhost:3000/_next/static/chunks/1l_l_next_dist_1hdtlhn._.js:2477
[ 6137802ms] [LOG] [Fast Refresh] done in 63ms @ http://localhost:3000/_next/static/chunks/1l_l_next_dist_1hdtlhn._.js:2477
[ 6182623ms] [LOG] [Fast Refresh] rebuilding @ http://localhost:3000/_next/static/chunks/1l_l_next_dist_1hdtlhn._.js:2477
[ 6182624ms] [LOG] [Fast Refresh] done in 102ms @ http://localhost:3000/_next/static/chunks/1l_l_next_dist_1hdtlhn._.js:2477
[ 6192862ms] [LOG] [Fast Refresh] rebuilding @ http://localhost:3000/_next/static/chunks/1l_l_next_dist_1hdtlhn._.js:2477
[ 6192921ms] [LOG] [Fast Refresh] done in 33ms @ http://localhost:3000/_next/static/chunks/1l_l_next_dist_1hdtlhn._.js:2477
[ 6196327ms] [LOG] [Fast Refresh] rebuilding @ http://localhost:3000/_next/static/chunks/1l_l_next_dist_1hdtlhn._.js:2477
[ 6196372ms] [LOG] [Fast Refresh] done in 38ms @ http://localhost:3000/_next/static/chunks/1l_l_next_dist_1hdtlhn._.js:2477
[ 6405372ms] [LOG] [Fast Refresh] rebuilding @ http://localhost:3000/_next/static/chunks/1l_l_next_dist_1hdtlhn._.js:2477
[ 6405462ms] [LOG] [Fast Refresh] done in 124ms @ http://localhost:3000/_next/static/chunks/1l_l_next_dist_1hdtlhn._.js:2477
[ 6407710ms] [LOG] [Fast Refresh] rebuilding @ http://localhost:3000/_next/static/chunks/1l_l_next_dist_1hdtlhn._.js:2477
[ 6407781ms] [LOG] [Fast Refresh] done in 42ms @ http://localhost:3000/_next/static/chunks/1l_l_next_dist_1hdtlhn._.js:2477
[ 6411299ms] [LOG] [Fast Refresh] rebuilding @ http://localhost:3000/_next/static/chunks/1l_l_next_dist_1hdtlhn._.js:2477
[ 6411394ms] [LOG] [Fast Refresh] done in 94ms @ http://localhost:3000/_next/static/chunks/1l_l_next_dist_1hdtlhn._.js:2477
[ 6420690ms] [LOG] [Fast Refresh] rebuilding @ http://localhost:3000/_next/static/chunks/1l_l_next_dist_1hdtlhn._.js:2477
[ 6420719ms] [LOG] [Fast Refresh] done in 59ms @ http://localhost:3000/_next/static/chunks/1l_l_next_dist_1hdtlhn._.js:2477
[ 6422475ms] [LOG] [Fast Refresh] rebuilding @ http://localhost:3000/_next/static/chunks/1l_l_next_dist_1hdtlhn._.js:2477
[ 6422498ms] [LOG] [Fast Refresh] done in 44ms @ http://localhost:3000/_next/static/chunks/1l_l_next_dist_1hdtlhn._.js:2477
[ 6436017ms] [LOG] [Fast Refresh] rebuilding @ http://localhost:3000/_next/static/chunks/1l_l_next_dist_1hdtlhn._.js:2477
[ 6436481ms] [LOG] [Fast Refresh] done in 84ms @ http://localhost:3000/_next/static/chunks/1l_l_next_dist_1hdtlhn._.js:2477
[ 6454303ms] [LOG] [Fast Refresh] rebuilding @ http://localhost:3000/_next/static/chunks/1l_l_next_dist_1hdtlhn._.js:2477
[ 6454350ms] [LOG] [Fast Refresh] done in 58ms @ http://localhost:3000/_next/static/chunks/1l_l_next_dist_1hdtlhn._.js:2477
[ 6454557ms] ReferenceError: deadlineLabel is not defined
    at eval (about://React/Server/file:///Users/joelei/Dropbox%2520(Maestral)/smarthumans.ai/.next/dev/server/chunks/ssr/%255Broot-of-the-server%255D__1cpadzj._.js?id=%255Bproject%255D%252FDropbox+%2528Maestral%2529%252Fsmarthumans.ai%252Fsrc%252Fapp%252Fpage.tsx+%255Bapp-rsc%255D+%2528ecmascript%2529?154:112:59)
    at Array.map (<anonymous>:1:18)
    at HomePage (about://React/Server/file:///Users/joelei/Dropbox%2520(Maestral)/smarthumans.ai/.next/dev/server/chunks/ssr/%255Broot-of-the-server%255D__1cpadzj._.js?id=%255Bproject%255D%252FDropbox+%2528Maestral%2529%252Fsmarthumans.ai%252Fsrc%252Fapp%252Fpage.tsx+%255Bapp-rsc%255D+%2528ecmascript%2529?155:72:49)
    at resolveErrorDev (http://localhost:3000/_next/static/chunks/1l_l_next_dist_compiled_react-server-dom-turbopack_1pd5eef._.js:1919:150)
    at processFullStringRow (http://localhost:3000/_next/static/chunks/1l_l_next_dist_compiled_react-server-dom-turbopack_1pd5eef._.js:2434:29)
    at processFullBinaryRow (http://localhost:3000/_next/static/chunks/1l_l_next_dist_compiled_react-server-dom-turbopack_1pd5eef._.js:2393:9)
    at processBinaryChunk (http://localhost:3000/_next/static/chunks/1l_l_next_dist_compiled_react-server-dom-turbopack_1pd5eef._.js:2502:221)
    at progress (http://localhost:3000/_next/static/chunks/1l_l_next_dist_compiled_react-server-dom-turbopack_1pd5eef._.js:2689:13)
[ 6457183ms] [LOG] [Fast Refresh] rebuilding @ http://localhost:3000/_next/static/chunks/1l_l_next_dist_1hdtlhn._.js:2477
[ 6457346ms] [LOG] [Fast Refresh] done in 36ms @ http://localhost:3000/_next/static/chunks/1l_l_next_dist_1hdtlhn._.js:2477
[ 6457474ms] [ERROR] Failed to load resource: the server responded with a status of 500 (Internal Server Error) @ http://localhost:3000/:0
[ 6457513ms] [INFO] %cDownload the React DevTools for a better development experience: https://react.dev/link/react-devtools font-weight:bold @ http://localhost:3000/_next/static/chunks/1l_l_next_dist_1hdtlhn._.js:2477
[ 6457533ms] [LOG] [HMR] connected @ http://localhost:3000/_next/static/chunks/1l_l_next_dist_1hdtlhn._.js:2477
[ 6457585ms] ReferenceError: deadlineLabel is not defined
    at eval (about://React/Server/file:///Users/joelei/Dropbox%2520(Maestral)/smarthumans.ai/.next/dev/server/chunks/ssr/%255Broot-of-the-server%255D__1cpadzj._.js?id=%255Bproject%255D%252FDropbox+%2528Maestral%2529%252Fsmarthumans.ai%252Fsrc%252Fapp%252Fpage.tsx+%255Bapp-rsc%255D+%2528ecmascript%2529?0:113:59)
    at Array.map (<anonymous>:1:18)
    at HomePage (about://React/Server/file:///Users/joelei/Dropbox%2520(Maestral)/smarthumans.ai/.next/dev/server/chunks/ssr/%255Broot-of-the-server%255D__1cpadzj._.js?id=%255Bproject%255D%252FDropbox+%2528Maestral%2529%252Fsmarthumans.ai%252Fsrc%252Fapp%252Fpage.tsx+%255Bapp-rsc%255D+%2528ecmascript%2529?1:73:49)
    at resolveErrorDev (http://localhost:3000/_next/static/chunks/1l_l_next_dist_compiled_react-server-dom-turbopack_1pd5eef._.js:1919:105)
    at processFullStringRow (http://localhost:3000/_next/static/chunks/1l_l_next_dist_compiled_react-server-dom-turbopack_1pd5eef._.js:2434:29)
    at processFullBinaryRow (http://localhost:3000/_next/static/chunks/1l_l_next_dist_compiled_react-server-dom-turbopack_1pd5eef._.js:2393:9)
    at processBinaryChunk (http://localhost:3000/_next/static/chunks/1l_l_next_dist_compiled_react-server-dom-turbopack_1pd5eef._.js:2502:221)
    at progress (http://localhost:3000/_next/static/chunks/1l_l_next_dist_compiled_react-server-dom-turbopack_1pd5eef._.js:2689:13)
[ 6457687ms] [LOG] [Fast Refresh] rebuilding @ http://localhost:3000/_next/static/chunks/1l_l_next_dist_1hdtlhn._.js:2477
[ 6457837ms] [LOG] [Fast Refresh] done in 250ms @ http://localhost:3000/_next/static/chunks/1l_l_next_dist_1hdtlhn._.js:2477
[ 6463401ms] [LOG] [Fast Refresh] rebuilding @ http://localhost:3000/_next/static/chunks/1l_l_next_dist_1hdtlhn._.js:2477
[ 6463937ms] [WARNING] [HMR] Invalid message: {"isTrusted":true}
TypeError: Cannot convert undefined or null to object
    at Object.keys (<anonymous>)
    at extractModulesFromTurbopackMessage (http://localhost:3000/_next/static/chunks/1l_l_next_dist_client_1mzxg_k._.js:13754:39)
    at TurbopackHmr.onTurbopackMessage (http://localhost:3000/_next/static/chunks/1l_l_next_dist_client_1mzxg_k._.js:13701:32)
    at processMessage (http://localhost:3000/_next/static/chunks/1l_l_next_dist_client_1mzxg_k._.js:14059:30)
    at WebSocket.handleMessage (http://localhost:3000/_next/static/chunks/1l_l_next_dist_client_1mzxg_k._.js:13458:52) @ http://localhost:3000/_next/static/chunks/1l_l_next_dist_1hdtlhn._.js:2477
[ 6463937ms] [LOG] [Fast Refresh] done in 625ms @ http://localhost:3000/_next/static/chunks/1l_l_next_dist_1hdtlhn._.js:2477
[ 6465369ms] [INFO] %cDownload the React DevTools for a better development experience: https://react.dev/link/react-devtools font-weight:bold @ http://localhost:3000/_next/static/chunks/1l_l_next_dist_1hdtlhn._.js:2477
[ 6465389ms] [LOG] [HMR] connected @ http://localhost:3000/_next/static/chunks/1l_l_next_dist_1hdtlhn._.js:2477
[ 6465558ms] [LOG] [Fast Refresh] rebuilding @ http://localhost:3000/_next/static/chunks/1l_l_next_dist_1hdtlhn._.js:2477
[ 6465655ms] [LOG] [Fast Refresh] done in 201ms @ http://localhost:3000/_next/static/chunks/1l_l_next_dist_1hdtlhn._.js:2477
[ 6482258ms] [LOG] [Fast Refresh] rebuilding @ http://localhost:3000/_next/static/chunks/1l_l_next_dist_1hdtlhn._.js:2477
[ 6482330ms] [LOG] [Fast Refresh] done in 16ms @ http://localhost:3000/_next/static/chunks/1l_l_next_dist_1hdtlhn._.js:2477
[ 6483633ms] [LOG] [Fast Refresh] rebuilding @ http://localhost:3000/_next/static/chunks/1l_l_next_dist_1hdtlhn._.js:2477
[ 6483678ms] [LOG] [Fast Refresh] done in 30ms @ http://localhost:3000/_next/static/chunks/1l_l_next_dist_1hdtlhn._.js:2477
[ 6570139ms] [LOG] [Fast Refresh] rebuilding @ http://localhost:3000/_next/static/chunks/1l_l_next_dist_1hdtlhn._.js:2477
[ 6570214ms] [LOG] [Fast Refresh] done in 109ms @ http://localhost:3000/_next/static/chunks/1l_l_next_dist_1hdtlhn._.js:2477
[ 6572381ms] [LOG] [Fast Refresh] rebuilding @ http://localhost:3000/_next/static/chunks/1l_l_next_dist_1hdtlhn._.js:2477
[ 6572418ms] [LOG] [Fast Refresh] done in 63ms @ http://localhost:3000/_next/static/chunks/1l_l_next_dist_1hdtlhn._.js:2477
[ 6574267ms] [LOG] [Fast Refresh] rebuilding @ http://localhost:3000/_next/static/chunks/1l_l_next_dist_1hdtlhn._.js:2477
[ 6574296ms] [LOG] [Fast Refresh] done in 65ms @ http://localhost:3000/_next/static/chunks/1l_l_next_dist_1hdtlhn._.js:2477
[ 6576338ms] [LOG] [Fast Refresh] rebuilding @ http://localhost:3000/_next/static/chunks/1l_l_next_dist_1hdtlhn._.js:2477
[ 6576372ms] [LOG] [Fast Refresh] done in 59ms @ http://localhost:3000/_next/static/chunks/1l_l_next_dist_1hdtlhn._.js:2477
[ 6713484ms] [LOG] [Fast Refresh] rebuilding @ http://localhost:3000/_next/static/chunks/1l_l_next_dist_1hdtlhn._.js:2477
[ 6713565ms] [LOG] [Fast Refresh] done in 96ms @ http://localhost:3000/_next/static/chunks/1l_l_next_dist_1hdtlhn._.js:2477
[ 6718355ms] [LOG] [Fast Refresh] rebuilding @ http://localhost:3000/_next/static/chunks/1l_l_next_dist_1hdtlhn._.js:2477
[ 6718424ms] [LOG] [Fast Refresh] done in 57ms @ http://localhost:3000/_next/static/chunks/1l_l_next_dist_1hdtlhn._.js:2477
[ 6815510ms] [LOG] [Fast Refresh] rebuilding @ http://localhost:3000/_next/static/chunks/1l_l_next_dist_1hdtlhn._.js:2477
[ 6815612ms] [LOG] [Fast Refresh] done in 107ms @ http://localhost:3000/_next/static/chunks/1l_l_next_dist_1hdtlhn._.js:2477
[ 6821675ms] [LOG] [Fast Refresh] rebuilding @ http://localhost:3000/_next/static/chunks/1l_l_next_dist_1hdtlhn._.js:2477
[ 6821797ms] [LOG] [Fast Refresh] done in 97ms @ http://localhost:3000/_next/static/chunks/1l_l_next_dist_1hdtlhn._.js:2477
[ 6823575ms] [LOG] [Fast Refresh] rebuilding @ http://localhost:3000/_next/static/chunks/1l_l_next_dist_1hdtlhn._.js:2477
[ 6823897ms] [ERROR] ./Dropbox (Maestral)/smarthumans.ai/src/app/claims/[slug]/page.tsx:474:16
Expected '</', got 'jsx text'
  472 |             />
  473 |           </div>
> 474 |         </main>
      |                ^^^^^^^^^^^^^^^^^^^^^^^^^^^^^^^^^^^^^^^^^^^^^^^^^^^^^^^^^^^^^^^^^^^^^^^^^^^^^
> 475 |
      | ^
> 476 |         {/* ----- sidebar: secondary by design ----- */}
      | ^^^^^^^^
  477 |         <aside>
  478 |           <div className="hidden lg:block">{actionPanel}</div>
  479 |

Parsing ecmascript source code failed @ http://localhost:3000/_next/static/chunks/1l_l_next_dist_1hdtlhn._.js:3318
[ 6823997ms] [LOG] [Fast Refresh] rebuilding @ http://localhost:3000/_next/static/chunks/1l_l_next_dist_1hdtlhn._.js:2477
[ 6824294ms] [ERROR] ./Dropbox (Maestral)/smarthumans.ai/src/app/claims/[slug]/page.tsx:474:16
Expected '</', got 'jsx text'
  472 |             />
  473 |           </div>
> 474 |         </main>
      |                ^^^^^^^^^^^^^^^^^^^^^^^^^^^^^^^^^^^^^^^^^^^^^^^^^^^^^^^^^^^^^^^^^^^^^^^^^^^^^
> 475 |
      | ^
> 476 |         {/* ----- sidebar: secondary by design ----- */}
      | ^^^^^^^^
  477 |         <aside>
  478 |           <div className="hidden lg:block">{actionPanel}</div>
  479 |

Parsing ecmascript source code failed @ http://localhost:3000/_next/static/chunks/1l_l_next_dist_1hdtlhn._.js:3318
[ 6824295ms] [ERROR] Failed to load resource: the server responded with a status of 500 (Internal Server Error) @ http://localhost:3000/?_rsc=q3mOO9BClNZHexY7:0
[ 6824363ms] [ERROR] Failed to load resource: the server responded with a status of 500 (Internal Server Error) @ http://localhost:3000/:0
[ 6824553ms] [INFO] %cDownload the React DevTools for a better development experience: https://react.dev/link/react-devtools font-weight:bold @ http://localhost:3000/_next/static/chunks/1l_l_react-dom_0juj_l_._.js:15305
[ 6824594ms] Error: ./Dropbox (Maestral)/smarthumans.ai/src/app/claims/[slug]/page.tsx:474:16
Expected '</', got 'jsx text'
  472 |             />
  473 |           </div>
> 474 |         </main>
      |                ^^^^^^^^^^^^^^^^^^^^^^^^^^^^^^^^^^^^^^^^^^^^^^^^^^^^^^^^^^^^^^^^^^^^^^^^^^^^^
> 475 |
      | ^
> 476 |         {/* ----- sidebar: secondary by design ----- */}
      | ^^^^^^^^
  477 |         <aside>
  478 |           <div className="hidden lg:block">{actionPanel}</div>
  479 |

Parsing ecmascript source code failed


    at <unknown> (Error: ./Dropbox (Maestral)/smarthumans.ai/src/app/claims/[slug]/page.tsx:474:16)
    at Object.getCompilationErrors (file:///Users/joelei/Dropbox (Maestral)/smarthumans.ai/node_modules/next/dist/server/dev/hot-reloader-turbopack.js:1186:59)
    at DevBundlerService.getCompilationError (file:///Users/joelei/Dropbox (Maestral)/smarthumans.ai/node_modules/next/dist/server/lib/dev-bundler-service.js:44:55)
    at DevServer.getCompilationError (file:///Users/joelei/Dropbox (Maestral)/smarthumans.ai/node_modules/next/dist/server/dev/next-dev-server.js:720:42)
    at DevServer.findPageComponents (file:///Users/joelei/Dropbox (Maestral)/smarthumans.ai/node_modules/next/dist/server/dev/next-dev-server.js:690:43)
    at async DevServer.renderErrorToResponseImpl (file:///Users/joelei/Dropbox (Maestral)/smarthumans.ai/node_modules/next/dist/server/base-server.js:1753:26)
[ 6824594ms] [LOG] [HMR] connected @ http://localhost:3000/_next/static/chunks/1l_l_next_dist_0sxpgfl._.js:1226
[ 6824596ms] [ERROR] ./Dropbox (Maestral)/smarthumans.ai/src/app/claims/[slug]/page.tsx:474:16
Expected '</', got 'jsx text'
  472 |             />
  473 |           </div>
> 474 |         </main>
      |                ^^^^^^^^^^^^^^^^^^^^^^^^^^^^^^^^^^^^^^^^^^^^^^^^^^^^^^^^^^^^^^^^^^^^^^^^^^^^^
> 475 |
      | ^
> 476 |         {/* ----- sidebar: secondary by design ----- */}
      | ^^^^^^^^
  477 |         <aside>
  478 |           <div className="hidden lg:block">{actionPanel}</div>
  479 |

Parsing ecmascript source code failed @ http://localhost:3000/_next/static/chunks/1l_l_next_dist_0sxpgfl._.js:1945
[ 6824660ms] [ERROR] ./Dropbox (Maestral)/smarthumans.ai/src/app/claims/[slug]/page.tsx:474:16
Expected '</', got 'jsx text'
  472 |             />
  473 |           </div>
> 474 |         </main>
      |                ^^^^^^^^^^^^^^^^^^^^^^^^^^^^^^^^^^^^^^^^^^^^^^^^^^^^^^^^^^^^^^^^^^^^^^^^^^^^^
> 475 |
      | ^
> 476 |         {/* ----- sidebar: secondary by design ----- */}
      | ^^^^^^^^
  477 |         <aside>
  478 |           <div className="hidden lg:block">{actionPanel}</div>
  479 |

Parsing ecmascript source code failed @ http://localhost:3000/_next/static/chunks/1l_l_next_dist_0sxpgfl._.js:1945
[ 6825050ms] [LOG] [Fast Refresh] rebuilding @ http://localhost:3000/_next/static/chunks/1l_l_next_dist_0sxpgfl._.js:1226
[ 6825346ms] [LOG] [Fast Refresh] done in 39ms @ http://localhost:3000/_next/static/chunks/1l_l_next_dist_0sxpgfl._.js:1226
[ 6826772ms] [INFO] %cDownload the React DevTools for a better development experience: https://react.dev/link/react-devtools font-weight:bold @ http://localhost:3000/_next/static/chunks/1l_l_next_dist_1hdtlhn._.js:2477
[ 6826800ms] [LOG] [HMR] connected @ http://localhost:3000/_next/static/chunks/1l_l_next_dist_1hdtlhn._.js:2477
[ 6826952ms] [LOG] [Fast Refresh] rebuilding @ http://localhost:3000/_next/static/chunks/1l_l_next_dist_1hdtlhn._.js:2477
[ 6827106ms] [LOG] [Fast Refresh] done in 255ms @ http://localhost:3000/_next/static/chunks/1l_l_next_dist_1hdtlhn._.js:2477
[ 6966898ms] [LOG] [Fast Refresh] rebuilding @ http://localhost:3000/_next/static/chunks/1l_l_next_dist_1hdtlhn._.js:2477
[ 6966902ms] [LOG] [Fast Refresh] done in 106ms @ http://localhost:3000/_next/static/chunks/1l_l_next_dist_1hdtlhn._.js:2477
[ 7173472ms] [LOG] [Fast Refresh] rebuilding @ http://localhost:3000/_next/static/chunks/1l_l_next_dist_1hdtlhn._.js:2477
[ 7174395ms] [LOG] [Fast Refresh] done in 99ms @ http://localhost:3000/_next/static/chunks/1l_l_next_dist_1hdtlhn._.js:2477
[ 7174497ms] [LOG] [Fast Refresh] rebuilding @ http://localhost:3000/_next/static/chunks/1l_l_next_dist_1hdtlhn._.js:2477
[ 7174536ms] [LOG] [Fast Refresh] done in 140ms @ http://localhost:3000/_next/static/chunks/1l_l_next_dist_1hdtlhn._.js:2477
[ 7174537ms] [ERROR] Failed to load resource: the server responded with a status of 500 (Internal Server Error) @ http://localhost:3000/?_rsc=q3mOO9BClNZHexY7:0
[ 7174642ms] [LOG] [Fast Refresh] rebuilding @ http://localhost:3000/_next/static/chunks/1l_l_next_dist_1hdtlhn._.js:2477
[ 7175241ms] [LOG] [Fast Refresh] done in 700ms @ http://localhost:3000/_next/static/chunks/1l_l_next_dist_1hdtlhn._.js:2477
[ 7175342ms] [LOG] [Fast Refresh] rebuilding @ http://localhost:3000/_next/static/chunks/1l_l_next_dist_1hdtlhn._.js:2477
[ 7175992ms] [LOG] [Fast Refresh] done in 750ms @ http://localhost:3000/_next/static/chunks/1l_l_next_dist_1hdtlhn._.js:2477
[ 7176008ms] [ERROR] Failed to load resource: the server responded with a status of 500 (Internal Server Error) @ http://localhost:3000/?_rsc=q3mOO9BClNZHexY7:0
[ 7176064ms] [ERROR] Failed to load resource: the server responded with a status of 500 (Internal Server Error) @ http://localhost:3000/:0
[ 7176157ms] [INFO] %cDownload the React DevTools for a better development experience: https://react.dev/link/react-devtools font-weight:bold @ http://localhost:3000/_next/static/chunks/1l_l_react-dom_0juj_l_._.js:15305
[ 7176168ms] ReferenceError: claimTypeEnum is not defined
    at Module.eval (file:///Users/joelei/Dropbox%20(Maestral)/smarthumans.ai/.next/dev/server/chunks/ssr/%5Broot-of-the-server%5D__1w4l1hp._.js?id=%5Bproject%5D%2FDropbox+%28Maestral%29%2Fsmarthumans.ai%2Fsrc%2Fdb%2Fschema.ts+%5Bapp-rsc%5D+%28ecmascript%29:261:44)
    at <unknown> (file:///Users/joelei/Dropbox (Maestral)/smarthumans.ai/.next/dev/server/chunks/ssr/[turbopack]_runtime.js:1291:27)
    at runWithHooks (file:///Users/joelei/Dropbox (Maestral)/smarthumans.ai/.next/dev/server/chunks/ssr/[turbopack]_runtime.js:1554:9)
    at instantiateModuleShared (file:///Users/joelei/Dropbox (Maestral)/smarthumans.ai/.next/dev/server/chunks/ssr/[turbopack]_runtime.js:1289:9)
    at instantiateModule (file:///Users/joelei/Dropbox (Maestral)/smarthumans.ai/.next/dev/server/chunks/ssr/[turbopack]_runtime.js:1557:23)
    at getOrInstantiateModuleFromParent (file:///Users/joelei/Dropbox (Maestral)/smarthumans.ai/.next/dev/server/chunks/ssr/[turbopack]_runtime.js:1593:23)
    at Context.esmImport [as i] (file:///Users/joelei/Dropbox (Maestral)/smarthumans.ai/.next/dev/server/chunks/ssr/[turbopack]_runtime.js:281:20)
    at module evaluation (file:///Users/joelei/Dropbox (Maestral)/smarthumans.ai/.next/dev/server/chunks/ssr/[root-of-the-server]__1xva_r0._.js:685:193)
    at <unknown> (file:///Users/joelei/Dropbox (Maestral)/smarthumans.ai/.next/dev/server/chunks/ssr/[turbopack]_runtime.js:1291:27)
    at runWithHooks (file:///Users/joelei/Dropbox (Maestral)/smarthumans.ai/.next/dev/server/chunks/ssr/[turbopack]_runtime.js:1554:9)
    at instantiateModuleShared (file:///Users/joelei/Dropbox (Maestral)/smarthumans.ai/.next/dev/server/chunks/ssr/[turbopack]_runtime.js:1289:9)
    at instantiateModule (file:///Users/joelei/Dropbox (Maestral)/smarthumans.ai/.next/dev/server/chunks/ssr/[turbopack]_runtime.js:1557:23)
    at getOrInstantiateModuleFromParent (file:///Users/joelei/Dropbox (Maestral)/smarthumans.ai/.next/dev/server/chunks/ssr/[turbopack]_runtime.js:1593:23)
    at Context.esmImport [as i] (file:///Users/joelei/Dropbox (Maestral)/smarthumans.ai/.next/dev/server/chunks/ssr/[turbopack]_runtime.js:281:20)
    at module evaluation (file:///Users/joelei/Dropbox (Maestral)/smarthumans.ai/.next/dev/server/chunks/ssr/[root-of-the-server]__1xva_r0._.js:738:192)
    at <unknown> (file:///Users/joelei/Dropbox (Maestral)/smarthumans.ai/.next/dev/server/chunks/ssr/[turbopack]_runtime.js:1291:27)
    at runWithHooks (file:///Users/joelei/Dropbox (Maestral)/smarthumans.ai/.next/dev/server/chunks/ssr/[turbopack]_runtime.js:1554:9)
    at instantiateModuleShared (file:///Users/joelei/Dropbox (Maestral)/smarthumans.ai/.next/dev/server/chunks/ssr/[turbopack]_runtime.js:1289:9)
    at instantiateModule (file:///Users/joelei/Dropbox (Maestral)/smarthumans.ai/.next/dev/server/chunks/ssr/[turbopack]_runtime.js:1557:23)
    at getOrInstantiateModuleFromParent (file:///Users/joelei/Dropbox (Maestral)/smarthumans.ai/.next/dev/server/chunks/ssr/[turbopack]_runtime.js:1593:23)
    at Context.esmImport [as i] (file:///Users/joelei/Dropbox (Maestral)/smarthumans.ai/.next/dev/server/chunks/ssr/[turbopack]_runtime.js:281:20)
    at module evaluation (file:///Users/joelei/Dropbox (Maestral)/smarthumans.ai/.next/dev/server/chunks/ssr/[root-of-the-server]__0f6jv6t._.js:1927:192)
    at <unknown> (file:///Users/joelei/Dropbox (Maestral)/smarthumans.ai/.next/dev/server/chunks/ssr/[turbopack]_runtime.js:1291:27)
    at runWithHooks (file:///Users/joelei/Dropbox (Maestral)/smarthumans.ai/.next/dev/server/chunks/ssr/[turbopack]_runtime.js:1554:9)
    at instantiateModuleShared (file:///Users/joelei/Dropbox (Maestral)/smarthumans.ai/.next/dev/server/chunks/ssr/[turbopack]_runtime.js:1289:9)
    at instantiateModule (file:///Users/joelei/Dropbox (Maestral)/smarthumans.ai/.next/dev/server/chunks/ssr/[turbopack]_runtime.js:1557:23)
    at getOrInstantiateModuleFromParent (file:///Users/joelei/Dropbox (Maestral)/smarthumans.ai/.next/dev/server/chunks/ssr/[turbopack]_runtime.js:1593:23)
    at Context.esmImport [as i] (file:///Users/joelei/Dropbox (Maestral)/smarthumans.ai/.next/dev/server/chunks/ssr/[turbopack]_runtime.js:281:20)
    at module evaluation (file:///Users/joelei/Dropbox (Maestral)/smarthumans.ai/.next/dev/server/chunks/ssr/[root-of-the-server]__0f6jv6t._.js:2190:47)
    at <unknown> (file:///Users/joelei/Dropbox (Maestral)/smarthumans.ai/.next/dev/server/chunks/ssr/[turbopack]_runtime.js:1291:27)
    at runWithHooks (file:///Users/joelei/Dropbox (Maestral)/smarthumans.ai/.next/dev/server/chunks/ssr/[turbopack]_runtime.js:1554:9)
    at instantiateModuleShared (file:///Users/joelei/Dropbox (Maestral)/smarthumans.ai/.next/dev/server/chunks/ssr/[turbopack]_runtime.js:1289:9)
    at instantiateModule (file:///Users/joelei/Dropbox (Maestral)/smarthumans.ai/.next/dev/server/chunks/ssr/[turbopack]_runtime.js:1557:23)
    at getOrInstantiateModuleFromParent (file:///Users/joelei/Dropbox (Maestral)/smarthumans.ai/.next/dev/server/chunks/ssr/[turbopack]_runtime.js:1593:23)
    at Context.commonJsRequire [as r] (file:///Users/joelei/Dropbox (Maestral)/smarthumans.ai/.next/dev/server/chunks/ssr/[turbopack]_runtime.js:302:12)
    at Array.__TURBOPACK__page__$23$8__ (file:///Users/joelei/Dropbox (Maestral)/smarthumans.ai/.next/dev/server/chunks/ssr/1l_l_1c5e8e0._.js:11643:62)
    at getLayoutOrPageModule (file:///Users/joelei/Dropbox (Maestral)/smarthumans.ai/node_modules/next/dist/compiled/next-server/app-page-turbo.runtime.dev.js:65:6366)
    at anySegmentHasRuntimePrefetchEnabled (file:///Users/joelei/Dropbox (Maestral)/smarthumans.ai/node_modules/next/dist/compiled/next-server/app-page-turbo.runtime.dev.js:69:16701)
    at anySegmentHasRuntimePrefetchEnabled (file:///Users/joelei/Dropbox (Maestral)/smarthumans.ai/node_modules/next/dist/compiled/next-server/app-page-turbo.runtime.dev.js:69:17039)
    at async generateDynamicRSCPayload (file:///Users/joelei/Dropbox (Maestral)/smarthumans.ai/node_modules/next/dist/compiled/next-server/app-page-turbo.runtime.dev.js:69:23031)
    at async generateDynamicFlightRenderResult (file:///Users/joelei/Dropbox (Maestral)/smarthumans.ai/node_modules/next/dist/compiled/next-server/app-page-turbo.runtime.dev.js:69:26329)
    at async doRender (file:///Users/joelei/Dropbox (Maestral)/smarthumans.ai/.next/dev/server/chunks/ssr/1l_l_1c5e8e0._.js:12213:28)
    at async AppPageRouteModule.handleResponse (file:///Users/joelei/Dropbox (Maestral)/smarthumans.ai/node_modules/next/dist/compiled/next-server/app-page-turbo.runtime.dev.js:71:66429)
    at async handleResponse (file:///Users/joelei/Dropbox (Maestral)/smarthumans.ai/.next/dev/server/chunks/ssr/1l_l_1c5e8e0._.js:12524:32)
    at async Module.handler (file:///Users/joelei/Dropbox (Maestral)/smarthumans.ai/.next/dev/server/chunks/ssr/1l_l_1c5e8e0._.js:12930:20)
    at async DevServer.renderToResponseWithComponentsImpl (file:///Users/joelei/Dropbox (Maestral)/smarthumans.ai/node_modules/next/dist/server/base-server.js:1462:9)
    at async DevServer.renderPageComponent (file:///Users/joelei/Dropbox (Maestral)/smarthumans.ai/node_modules/next/dist/server/base-server.js:1514:24)
    at async DevServer.renderToResponseImpl (file:///Users/joelei/Dropbox (Maestral)/smarthumans.ai/node_modules/next/dist/server/base-server.js:1564:32)
    at async DevServer.pipeImpl (file:///Users/joelei/Dropbox (Maestral)/smarthumans.ai/node_modules/next/dist/server/base-server.js:1044:25)
    at async NextNodeServer.handleCatchallRenderRequest (file:///Users/joelei/Dropbox (Maestral)/smarthumans.ai/node_modules/next/dist/server/next-server.js:338:17)
[ 7176193ms] [LOG] [HMR] connected @ http://localhost:3000/_next/static/chunks/1l_l_next_dist_0sxpgfl._.js:1226
[ 7185356ms] [LOG] [Fast Refresh] rebuilding @ http://localhost:3000/_next/static/chunks/1l_l_next_dist_0sxpgfl._.js:1226
[ 7185436ms] [ERROR] ./Dropbox (Maestral)/smarthumans.ai/src/components/claim-card.tsx:16:1
Export TYPE_LABEL doesn't exist in target module
  14 | import { FollowButton } from "@/components/follow-button";
  15 | import { StanceButtons } from "@/components/stance-buttons";
> 16 | import { TYPE_LABEL, CATEGORY_LABEL } from "@/lib/status";
     | ^^^^^^^^^^^^^^^^^^^^^^^^^^^^^^^^^^^^^^^^^^^^^^^^^^^^^^^^^^
  17 | import { fmtDate, deadlineLabel, daysUntil } from "@/lib/format";
  18 | import type { Person, Proposition, Stance } from "@/db/schema";
  19 |

The export TYPE_LABEL was not found in module [project]/Dropbox (Maestral)/smarthumans.ai/src/lib/status.ts [app-client] (ecmascript).
Did you mean to import SUBTYPE_LABEL?
All exports of the module are statically known (It doesn't have dynamic exports). So it's known statically that the requested export doesn't exist.

Import traces:
  Server Component:
    ./Dropbox (Maestral)/smarthumans.ai/src/components/claim-card.tsx
    ./Dropbox (Maestral)/smarthumans.ai/src/app/page.tsx

  Client Component Browser:
    ./Dropbox (Maestral)/smarthumans.ai/src/components/claim-card.tsx [Client Component Browser]
    ./Dropbox (Maestral)/smarthumans.ai/src/components/ledger-sort-bar.tsx [Client Component Browser]
    ./Dropbox (Maestral)/smarthumans.ai/src/components/ledger-sort-bar.tsx [Server Component]
    ./Dropbox (Maestral)/smarthumans.ai/src/app/page.tsx [Server Component]

  Client Component SSR:
    ./Dropbox (Maestral)/smarthumans.ai/src/components/claim-card.tsx [Client Component SSR]
    ./Dropbox (Maestral)/smarthumans.ai/src/components/ledger-sort-bar.tsx [Client Component SSR]
    ./Dropbox (Maestral)/smarthumans.ai/src/components/ledger-sort-bar.tsx [Server Component]
    ./Dropbox (Maestral)/smarthumans.ai/src/app/page.tsx [Server Component] @ http://localhost:3000/_next/static/chunks/1l_l_next_dist_0sxpgfl._.js:1945
[ 7185436ms] [ERROR] ./Dropbox (Maestral)/smarthumans.ai/src/components/claim-card.tsx:16:1
Export TYPE_LABEL doesn't exist in target module
  14 | import { FollowButton } from "@/components/follow-button";
  15 | import { StanceButtons } from "@/components/stance-buttons";
> 16 | import { TYPE_LABEL, CATEGORY_LABEL } from "@/lib/status";
     | ^^^^^^^^^^^^^^^^^^^^^^^^^^^^^^^^^^^^^^^^^^^^^^^^^^^^^^^^^^
  17 | import { fmtDate, deadlineLabel, daysUntil } from "@/lib/format";
  18 | import type { Person, Proposition, Stance } from "@/db/schema";
  19 |

The export TYPE_LABEL was not found in module [project]/Dropbox (Maestral)/smarthumans.ai/src/lib/status.ts [app-rsc] (ecmascript).
Did you mean to import SUBTYPE_LABEL?
All exports of the module are statically known (It doesn't have dynamic exports). So it's known statically that the requested export doesn't exist.

Import traces:
  Server Component:
    ./Dropbox (Maestral)/smarthumans.ai/src/components/claim-card.tsx
    ./Dropbox (Maestral)/smarthumans.ai/src/app/page.tsx

  Client Component Browser:
    ./Dropbox (Maestral)/smarthumans.ai/src/components/claim-card.tsx [Client Component Browser]
    ./Dropbox (Maestral)/smarthumans.ai/src/components/ledger-sort-bar.tsx [Client Component Browser]
    ./Dropbox (Maestral)/smarthumans.ai/src/components/ledger-sort-bar.tsx [Server Component]
    ./Dropbox (Maestral)/smarthumans.ai/src/app/page.tsx [Server Component]

  Client Component SSR:
    ./Dropbox (Maestral)/smarthumans.ai/src/components/claim-card.tsx [Client Component SSR]
    ./Dropbox (Maestral)/smarthumans.ai/src/components/ledger-sort-bar.tsx [Client Component SSR]
    ./Dropbox (Maestral)/smarthumans.ai/src/components/ledger-sort-bar.tsx [Server Component]
    ./Dropbox (Maestral)/smarthumans.ai/src/app/page.tsx [Server Component] @ http://localhost:3000/_next/static/chunks/1l_l_next_dist_0sxpgfl._.js:1945
[ 7185436ms] [ERROR] ./Dropbox (Maestral)/smarthumans.ai/src/components/claim-card.tsx:16:1
Export TYPE_LABEL doesn't exist in target module
  14 | import { FollowButton } from "@/components/follow-button";
  15 | import { StanceButtons } from "@/components/stance-buttons";
> 16 | import { TYPE_LABEL, CATEGORY_LABEL } from "@/lib/status";
     | ^^^^^^^^^^^^^^^^^^^^^^^^^^^^^^^^^^^^^^^^^^^^^^^^^^^^^^^^^^
  17 | import { fmtDate, deadlineLabel, daysUntil } from "@/lib/format";
  18 | import type { Person, Proposition, Stance } from "@/db/schema";
  19 |

The export TYPE_LABEL was not found in module [project]/Dropbox (Maestral)/smarthumans.ai/src/lib/status.ts [app-ssr] (ecmascript).
Did you mean to import SUBTYPE_LABEL?
All exports of the module are statically known (It doesn't have dynamic exports). So it's known statically that the requested export doesn't exist.

Import traces:
  Server Component:
    ./Dropbox (Maestral)/smarthumans.ai/src/components/claim-card.tsx
    ./Dropbox (Maestral)/smarthumans.ai/src/app/page.tsx

  Client Component Browser:
    ./Dropbox (Maestral)/smarthumans.ai/src/components/claim-card.tsx [Client Component Browser]
    ./Dropbox (Maestral)/smarthumans.ai/src/components/ledger-sort-bar.tsx [Client Component Browser]
    ./Dropbox (Maestral)/smarthumans.ai/src/components/ledger-sort-bar.tsx [Server Component]
    ./Dropbox (Maestral)/smarthumans.ai/src/app/page.tsx [Server Component]

  Client Component SSR:
    ./Dropbox (Maestral)/smarthumans.ai/src/components/claim-card.tsx [Client Component SSR]
    ./Dropbox (Maestral)/smarthumans.ai/src/components/ledger-sort-bar.tsx [Client Component SSR]
    ./Dropbox (Maestral)/smarthumans.ai/src/components/ledger-sort-bar.tsx [Server Component]
    ./Dropbox (Maestral)/smarthumans.ai/src/app/page.tsx [Server Component] @ http://localhost:3000/_next/static/chunks/1l_l_next_dist_0sxpgfl._.js:1945
[ 7185436ms] [ERROR] ./Dropbox (Maestral)/smarthumans.ai/src/app/claims/[slug]/page.tsx:29:1
Export TYPE_LABEL doesn't exist in target module
  27 | import type { ClaimStatus, Stance } from "@/db/schema";
  28 | import { stanceOutcome, type StanceOutcome } from "@/lib/scoring";
> 29 | import { STATUS_META, TYPE_LABEL, CATEGORY_LABEL } from "@/lib/status";
     | ^^^^^^^^^^^^^^^^^^^^^^^^^^^^^^^^^^^^^^^^^^^^^^^^^^^^^^^^^^^^^^^^^^^^^^^
  30 | import { fmtCount, fmtDate, deadlineLabel } from "@/lib/format";
  31 | import { auth } from "@/lib/auth";
  32 | import { cn } from "@/lib/utils";

The export TYPE_LABEL was not found in module [project]/Dropbox (Maestral)/smarthumans.ai/src/lib/status.ts [app-rsc] (ecmascript).
Did you mean to import SUBTYPE_LABEL?
All exports of the module are statically known (It doesn't have dynamic exports). So it's known statically that the requested export doesn't exist. @ http://localhost:3000/_next/static/chunks/1l_l_next_dist_0sxpgfl._.js:1945
[ 7185466ms] [ERROR] Failed to load resource: the server responded with a status of 500 (Internal Server Error) @ http://localhost:3000/:0
[ 7185504ms] [INFO] %cDownload the React DevTools for a better development experience: https://react.dev/link/react-devtools font-weight:bold @ http://localhost:3000/_next/static/chunks/1l_l_react-dom_0juj_l_._.js:15305
[ 7185510ms] Error: ./Dropbox (Maestral)/smarthumans.ai/src/components/claim-card.tsx:16:1
Export TYPE_LABEL doesn't exist in target module
  14 | import { FollowButton } from "@/components/follow-button";
  15 | import { StanceButtons } from "@/components/stance-buttons";
> 16 | import { TYPE_LABEL, CATEGORY_LABEL } from "@/lib/status";
     | ^^^^^^^^^^^^^^^^^^^^^^^^^^^^^^^^^^^^^^^^^^^^^^^^^^^^^^^^^^
  17 | import { fmtDate, deadlineLabel, daysUntil } from "@/lib/format";
  18 | import type { Person, Proposition, Stance } from "@/db/schema";
  19 |

The export TYPE_LABEL was not found in module [project]/Dropbox (Maestral)/smarthumans.ai/src/lib/status.ts [app-client] (ecmascript).
Did you mean to import SUBTYPE_LABEL?
All exports of the module are statically known (It doesn't have dynamic exports). So it's known statically that the requested export doesn't exist.

Import traces:
  Server Component:
    ./Dropbox (Maestral)/smarthumans.ai/src/components/claim-card.tsx
    ./Dropbox (Maestral)/smarthumans.ai/src/app/page.tsx

  Client Component Browser:
    ./Dropbox (Maestral)/smarthumans.ai/src/components/claim-card.tsx [Client Component Browser]
    ./Dropbox (Maestral)/smarthumans.ai/src/components/ledger-sort-bar.tsx [Client Component Browser]
    ./Dropbox (Maestral)/smarthumans.ai/src/components/ledger-sort-bar.tsx [Server Component]
    ./Dropbox (Maestral)/smarthumans.ai/src/app/page.tsx [Server Component]

  Client Component SSR:
    ./Dropbox (Maestral)/smarthumans.ai/src/components/claim-card.tsx [Client Component SSR]
    ./Dropbox (Maestral)/smarthumans.ai/src/components/ledger-sort-bar.tsx [Client Component SSR]
    ./Dropbox (Maestral)/smarthumans.ai/src/components/ledger-sort-bar.tsx [Server Component]
    ./Dropbox (Maestral)/smarthumans.ai/src/app/page.tsx [Server Component]


    at <unknown> (Error: ./Dropbox (Maestral)/smarthumans.ai/src/components/claim-card.tsx:16:1)
    at Object.getCompilationErrors (file:///Users/joelei/Dropbox (Maestral)/smarthumans.ai/node_modules/next/dist/server/dev/hot-reloader-turbopack.js:1186:59)
    at DevBundlerService.getCompilationError (file:///Users/joelei/Dropbox (Maestral)/smarthumans.ai/node_modules/next/dist/server/lib/dev-bundler-service.js:44:55)
    at DevServer.getCompilationError (file:///Users/joelei/Dropbox (Maestral)/smarthumans.ai/node_modules/next/dist/server/dev/next-dev-server.js:720:42)
    at DevServer.findPageComponents (file:///Users/joelei/Dropbox (Maestral)/smarthumans.ai/node_modules/next/dist/server/dev/next-dev-server.js:690:43)
    at async DevServer.renderErrorToResponseImpl (file:///Users/joelei/Dropbox (Maestral)/smarthumans.ai/node_modules/next/dist/server/base-server.js:1753:26)
[ 7185512ms] [LOG] [HMR] connected @ http://localhost:3000/_next/static/chunks/1l_l_next_dist_0sxpgfl._.js:1226
[ 7185523ms] [ERROR] ./Dropbox (Maestral)/smarthumans.ai/src/components/claim-card.tsx:16:1
Export TYPE_LABEL doesn't exist in target module
  14 | import { FollowButton } from "@/components/follow-button";
  15 | import { StanceButtons } from "@/components/stance-buttons";
> 16 | import { TYPE_LABEL, CATEGORY_LABEL } from "@/lib/status";
     | ^^^^^^^^^^^^^^^^^^^^^^^^^^^^^^^^^^^^^^^^^^^^^^^^^^^^^^^^^^
  17 | import { fmtDate, deadlineLabel, daysUntil } from "@/lib/format";
  18 | import type { Person, Proposition, Stance } from "@/db/schema";
  19 |

The export TYPE_LABEL was not found in module [project]/Dropbox (Maestral)/smarthumans.ai/src/lib/status.ts [app-client] (ecmascript).
Did you mean to import SUBTYPE_LABEL?
All exports of the module are statically known (It doesn't have dynamic exports). So it's known statically that the requested export doesn't exist.

Import traces:
  Server Component:
    ./Dropbox (Maestral)/smarthumans.ai/src/components/claim-card.tsx
    ./Dropbox (Maestral)/smarthumans.ai/src/app/page.tsx

  Client Component Browser:
    ./Dropbox (Maestral)/smarthumans.ai/src/components/claim-card.tsx [Client Component Browser]
    ./Dropbox (Maestral)/smarthumans.ai/src/components/ledger-sort-bar.tsx [Client Component Browser]
    ./Dropbox (Maestral)/smarthumans.ai/src/components/ledger-sort-bar.tsx [Server Component]
    ./Dropbox (Maestral)/smarthumans.ai/src/app/page.tsx [Server Component]

  Client Component SSR:
    ./Dropbox (Maestral)/smarthumans.ai/src/components/claim-card.tsx [Client Component SSR]
    ./Dropbox (Maestral)/smarthumans.ai/src/components/ledger-sort-bar.tsx [Client Component SSR]
    ./Dropbox (Maestral)/smarthumans.ai/src/components/ledger-sort-bar.tsx [Server Component]
    ./Dropbox (Maestral)/smarthumans.ai/src/app/page.tsx [Server Component] @ http://localhost:3000/_next/static/chunks/1l_l_next_dist_0sxpgfl._.js:1945
[ 7185523ms] [ERROR] ./Dropbox (Maestral)/smarthumans.ai/src/components/claim-card.tsx:16:1
Export TYPE_LABEL doesn't exist in target module
  14 | import { FollowButton } from "@/components/follow-button";
  15 | import { StanceButtons } from "@/components/stance-buttons";
> 16 | import { TYPE_LABEL, CATEGORY_LABEL } from "@/lib/status";
     | ^^^^^^^^^^^^^^^^^^^^^^^^^^^^^^^^^^^^^^^^^^^^^^^^^^^^^^^^^^
  17 | import { fmtDate, deadlineLabel, daysUntil } from "@/lib/format";
  18 | import type { Person, Proposition, Stance } from "@/db/schema";
  19 |

The export TYPE_LABEL was not found in module [project]/Dropbox (Maestral)/smarthumans.ai/src/lib/status.ts [app-rsc] (ecmascript).
Did you mean to import SUBTYPE_LABEL?
All exports of the module are statically known (It doesn't have dynamic exports). So it's known statically that the requested export doesn't exist.

Import traces:
  Server Component:
    ./Dropbox (Maestral)/smarthumans.ai/src/components/claim-card.tsx
    ./Dropbox (Maestral)/smarthumans.ai/src/app/page.tsx

  Client Component Browser:
    ./Dropbox (Maestral)/smarthumans.ai/src/components/claim-card.tsx [Client Component Browser]
    ./Dropbox (Maestral)/smarthumans.ai/src/components/ledger-sort-bar.tsx [Client Component Browser]
    ./Dropbox (Maestral)/smarthumans.ai/src/components/ledger-sort-bar.tsx [Server Component]
    ./Dropbox (Maestral)/smarthumans.ai/src/app/page.tsx [Server Component]

  Client Component SSR:
    ./Dropbox (Maestral)/smarthumans.ai/src/components/claim-card.tsx [Client Component SSR]
    ./Dropbox (Maestral)/smarthumans.ai/src/components/ledger-sort-bar.tsx [Client Component SSR]
    ./Dropbox (Maestral)/smarthumans.ai/src/components/ledger-sort-bar.tsx [Server Component]
    ./Dropbox (Maestral)/smarthumans.ai/src/app/page.tsx [Server Component] @ http://localhost:3000/_next/static/chunks/1l_l_next_dist_0sxpgfl._.js:1945
[ 7185523ms] [ERROR] ./Dropbox (Maestral)/smarthumans.ai/src/components/claim-card.tsx:16:1
Export TYPE_LABEL doesn't exist in target module
  14 | import { FollowButton } from "@/components/follow-button";
  15 | import { StanceButtons } from "@/components/stance-buttons";
> 16 | import { TYPE_LABEL, CATEGORY_LABEL } from "@/lib/status";
     | ^^^^^^^^^^^^^^^^^^^^^^^^^^^^^^^^^^^^^^^^^^^^^^^^^^^^^^^^^^
  17 | import { fmtDate, deadlineLabel, daysUntil } from "@/lib/format";
  18 | import type { Person, Proposition, Stance } from "@/db/schema";
  19 |

The export TYPE_LABEL was not found in module [project]/Dropbox (Maestral)/smarthumans.ai/src/lib/status.ts [app-ssr] (ecmascript).
Did you mean to import SUBTYPE_LABEL?
All exports of the module are statically known (It doesn't have dynamic exports). So it's known statically that the requested export doesn't exist.

Import traces:
  Server Component:
    ./Dropbox (Maestral)/smarthumans.ai/src/components/claim-card.tsx
    ./Dropbox (Maestral)/smarthumans.ai/src/app/page.tsx

  Client Component Browser:
    ./Dropbox (Maestral)/smarthumans.ai/src/components/claim-card.tsx [Client Component Browser]
    ./Dropbox (Maestral)/smarthumans.ai/src/components/ledger-sort-bar.tsx [Client Component Browser]
    ./Dropbox (Maestral)/smarthumans.ai/src/components/ledger-sort-bar.tsx [Server Component]
    ./Dropbox (Maestral)/smarthumans.ai/src/app/page.tsx [Server Component]

  Client Component SSR:
    ./Dropbox (Maestral)/smarthumans.ai/src/components/claim-card.tsx [Client Component SSR]
    ./Dropbox (Maestral)/smarthumans.ai/src/components/ledger-sort-bar.tsx [Client Component SSR]
    ./Dropbox (Maestral)/smarthumans.ai/src/components/ledger-sort-bar.tsx [Server Component]
    ./Dropbox (Maestral)/smarthumans.ai/src/app/page.tsx [Server Component] @ http://localhost:3000/_next/static/chunks/1l_l_next_dist_0sxpgfl._.js:1945
[ 7185523ms] [ERROR] ./Dropbox (Maestral)/smarthumans.ai/src/app/claims/[slug]/page.tsx:29:1
Export TYPE_LABEL doesn't exist in target module
  27 | import type { ClaimStatus, Stance } from "@/db/schema";
  28 | import { stanceOutcome, type StanceOutcome } from "@/lib/scoring";
> 29 | import { STATUS_META, TYPE_LABEL, CATEGORY_LABEL } from "@/lib/status";
     | ^^^^^^^^^^^^^^^^^^^^^^^^^^^^^^^^^^^^^^^^^^^^^^^^^^^^^^^^^^^^^^^^^^^^^^^
  30 | import { fmtCount, fmtDate, deadlineLabel } from "@/lib/format";
  31 | import { auth } from "@/lib/auth";
  32 | import { cn } from "@/lib/utils";

The export TYPE_LABEL was not found in module [project]/Dropbox (Maestral)/smarthumans.ai/src/lib/status.ts [app-rsc] (ecmascript).
Did you mean to import SUBTYPE_LABEL?
All exports of the module are statically known (It doesn't have dynamic exports). So it's known statically that the requested export doesn't exist. @ http://localhost:3000/_next/static/chunks/1l_l_next_dist_0sxpgfl._.js:1945
[ 7185524ms] [ERROR] ./Dropbox (Maestral)/smarthumans.ai/src/components/claim-card.tsx:16:1
Export TYPE_LABEL doesn't exist in target module
  14 | import { FollowButton } from "@/components/follow-button";
  15 | import { StanceButtons } from "@/components/stance-buttons";
> 16 | import { TYPE_LABEL, CATEGORY_LABEL } from "@/lib/status";
     | ^^^^^^^^^^^^^^^^^^^^^^^^^^^^^^^^^^^^^^^^^^^^^^^^^^^^^^^^^^
  17 | import { fmtDate, deadlineLabel, daysUntil } from "@/lib/format";
  18 | import type { Person, Proposition, Stance } from "@/db/schema";
  19 |

The export TYPE_LABEL was not found in module [project]/Dropbox (Maestral)/smarthumans.ai/src/lib/status.ts [app-client] (ecmascript).
Did you mean to import SUBTYPE_LABEL?
All exports of the module are statically known (It doesn't have dynamic exports). So it's known statically that the requested export doesn't exist.

Import traces:
  Client Component Browser:
    ./Dropbox (Maestral)/smarthumans.ai/src/components/claim-card.tsx [Client Component Browser]
    ./Dropbox (Maestral)/smarthumans.ai/src/components/ledger-sort-bar.tsx [Client Component Browser]
    ./Dropbox (Maestral)/smarthumans.ai/src/components/ledger-sort-bar.tsx [Server Component]
    ./Dropbox (Maestral)/smarthumans.ai/src/app/p/[slug]/page.tsx [Server Component]

  Client Component SSR:
    ./Dropbox (Maestral)/smarthumans.ai/src/components/claim-card.tsx [Client Component SSR]
    ./Dropbox (Maestral)/smarthumans.ai/src/components/ledger-sort-bar.tsx [Client Component SSR]
    ./Dropbox (Maestral)/smarthumans.ai/src/components/ledger-sort-bar.tsx [Server Component]
    ./Dropbox (Maestral)/smarthumans.ai/src/app/p/[slug]/page.tsx [Server Component] @ http://localhost:3000/_next/static/chunks/1l_l_next_dist_0sxpgfl._.js:1945
[ 7185524ms] [ERROR] ./Dropbox (Maestral)/smarthumans.ai/src/components/claim-card.tsx:16:1
Export TYPE_LABEL doesn't exist in target module
  14 | import { FollowButton } from "@/components/follow-button";
  15 | import { StanceButtons } from "@/components/stance-buttons";
> 16 | import { TYPE_LABEL, CATEGORY_LABEL } from "@/lib/status";
     | ^^^^^^^^^^^^^^^^^^^^^^^^^^^^^^^^^^^^^^^^^^^^^^^^^^^^^^^^^^
  17 | import { fmtDate, deadlineLabel, daysUntil } from "@/lib/format";
  18 | import type { Person, Proposition, Stance } from "@/db/schema";
  19 |

The export TYPE_LABEL was not found in module [project]/Dropbox (Maestral)/smarthumans.ai/src/lib/status.ts [app-ssr] (ecmascript).
Did you mean to import SUBTYPE_LABEL?
All exports of the module are statically known (It doesn't have dynamic exports). So it's known statically that the requested export doesn't exist.

Import traces:
  Client Component Browser:
    ./Dropbox (Maestral)/smarthumans.ai/src/components/claim-card.tsx [Client Component Browser]
    ./Dropbox (Maestral)/smarthumans.ai/src/components/ledger-sort-bar.tsx [Client Component Browser]
    ./Dropbox (Maestral)/smarthumans.ai/src/components/ledger-sort-bar.tsx [Server Component]
    ./Dropbox (Maestral)/smarthumans.ai/src/app/p/[slug]/page.tsx [Server Component]

  Client Component SSR:
    ./Dropbox (Maestral)/smarthumans.ai/src/components/claim-card.tsx [Client Component SSR]
    ./Dropbox (Maestral)/smarthumans.ai/src/components/ledger-sort-bar.tsx [Client Component SSR]
    ./Dropbox (Maestral)/smarthumans.ai/src/components/ledger-sort-bar.tsx [Server Component]
    ./Dropbox (Maestral)/smarthumans.ai/src/app/p/[slug]/page.tsx [Server Component] @ http://localhost:3000/_next/static/chunks/1l_l_next_dist_0sxpgfl._.js:1945
[ 7185524ms] [ERROR] ./Dropbox (Maestral)/smarthumans.ai/src/components/claim-card.tsx:16:1
Export TYPE_LABEL doesn't exist in target module
  14 | import { FollowButton } from "@/components/follow-button";
  15 | import { StanceButtons } from "@/components/stance-buttons";
> 16 | import { TYPE_LABEL, CATEGORY_LABEL } from "@/lib/status";
     | ^^^^^^^^^^^^^^^^^^^^^^^^^^^^^^^^^^^^^^^^^^^^^^^^^^^^^^^^^^
  17 | import { fmtDate, deadlineLabel, daysUntil } from "@/lib/format";
  18 | import type { Person, Proposition, Stance } from "@/db/schema";
  19 |

The export TYPE_LABEL was not found in module [project]/Dropbox (Maestral)/smarthumans.ai/src/lib/status.ts [app-client] (ecmascript).
Did you mean to import SUBTYPE_LABEL?
All exports of the module are statically known (It doesn't have dynamic exports). So it's known statically that the requested export doesn't exist.

Import traces:
  Client Component Browser:
    ./Dropbox (Maestral)/smarthumans.ai/src/components/claim-card.tsx [Client Component Browser]
    ./Dropbox (Maestral)/smarthumans.ai/src/components/ledger-sort-bar.tsx [Client Component Browser]
    ./Dropbox (Maestral)/smarthumans.ai/src/components/ledger-sort-bar.tsx [Server Component]
    ./Dropbox (Maestral)/smarthumans.ai/src/app/browse/[category]/page.tsx [Server Component]

  Client Component SSR:
    ./Dropbox (Maestral)/smarthumans.ai/src/components/claim-card.tsx [Client Component SSR]
    ./Dropbox (Maestral)/smarthumans.ai/src/components/ledger-sort-bar.tsx [Client Component SSR]
    ./Dropbox (Maestral)/smarthumans.ai/src/components/ledger-sort-bar.tsx [Server Component]
    ./Dropbox (Maestral)/smarthumans.ai/src/app/browse/[category]/page.tsx [Server Component] @ http://localhost:3000/_next/static/chunks/1l_l_next_dist_0sxpgfl._.js:1945
[ 7185524ms] [ERROR] ./Dropbox (Maestral)/smarthumans.ai/src/components/claim-card.tsx:16:1
Export TYPE_LABEL doesn't exist in target module
  14 | import { FollowButton } from "@/components/follow-button";
  15 | import { StanceButtons } from "@/components/stance-buttons";
> 16 | import { TYPE_LABEL, CATEGORY_LABEL } from "@/lib/status";
     | ^^^^^^^^^^^^^^^^^^^^^^^^^^^^^^^^^^^^^^^^^^^^^^^^^^^^^^^^^^
  17 | import { fmtDate, deadlineLabel, daysUntil } from "@/lib/format";
  18 | import type { Person, Proposition, Stance } from "@/db/schema";
  19 |

The export TYPE_LABEL was not found in module [project]/Dropbox (Maestral)/smarthumans.ai/src/lib/status.ts [app-ssr] (ecmascript).
Did you mean to import SUBTYPE_LABEL?
All exports of the module are statically known (It doesn't have dynamic exports). So it's known statically that the requested export doesn't exist.

Import traces:
  Client Component Browser:
    ./Dropbox (Maestral)/smarthumans.ai/src/components/claim-card.tsx [Client Component Browser]
    ./Dropbox (Maestral)/smarthumans.ai/src/components/ledger-sort-bar.tsx [Client Component Browser]
    ./Dropbox (Maestral)/smarthumans.ai/src/components/ledger-sort-bar.tsx [Server Component]
    ./Dropbox (Maestral)/smarthumans.ai/src/app/browse/[category]/page.tsx [Server Component]

  Client Component SSR:
    ./Dropbox (Maestral)/smarthumans.ai/src/components/claim-card.tsx [Client Component SSR]
    ./Dropbox (Maestral)/smarthumans.ai/src/components/ledger-sort-bar.tsx [Client Component SSR]
    ./Dropbox (Maestral)/smarthumans.ai/src/components/ledger-sort-bar.tsx [Server Component]
    ./Dropbox (Maestral)/smarthumans.ai/src/app/browse/[category]/page.tsx [Server Component] @ http://localhost:3000/_next/static/chunks/1l_l_next_dist_0sxpgfl._.js:1945
[ 7185524ms] [ERROR] ./Dropbox (Maestral)/smarthumans.ai/src/components/claim-card.tsx:16:1
Export TYPE_LABEL doesn't exist in target module
  14 | import { FollowButton } from "@/components/follow-button";
  15 | import { StanceButtons } from "@/components/stance-buttons";
> 16 | import { TYPE_LABEL, CATEGORY_LABEL } from "@/lib/status";
     | ^^^^^^^^^^^^^^^^^^^^^^^^^^^^^^^^^^^^^^^^^^^^^^^^^^^^^^^^^^
  17 | import { fmtDate, deadlineLabel, daysUntil } from "@/lib/format";
  18 | import type { Person, Proposition, Stance } from "@/db/schema";
  19 |

The export TYPE_LABEL was not found in module [project]/Dropbox (Maestral)/smarthumans.ai/src/lib/status.ts [app-client] (ecmascript).
Did you mean to import SUBTYPE_LABEL?
All exports of the module are statically known (It doesn't have dynamic exports). So it's known statically that the requested export doesn't exist.

Import traces:
  Client Component Browser:
    ./Dropbox (Maestral)/smarthumans.ai/src/components/claim-card.tsx [Client Component Browser]
    ./Dropbox (Maestral)/smarthumans.ai/src/components/ledger-sort-bar.tsx [Client Component Browser]
    ./Dropbox (Maestral)/smarthumans.ai/src/components/ledger-sort-bar.tsx [Server Component]
    ./Dropbox (Maestral)/smarthumans.ai/src/app/search/page.tsx [Server Component]

  Client Component SSR:
    ./Dropbox (Maestral)/smarthumans.ai/src/components/claim-card.tsx [Client Component SSR]
    ./Dropbox (Maestral)/smarthumans.ai/src/components/ledger-sort-bar.tsx [Client Component SSR]
    ./Dropbox (Maestral)/smarthumans.ai/src/components/ledger-sort-bar.tsx [Server Component]
    ./Dropbox (Maestral)/smarthumans.ai/src/app/search/page.tsx [Server Component] @ http://localhost:3000/_next/static/chunks/1l_l_next_dist_0sxpgfl._.js:1945
[ 7185524ms] [ERROR] ./Dropbox (Maestral)/smarthumans.ai/src/components/claim-card.tsx:16:1
Export TYPE_LABEL doesn't exist in target module
  14 | import { FollowButton } from "@/components/follow-button";
  15 | import { StanceButtons } from "@/components/stance-buttons";
> 16 | import { TYPE_LABEL, CATEGORY_LABEL } from "@/lib/status";
     | ^^^^^^^^^^^^^^^^^^^^^^^^^^^^^^^^^^^^^^^^^^^^^^^^^^^^^^^^^^
  17 | import { fmtDate, deadlineLabel, daysUntil } from "@/lib/format";
  18 | import type { Person, Proposition, Stance } from "@/db/schema";
  19 |

The export TYPE_LABEL was not found in module [project]/Dropbox (Maestral)/smarthumans.ai/src/lib/status.ts [app-ssr] (ecmascript).
Did you mean to import SUBTYPE_LABEL?
All exports of the module are statically known (It doesn't have dynamic exports). So it's known statically that the requested export doesn't exist.

Import traces:
  Client Component Browser:
    ./Dropbox (Maestral)/smarthumans.ai/src/components/claim-card.tsx [Client Component Browser]
    ./Dropbox (Maestral)/smarthumans.ai/src/components/ledger-sort-bar.tsx [Client Component Browser]
    ./Dropbox (Maestral)/smarthumans.ai/src/components/ledger-sort-bar.tsx [Server Component]
    ./Dropbox (Maestral)/smarthumans.ai/src/app/search/page.tsx [Server Component]

  Client Component SSR:
    ./Dropbox (Maestral)/smarthumans.ai/src/components/claim-card.tsx [Client Component SSR]
    ./Dropbox (Maestral)/smarthumans.ai/src/components/ledger-sort-bar.tsx [Client Component SSR]
    ./Dropbox (Maestral)/smarthumans.ai/src/components/ledger-sort-bar.tsx [Server Component]
    ./Dropbox (Maestral)/smarthumans.ai/src/app/search/page.tsx [Server Component] @ http://localhost:3000/_next/static/chunks/1l_l_next_dist_0sxpgfl._.js:1945
[ 7185524ms] [ERROR] ./Dropbox (Maestral)/smarthumans.ai/src/components/claim-card.tsx:16:1
Export TYPE_LABEL doesn't exist in target module
  14 | import { FollowButton } from "@/components/follow-button";
  15 | import { StanceButtons } from "@/components/stance-buttons";
> 16 | import { TYPE_LABEL, CATEGORY_LABEL } from "@/lib/status";
     | ^^^^^^^^^^^^^^^^^^^^^^^^^^^^^^^^^^^^^^^^^^^^^^^^^^^^^^^^^^
  17 | import { fmtDate, deadlineLabel, daysUntil } from "@/lib/format";
  18 | import type { Person, Proposition, Stance } from "@/db/schema";
  19 |

The export TYPE_LABEL was not found in module [project]/Dropbox (Maestral)/smarthumans.ai/src/lib/status.ts [app-rsc] (ecmascript).
Did you mean to import SUBTYPE_LABEL?
All exports of the module are statically known (It doesn't have dynamic exports). So it's known statically that the requested export doesn't exist.

Import trace:
  Server Component:
    ./Dropbox (Maestral)/smarthumans.ai/src/components/claim-card.tsx
    ./Dropbox (Maestral)/smarthumans.ai/src/app/resolving-soon/page.tsx @ http://localhost:3000/_next/static/chunks/1l_l_next_dist_0sxpgfl._.js:1945
[ 7185564ms] [ERROR] ./Dropbox (Maestral)/smarthumans.ai/src/components/claim-card.tsx:16:1
Export TYPE_LABEL doesn't exist in target module
  14 | import { FollowButton } from "@/components/follow-button";
  15 | import { StanceButtons } from "@/components/stance-buttons";
> 16 | import { TYPE_LABEL, CATEGORY_LABEL } from "@/lib/status";
     | ^^^^^^^^^^^^^^^^^^^^^^^^^^^^^^^^^^^^^^^^^^^^^^^^^^^^^^^^^^
  17 | import { fmtDate, deadlineLabel, daysUntil } from "@/lib/format";
  18 | import type { Person, Proposition, Stance } from "@/db/schema";
  19 |

The export TYPE_LABEL was not found in module [project]/Dropbox (Maestral)/smarthumans.ai/src/lib/status.ts [app-client] (ecmascript).
Did you mean to import SUBTYPE_LABEL?
All exports of the module are statically known (It doesn't have dynamic exports). So it's known statically that the requested export doesn't exist.

Import traces:
  Server Component:
    ./Dropbox (Maestral)/smarthumans.ai/src/components/claim-card.tsx
    ./Dropbox (Maestral)/smarthumans.ai/src/app/page.tsx

  Client Component Browser:
    ./Dropbox (Maestral)/smarthumans.ai/src/components/claim-card.tsx [Client Component Browser]
    ./Dropbox (Maestral)/smarthumans.ai/src/components/ledger-sort-bar.tsx [Client Component Browser]
    ./Dropbox (Maestral)/smarthumans.ai/src/components/ledger-sort-bar.tsx [Server Component]
    ./Dropbox (Maestral)/smarthumans.ai/src/app/page.tsx [Server Component]

  Client Component SSR:
    ./Dropbox (Maestral)/smarthumans.ai/src/components/claim-card.tsx [Client Component SSR]
    ./Dropbox (Maestral)/smarthumans.ai/src/components/ledger-sort-bar.tsx [Client Component SSR]
    ./Dropbox (Maestral)/smarthumans.ai/src/components/ledger-sort-bar.tsx [Server Component]
    ./Dropbox (Maestral)/smarthumans.ai/src/app/page.tsx [Server Component] @ http://localhost:3000/_next/static/chunks/1l_l_next_dist_0sxpgfl._.js:1945
[ 7185564ms] [ERROR] ./Dropbox (Maestral)/smarthumans.ai/src/components/claim-card.tsx:16:1
Export TYPE_LABEL doesn't exist in target module
  14 | import { FollowButton } from "@/components/follow-button";
  15 | import { StanceButtons } from "@/components/stance-buttons";
> 16 | import { TYPE_LABEL, CATEGORY_LABEL } from "@/lib/status";
     | ^^^^^^^^^^^^^^^^^^^^^^^^^^^^^^^^^^^^^^^^^^^^^^^^^^^^^^^^^^
  17 | import { fmtDate, deadlineLabel, daysUntil } from "@/lib/format";
  18 | import type { Person, Proposition, Stance } from "@/db/schema";
  19 |

The export TYPE_LABEL was not found in module [project]/Dropbox (Maestral)/smarthumans.ai/src/lib/status.ts [app-rsc] (ecmascript).
Did you mean to import SUBTYPE_LABEL?
All exports of the module are statically known (It doesn't have dynamic exports). So it's known statically that the requested export doesn't exist.

Import traces:
  Server Component:
    ./Dropbox (Maestral)/smarthumans.ai/src/components/claim-card.tsx
    ./Dropbox (Maestral)/smarthumans.ai/src/app/page.tsx

  Client Component Browser:
    ./Dropbox (Maestral)/smarthumans.ai/src/components/claim-card.tsx [Client Component Browser]
    ./Dropbox (Maestral)/smarthumans.ai/src/components/ledger-sort-bar.tsx [Client Component Browser]
    ./Dropbox (Maestral)/smarthumans.ai/src/components/ledger-sort-bar.tsx [Server Component]
    ./Dropbox (Maestral)/smarthumans.ai/src/app/page.tsx [Server Component]

  Client Component SSR:
    ./Dropbox (Maestral)/smarthumans.ai/src/components/claim-card.tsx [Client Component SSR]
    ./Dropbox (Maestral)/smarthumans.ai/src/components/ledger-sort-bar.tsx [Client Component SSR]
    ./Dropbox (Maestral)/smarthumans.ai/src/components/ledger-sort-bar.tsx [Server Component]
    ./Dropbox (Maestral)/smarthumans.ai/src/app/page.tsx [Server Component] @ http://localhost:3000/_next/static/chunks/1l_l_next_dist_0sxpgfl._.js:1945
[ 7185564ms] [ERROR] ./Dropbox (Maestral)/smarthumans.ai/src/components/claim-card.tsx:16:1
Export TYPE_LABEL doesn't exist in target module
  14 | import { FollowButton } from "@/components/follow-button";
  15 | import { StanceButtons } from "@/components/stance-buttons";
> 16 | import { TYPE_LABEL, CATEGORY_LABEL } from "@/lib/status";
     | ^^^^^^^^^^^^^^^^^^^^^^^^^^^^^^^^^^^^^^^^^^^^^^^^^^^^^^^^^^
  17 | import { fmtDate, deadlineLabel, daysUntil } from "@/lib/format";
  18 | import type { Person, Proposition, Stance } from "@/db/schema";
  19 |

The export TYPE_LABEL was not found in module [project]/Dropbox (Maestral)/smarthumans.ai/src/lib/status.ts [app-ssr] (ecmascript).
Did you mean to import SUBTYPE_LABEL?
All exports of the module are statically known (It doesn't have dynamic exports). So it's known statically that the requested export doesn't exist.

Import traces:
  Server Component:
    ./Dropbox (Maestral)/smarthumans.ai/src/components/claim-card.tsx
    ./Dropbox (Maestral)/smarthumans.ai/src/app/page.tsx

  Client Component Browser:
    ./Dropbox (Maestral)/smarthumans.ai/src/components/claim-card.tsx [Client Component Browser]
    ./Dropbox (Maestral)/smarthumans.ai/src/components/ledger-sort-bar.tsx [Client Component Browser]
    ./Dropbox (Maestral)/smarthumans.ai/src/components/ledger-sort-bar.tsx [Server Component]
    ./Dropbox (Maestral)/smarthumans.ai/src/app/page.tsx [Server Component]

  Client Component SSR:
    ./Dropbox (Maestral)/smarthumans.ai/src/components/claim-card.tsx [Client Component SSR]
    ./Dropbox (Maestral)/smarthumans.ai/src/components/ledger-sort-bar.tsx [Client Component SSR]
    ./Dropbox (Maestral)/smarthumans.ai/src/components/ledger-sort-bar.tsx [Server Component]
    ./Dropbox (Maestral)/smarthumans.ai/src/app/page.tsx [Server Component] @ http://localhost:3000/_next/static/chunks/1l_l_next_dist_0sxpgfl._.js:1945
[ 7185564ms] [ERROR] ./Dropbox (Maestral)/smarthumans.ai/src/app/claims/[slug]/page.tsx:29:1
Export TYPE_LABEL doesn't exist in target module
  27 | import type { ClaimStatus, Stance } from "@/db/schema";
  28 | import { stanceOutcome, type StanceOutcome } from "@/lib/scoring";
> 29 | import { STATUS_META, TYPE_LABEL, CATEGORY_LABEL } from "@/lib/status";
     | ^^^^^^^^^^^^^^^^^^^^^^^^^^^^^^^^^^^^^^^^^^^^^^^^^^^^^^^^^^^^^^^^^^^^^^^
  30 | import { fmtCount, fmtDate, deadlineLabel } from "@/lib/format";
  31 | import { auth } from "@/lib/auth";
  32 | import { cn } from "@/lib/utils";

The export TYPE_LABEL was not found in module [project]/Dropbox (Maestral)/smarthumans.ai/src/lib/status.ts [app-rsc] (ecmascript).
Did you mean to import SUBTYPE_LABEL?
All exports of the module are statically known (It doesn't have dynamic exports). So it's known statically that the requested export doesn't exist. @ http://localhost:3000/_next/static/chunks/1l_l_next_dist_0sxpgfl._.js:1945
[ 7185631ms] [ERROR] ./Dropbox (Maestral)/smarthumans.ai/src/components/claim-card.tsx:16:1
Export TYPE_LABEL doesn't exist in target module
  14 | import { FollowButton } from "@/components/follow-button";
  15 | import { StanceButtons } from "@/components/stance-buttons";
> 16 | import { TYPE_LABEL, CATEGORY_LABEL } from "@/lib/status";
     | ^^^^^^^^^^^^^^^^^^^^^^^^^^^^^^^^^^^^^^^^^^^^^^^^^^^^^^^^^^
  17 | import { fmtDate, deadlineLabel, daysUntil } from "@/lib/format";
  18 | import type { Person, Proposition, Stance } from "@/db/schema";
  19 |

The export TYPE_LABEL was not found in module [project]/Dropbox (Maestral)/smarthumans.ai/src/lib/status.ts [app-client] (ecmascript).
Did you mean to import SUBTYPE_LABEL?
All exports of the module are statically known (It doesn't have dynamic exports). So it's known statically that the requested export doesn't exist.

Import traces:
  Server Component:
    ./Dropbox (Maestral)/smarthumans.ai/src/components/claim-card.tsx
    ./Dropbox (Maestral)/smarthumans.ai/src/app/page.tsx

  Client Component Browser:
    ./Dropbox (Maestral)/smarthumans.ai/src/components/claim-card.tsx [Client Component Browser]
    ./Dropbox (Maestral)/smarthumans.ai/src/components/ledger-sort-bar.tsx [Client Component Browser]
    ./Dropbox (Maestral)/smarthumans.ai/src/components/ledger-sort-bar.tsx [Server Component]
    ./Dropbox (Maestral)/smarthumans.ai/src/app/page.tsx [Server Component]

  Client Component SSR:
    ./Dropbox (Maestral)/smarthumans.ai/src/components/claim-card.tsx [Client Component SSR]
    ./Dropbox (Maestral)/smarthumans.ai/src/components/ledger-sort-bar.tsx [Client Component SSR]
    ./Dropbox (Maestral)/smarthumans.ai/src/components/ledger-sort-bar.tsx [Server Component]
    ./Dropbox (Maestral)/smarthumans.ai/src/app/page.tsx [Server Component] @ http://localhost:3000/_next/static/chunks/1l_l_next_dist_0sxpgfl._.js:1945
[ 7185631ms] [ERROR] ./Dropbox (Maestral)/smarthumans.ai/src/components/claim-card.tsx:16:1
Export TYPE_LABEL doesn't exist in target module
  14 | import { FollowButton } from "@/components/follow-button";
  15 | import { StanceButtons } from "@/components/stance-buttons";
> 16 | import { TYPE_LABEL, CATEGORY_LABEL } from "@/lib/status";
     | ^^^^^^^^^^^^^^^^^^^^^^^^^^^^^^^^^^^^^^^^^^^^^^^^^^^^^^^^^^
  17 | import { fmtDate, deadlineLabel, daysUntil } from "@/lib/format";
  18 | import type { Person, Proposition, Stance } from "@/db/schema";
  19 |

The export TYPE_LABEL was not found in module [project]/Dropbox (Maestral)/smarthumans.ai/src/lib/status.ts [app-rsc] (ecmascript).
Did you mean to import SUBTYPE_LABEL?
All exports of the module are statically known (It doesn't have dynamic exports). So it's known statically that the requested export doesn't exist.

Import traces:
  Server Component:
    ./Dropbox (Maestral)/smarthumans.ai/src/components/claim-card.tsx
    ./Dropbox (Maestral)/smarthumans.ai/src/app/page.tsx

  Client Component Browser:
    ./Dropbox (Maestral)/smarthumans.ai/src/components/claim-card.tsx [Client Component Browser]
    ./Dropbox (Maestral)/smarthumans.ai/src/components/ledger-sort-bar.tsx [Client Component Browser]
    ./Dropbox (Maestral)/smarthumans.ai/src/components/ledger-sort-bar.tsx [Server Component]
    ./Dropbox (Maestral)/smarthumans.ai/src/app/page.tsx [Server Component]

  Client Component SSR:
    ./Dropbox (Maestral)/smarthumans.ai/src/components/claim-card.tsx [Client Component SSR]
    ./Dropbox (Maestral)/smarthumans.ai/src/components/ledger-sort-bar.tsx [Client Component SSR]
    ./Dropbox (Maestral)/smarthumans.ai/src/components/ledger-sort-bar.tsx [Server Component]
    ./Dropbox (Maestral)/smarthumans.ai/src/app/page.tsx [Server Component] @ http://localhost:3000/_next/static/chunks/1l_l_next_dist_0sxpgfl._.js:1945
[ 7185631ms] [ERROR] ./Dropbox (Maestral)/smarthumans.ai/src/components/claim-card.tsx:16:1
Export TYPE_LABEL doesn't exist in target module
  14 | import { FollowButton } from "@/components/follow-button";
  15 | import { StanceButtons } from "@/components/stance-buttons";
> 16 | import { TYPE_LABEL, CATEGORY_LABEL } from "@/lib/status";
     | ^^^^^^^^^^^^^^^^^^^^^^^^^^^^^^^^^^^^^^^^^^^^^^^^^^^^^^^^^^
  17 | import { fmtDate, deadlineLabel, daysUntil } from "@/lib/format";
  18 | import type { Person, Proposition, Stance } from "@/db/schema";
  19 |

The export TYPE_LABEL was not found in module [project]/Dropbox (Maestral)/smarthumans.ai/src/lib/status.ts [app-ssr] (ecmascript).
Did you mean to import SUBTYPE_LABEL?
All exports of the module are statically known (It doesn't have dynamic exports). So it's known statically that the requested export doesn't exist.

Import traces:
  Server Component:
    ./Dropbox (Maestral)/smarthumans.ai/src/components/claim-card.tsx
    ./Dropbox (Maestral)/smarthumans.ai/src/app/page.tsx

  Client Component Browser:
    ./Dropbox (Maestral)/smarthumans.ai/src/components/claim-card.tsx [Client Component Browser]
    ./Dropbox (Maestral)/smarthumans.ai/src/components/ledger-sort-bar.tsx [Client Component Browser]
    ./Dropbox (Maestral)/smarthumans.ai/src/components/ledger-sort-bar.tsx [Server Component]
    ./Dropbox (Maestral)/smarthumans.ai/src/app/page.tsx [Server Component]

  Client Component SSR:
    ./Dropbox (Maestral)/smarthumans.ai/src/components/claim-card.tsx [Client Component SSR]
    ./Dropbox (Maestral)/smarthumans.ai/src/components/ledger-sort-bar.tsx [Client Component SSR]
    ./Dropbox (Maestral)/smarthumans.ai/src/components/ledger-sort-bar.tsx [Server Component]
    ./Dropbox (Maestral)/smarthumans.ai/src/app/page.tsx [Server Component] @ http://localhost:3000/_next/static/chunks/1l_l_next_dist_0sxpgfl._.js:1945
[ 7185631ms] [ERROR] ./Dropbox (Maestral)/smarthumans.ai/src/app/claims/[slug]/page.tsx:29:1
Export TYPE_LABEL doesn't exist in target module
  27 | import type { ClaimStatus, Stance } from "@/db/schema";
  28 | import { stanceOutcome, type StanceOutcome } from "@/lib/scoring";
> 29 | import { STATUS_META, TYPE_LABEL, CATEGORY_LABEL } from "@/lib/status";
     | ^^^^^^^^^^^^^^^^^^^^^^^^^^^^^^^^^^^^^^^^^^^^^^^^^^^^^^^^^^^^^^^^^^^^^^^
  30 | import { fmtCount, fmtDate, deadlineLabel } from "@/lib/format";
  31 | import { auth } from "@/lib/auth";
  32 | import { cn } from "@/lib/utils";

The export TYPE_LABEL was not found in module [project]/Dropbox (Maestral)/smarthumans.ai/src/lib/status.ts [app-rsc] (ecmascript).
Did you mean to import SUBTYPE_LABEL?
All exports of the module are statically known (It doesn't have dynamic exports). So it's known statically that the requested export doesn't exist. @ http://localhost:3000/_next/static/chunks/1l_l_next_dist_0sxpgfl._.js:1945
[ 7185696ms] [LOG] [Fast Refresh] rebuilding @ http://localhost:3000/_next/static/chunks/1l_l_next_dist_0sxpgfl._.js:1226
[ 7187188ms] [ERROR] ./Dropbox (Maestral)/smarthumans.ai/src/components/claim-card.tsx:16:1
Export TYPE_LABEL doesn't exist in target module
  14 | import { FollowButton } from "@/components/follow-button";
  15 | import { StanceButtons } from "@/components/stance-buttons";
> 16 | import { TYPE_LABEL, CATEGORY_LABEL } from "@/lib/status";
     | ^^^^^^^^^^^^^^^^^^^^^^^^^^^^^^^^^^^^^^^^^^^^^^^^^^^^^^^^^^
  17 | import { fmtDate, deadlineLabel, daysUntil } from "@/lib/format";
  18 | import type { Person, Proposition, Stance } from "@/db/schema";
  19 |

The export TYPE_LABEL was not found in module [project]/Dropbox (Maestral)/smarthumans.ai/src/lib/status.ts [app-client] (ecmascript).
Did you mean to import SUBTYPE_LABEL?
All exports of the module are statically known (It doesn't have dynamic exports). So it's known statically that the requested export doesn't exist.

Import traces:
  Server Component:
    ./Dropbox (Maestral)/smarthumans.ai/src/components/claim-card.tsx
    ./Dropbox (Maestral)/smarthumans.ai/src/app/page.tsx

  Client Component Browser:
    ./Dropbox (Maestral)/smarthumans.ai/src/components/claim-card.tsx [Client Component Browser]
    ./Dropbox (Maestral)/smarthumans.ai/src/components/ledger-sort-bar.tsx [Client Component Browser]
    ./Dropbox (Maestral)/smarthumans.ai/src/components/ledger-sort-bar.tsx [Server Component]
    ./Dropbox (Maestral)/smarthumans.ai/src/app/page.tsx [Server Component]

  Client Component SSR:
    ./Dropbox (Maestral)/smarthumans.ai/src/components/claim-card.tsx [Client Component SSR]
    ./Dropbox (Maestral)/smarthumans.ai/src/components/ledger-sort-bar.tsx [Client Component SSR]
    ./Dropbox (Maestral)/smarthumans.ai/src/components/ledger-sort-bar.tsx [Server Component]
    ./Dropbox (Maestral)/smarthumans.ai/src/app/page.tsx [Server Component] @ http://localhost:3000/_next/static/chunks/1l_l_next_dist_0sxpgfl._.js:1945
[ 7187189ms] [ERROR] ./Dropbox (Maestral)/smarthumans.ai/src/components/claim-card.tsx:16:1
Export TYPE_LABEL doesn't exist in target module
  14 | import { FollowButton } from "@/components/follow-button";
  15 | import { StanceButtons } from "@/components/stance-buttons";
> 16 | import { TYPE_LABEL, CATEGORY_LABEL } from "@/lib/status";
     | ^^^^^^^^^^^^^^^^^^^^^^^^^^^^^^^^^^^^^^^^^^^^^^^^^^^^^^^^^^
  17 | import { fmtDate, deadlineLabel, daysUntil } from "@/lib/format";
  18 | import type { Person, Proposition, Stance } from "@/db/schema";
  19 |

The export TYPE_LABEL was not found in module [project]/Dropbox (Maestral)/smarthumans.ai/src/lib/status.ts [app-rsc] (ecmascript).
Did you mean to import SUBTYPE_LABEL?
All exports of the module are statically known (It doesn't have dynamic exports). So it's known statically that the requested export doesn't exist.

Import traces:
  Server Component:
    ./Dropbox (Maestral)/smarthumans.ai/src/components/claim-card.tsx
    ./Dropbox (Maestral)/smarthumans.ai/src/app/page.tsx

  Client Component Browser:
    ./Dropbox (Maestral)/smarthumans.ai/src/components/claim-card.tsx [Client Component Browser]
    ./Dropbox (Maestral)/smarthumans.ai/src/components/ledger-sort-bar.tsx [Client Component Browser]
    ./Dropbox (Maestral)/smarthumans.ai/src/components/ledger-sort-bar.tsx [Server Component]
    ./Dropbox (Maestral)/smarthumans.ai/src/app/page.tsx [Server Component]

  Client Component SSR:
    ./Dropbox (Maestral)/smarthumans.ai/src/components/claim-card.tsx [Client Component SSR]
    ./Dropbox (Maestral)/smarthumans.ai/src/components/ledger-sort-bar.tsx [Client Component SSR]
    ./Dropbox (Maestral)/smarthumans.ai/src/components/ledger-sort-bar.tsx [Server Component]
    ./Dropbox (Maestral)/smarthumans.ai/src/app/page.tsx [Server Component] @ http://localhost:3000/_next/static/chunks/1l_l_next_dist_0sxpgfl._.js:1945
[ 7187189ms] [ERROR] ./Dropbox (Maestral)/smarthumans.ai/src/components/claim-card.tsx:16:1
Export TYPE_LABEL doesn't exist in target module
  14 | import { FollowButton } from "@/components/follow-button";
  15 | import { StanceButtons } from "@/components/stance-buttons";
> 16 | import { TYPE_LABEL, CATEGORY_LABEL } from "@/lib/status";
     | ^^^^^^^^^^^^^^^^^^^^^^^^^^^^^^^^^^^^^^^^^^^^^^^^^^^^^^^^^^
  17 | import { fmtDate, deadlineLabel, daysUntil } from "@/lib/format";
  18 | import type { Person, Proposition, Stance } from "@/db/schema";
  19 |

The export TYPE_LABEL was not found in module [project]/Dropbox (Maestral)/smarthumans.ai/src/lib/status.ts [app-ssr] (ecmascript).
Did you mean to import SUBTYPE_LABEL?
All exports of the module are statically known (It doesn't have dynamic exports). So it's known statically that the requested export doesn't exist.

Import traces:
  Server Component:
    ./Dropbox (Maestral)/smarthumans.ai/src/components/claim-card.tsx
    ./Dropbox (Maestral)/smarthumans.ai/src/app/page.tsx

  Client Component Browser:
    ./Dropbox (Maestral)/smarthumans.ai/src/components/claim-card.tsx [Client Component Browser]
    ./Dropbox (Maestral)/smarthumans.ai/src/components/ledger-sort-bar.tsx [Client Component Browser]
    ./Dropbox (Maestral)/smarthumans.ai/src/components/ledger-sort-bar.tsx [Server Component]
    ./Dropbox (Maestral)/smarthumans.ai/src/app/page.tsx [Server Component]

  Client Component SSR:
    ./Dropbox (Maestral)/smarthumans.ai/src/components/claim-card.tsx [Client Component SSR]
    ./Dropbox (Maestral)/smarthumans.ai/src/components/ledger-sort-bar.tsx [Client Component SSR]
    ./Dropbox (Maestral)/smarthumans.ai/src/components/ledger-sort-bar.tsx [Server Component]
    ./Dropbox (Maestral)/smarthumans.ai/src/app/page.tsx [Server Component] @ http://localhost:3000/_next/static/chunks/1l_l_next_dist_0sxpgfl._.js:1945
[ 7187189ms] [ERROR] ./Dropbox (Maestral)/smarthumans.ai/src/app/claims/[slug]/page.tsx:29:1
Export TYPE_LABEL doesn't exist in target module
  27 | import type { ClaimStatus, Stance } from "@/db/schema";
  28 | import { stanceOutcome, type StanceOutcome } from "@/lib/scoring";
> 29 | import { STATUS_META, TYPE_LABEL, CATEGORY_LABEL } from "@/lib/status";
     | ^^^^^^^^^^^^^^^^^^^^^^^^^^^^^^^^^^^^^^^^^^^^^^^^^^^^^^^^^^^^^^^^^^^^^^^
  30 | import { fmtCount, fmtDate, deadlineLabel } from "@/lib/format";
  31 | import { auth } from "@/lib/auth";
  32 | import { cn } from "@/lib/utils";

The export TYPE_LABEL was not found in module [project]/Dropbox (Maestral)/smarthumans.ai/src/lib/status.ts [app-rsc] (ecmascript).
Did you mean to import SUBTYPE_LABEL?
All exports of the module are statically known (It doesn't have dynamic exports). So it's known statically that the requested export doesn't exist. @ http://localhost:3000/_next/static/chunks/1l_l_next_dist_0sxpgfl._.js:1945
[ 7187225ms] [LOG] [Fast Refresh] rebuilding @ http://localhost:3000/_next/static/chunks/1l_l_next_dist_0sxpgfl._.js:1226
[ 7193881ms] [ERROR] ./Dropbox (Maestral)/smarthumans.ai/src/components/claim-card.tsx:16:1
Export TYPE_LABEL doesn't exist in target module
  14 | import { FollowButton } from "@/components/follow-button";
  15 | import { StanceButtons } from "@/components/stance-buttons";
> 16 | import { TYPE_LABEL, CATEGORY_LABEL } from "@/lib/status";
     | ^^^^^^^^^^^^^^^^^^^^^^^^^^^^^^^^^^^^^^^^^^^^^^^^^^^^^^^^^^
  17 | import { fmtDate, deadlineLabel, daysUntil } from "@/lib/format";
  18 | import type { Person, Proposition, Stance } from "@/db/schema";
  19 |

The export TYPE_LABEL was not found in module [project]/Dropbox (Maestral)/smarthumans.ai/src/lib/status.ts [app-client] (ecmascript).
Did you mean to import SUBTYPE_LABEL?
All exports of the module are statically known (It doesn't have dynamic exports). So it's known statically that the requested export doesn't exist.

Import traces:
  Server Component:
    ./Dropbox (Maestral)/smarthumans.ai/src/components/claim-card.tsx
    ./Dropbox (Maestral)/smarthumans.ai/src/app/page.tsx

  Client Component Browser:
    ./Dropbox (Maestral)/smarthumans.ai/src/components/claim-card.tsx [Client Component Browser]
    ./Dropbox (Maestral)/smarthumans.ai/src/components/ledger-sort-bar.tsx [Client Component Browser]
    ./Dropbox (Maestral)/smarthumans.ai/src/components/ledger-sort-bar.tsx [Server Component]
    ./Dropbox (Maestral)/smarthumans.ai/src/app/page.tsx [Server Component]

  Client Component SSR:
    ./Dropbox (Maestral)/smarthumans.ai/src/components/claim-card.tsx [Client Component SSR]
    ./Dropbox (Maestral)/smarthumans.ai/src/components/ledger-sort-bar.tsx [Client Component SSR]
    ./Dropbox (Maestral)/smarthumans.ai/src/components/ledger-sort-bar.tsx [Server Component]
    ./Dropbox (Maestral)/smarthumans.ai/src/app/page.tsx [Server Component] @ http://localhost:3000/_next/static/chunks/1l_l_next_dist_0sxpgfl._.js:1945
[ 7193881ms] [ERROR] ./Dropbox (Maestral)/smarthumans.ai/src/components/claim-card.tsx:16:1
Export TYPE_LABEL doesn't exist in target module
  14 | import { FollowButton } from "@/components/follow-button";
  15 | import { StanceButtons } from "@/components/stance-buttons";
> 16 | import { TYPE_LABEL, CATEGORY_LABEL } from "@/lib/status";
     | ^^^^^^^^^^^^^^^^^^^^^^^^^^^^^^^^^^^^^^^^^^^^^^^^^^^^^^^^^^
  17 | import { fmtDate, deadlineLabel, daysUntil } from "@/lib/format";
  18 | import type { Person, Proposition, Stance } from "@/db/schema";
  19 |

The export TYPE_LABEL was not found in module [project]/Dropbox (Maestral)/smarthumans.ai/src/lib/status.ts [app-rsc] (ecmascript).
Did you mean to import SUBTYPE_LABEL?
All exports of the module are statically known (It doesn't have dynamic exports). So it's known statically that the requested export doesn't exist.

Import traces:
  Server Component:
    ./Dropbox (Maestral)/smarthumans.ai/src/components/claim-card.tsx
    ./Dropbox (Maestral)/smarthumans.ai/src/app/page.tsx

  Client Component Browser:
    ./Dropbox (Maestral)/smarthumans.ai/src/components/claim-card.tsx [Client Component Browser]
    ./Dropbox (Maestral)/smarthumans.ai/src/components/ledger-sort-bar.tsx [Client Component Browser]
    ./Dropbox (Maestral)/smarthumans.ai/src/components/ledger-sort-bar.tsx [Server Component]
    ./Dropbox (Maestral)/smarthumans.ai/src/app/page.tsx [Server Component]

  Client Component SSR:
    ./Dropbox (Maestral)/smarthumans.ai/src/components/claim-card.tsx [Client Component SSR]
    ./Dropbox (Maestral)/smarthumans.ai/src/components/ledger-sort-bar.tsx [Client Component SSR]
    ./Dropbox (Maestral)/smarthumans.ai/src/components/ledger-sort-bar.tsx [Server Component]
    ./Dropbox (Maestral)/smarthumans.ai/src/app/page.tsx [Server Component] @ http://localhost:3000/_next/static/chunks/1l_l_next_dist_0sxpgfl._.js:1945
[ 7193881ms] [ERROR] ./Dropbox (Maestral)/smarthumans.ai/src/components/claim-card.tsx:16:1
Export TYPE_LABEL doesn't exist in target module
  14 | import { FollowButton } from "@/components/follow-button";
  15 | import { StanceButtons } from "@/components/stance-buttons";
> 16 | import { TYPE_LABEL, CATEGORY_LABEL } from "@/lib/status";
     | ^^^^^^^^^^^^^^^^^^^^^^^^^^^^^^^^^^^^^^^^^^^^^^^^^^^^^^^^^^
  17 | import { fmtDate, deadlineLabel, daysUntil } from "@/lib/format";
  18 | import type { Person, Proposition, Stance } from "@/db/schema";
  19 |

The export TYPE_LABEL was not found in module [project]/Dropbox (Maestral)/smarthumans.ai/src/lib/status.ts [app-ssr] (ecmascript).
Did you mean to import SUBTYPE_LABEL?
All exports of the module are statically known (It doesn't have dynamic exports). So it's known statically that the requested export doesn't exist.

Import traces:
  Server Component:
    ./Dropbox (Maestral)/smarthumans.ai/src/components/claim-card.tsx
    ./Dropbox (Maestral)/smarthumans.ai/src/app/page.tsx

  Client Component Browser:
    ./Dropbox (Maestral)/smarthumans.ai/src/components/claim-card.tsx [Client Component Browser]
    ./Dropbox (Maestral)/smarthumans.ai/src/components/ledger-sort-bar.tsx [Client Component Browser]
    ./Dropbox (Maestral)/smarthumans.ai/src/components/ledger-sort-bar.tsx [Server Component]
    ./Dropbox (Maestral)/smarthumans.ai/src/app/page.tsx [Server Component]

  Client Component SSR:
    ./Dropbox (Maestral)/smarthumans.ai/src/components/claim-card.tsx [Client Component SSR]
    ./Dropbox (Maestral)/smarthumans.ai/src/components/ledger-sort-bar.tsx [Client Component SSR]
    ./Dropbox (Maestral)/smarthumans.ai/src/components/ledger-sort-bar.tsx [Server Component]
    ./Dropbox (Maestral)/smarthumans.ai/src/app/page.tsx [Server Component] @ http://localhost:3000/_next/static/chunks/1l_l_next_dist_0sxpgfl._.js:1945
[ 7193881ms] [ERROR] ./Dropbox (Maestral)/smarthumans.ai/src/app/claims/[slug]/page.tsx:29:1
Export TYPE_LABEL doesn't exist in target module
  27 | import type { ClaimStatus, Stance } from "@/db/schema";
  28 | import { stanceOutcome, type StanceOutcome } from "@/lib/scoring";
> 29 | import { STATUS_META, TYPE_LABEL, CATEGORY_LABEL } from "@/lib/status";
     | ^^^^^^^^^^^^^^^^^^^^^^^^^^^^^^^^^^^^^^^^^^^^^^^^^^^^^^^^^^^^^^^^^^^^^^^
  30 | import { fmtCount, fmtDate, deadlineLabel } from "@/lib/format";
  31 | import { auth } from "@/lib/auth";
  32 | import { cn } from "@/lib/utils";

The export TYPE_LABEL was not found in module [project]/Dropbox (Maestral)/smarthumans.ai/src/lib/status.ts [app-rsc] (ecmascript).
Did you mean to import SUBTYPE_LABEL?
All exports of the module are statically known (It doesn't have dynamic exports). So it's known statically that the requested export doesn't exist. @ http://localhost:3000/_next/static/chunks/1l_l_next_dist_0sxpgfl._.js:1945
[ 7193923ms] [LOG] [Fast Refresh] rebuilding @ http://localhost:3000/_next/static/chunks/1l_l_next_dist_0sxpgfl._.js:1226
[ 7202804ms] [ERROR] ./Dropbox (Maestral)/smarthumans.ai/src/app/claims/[slug]/page.tsx:29:1
Export TYPE_LABEL doesn't exist in target module
  27 | import type { ClaimStatus, Stance } from "@/db/schema";
  28 | import { stanceOutcome, type StanceOutcome } from "@/lib/scoring";
> 29 | import { STATUS_META, TYPE_LABEL, CATEGORY_LABEL } from "@/lib/status";
     | ^^^^^^^^^^^^^^^^^^^^^^^^^^^^^^^^^^^^^^^^^^^^^^^^^^^^^^^^^^^^^^^^^^^^^^^
  30 | import { fmtCount, fmtDate, deadlineLabel } from "@/lib/format";
  31 | import { auth } from "@/lib/auth";
  32 | import { cn } from "@/lib/utils";

The export TYPE_LABEL was not found in module [project]/Dropbox (Maestral)/smarthumans.ai/src/lib/status.ts [app-rsc] (ecmascript).
Did you mean to import SUBTYPE_LABEL?
All exports of the module are statically known (It doesn't have dynamic exports). So it's known statically that the requested export doesn't exist. @ http://localhost:3000/_next/static/chunks/1l_l_next_dist_0sxpgfl._.js:1945
[ 7202809ms] [LOG] [Fast Refresh] rebuilding @ http://localhost:3000/_next/static/chunks/1l_l_next_dist_0sxpgfl._.js:1226
[ 7206285ms] [ERROR] ./Dropbox (Maestral)/smarthumans.ai/src/app/claims/[slug]/page.tsx:29:1
Export TYPE_LABEL doesn't exist in target module
  27 | import type { ClaimStatus, Stance } from "@/db/schema";
  28 | import { stanceOutcome, type StanceOutcome } from "@/lib/scoring";
> 29 | import { STATUS_META, TYPE_LABEL, CATEGORY_LABEL } from "@/lib/status";
     | ^^^^^^^^^^^^^^^^^^^^^^^^^^^^^^^^^^^^^^^^^^^^^^^^^^^^^^^^^^^^^^^^^^^^^^^
  30 | import { fmtCount, fmtDate, deadlineLabel } from "@/lib/format";
  31 | import { auth } from "@/lib/auth";
  32 | import { cn } from "@/lib/utils";

The export TYPE_LABEL was not found in module [project]/Dropbox (Maestral)/smarthumans.ai/src/lib/status.ts [app-rsc] (ecmascript).
Did you mean to import SUBTYPE_LABEL?
All exports of the module are statically known (It doesn't have dynamic exports). So it's known statically that the requested export doesn't exist. @ http://localhost:3000/_next/static/chunks/1l_l_next_dist_0sxpgfl._.js:1945
[ 7206308ms] [LOG] [Fast Refresh] rebuilding @ http://localhost:3000/_next/static/chunks/1l_l_next_dist_0sxpgfl._.js:1226
[ 7215179ms] [LOG] [Fast Refresh] rebuilding @ http://localhost:3000/_next/static/chunks/1l_l_next_dist_0sxpgfl._.js:1226
[ 7215182ms] [WARNING] [Fast Refresh] performing full reload because your application had an unrecoverable error @ http://localhost:3000/_next/static/chunks/1l_l_next_dist_0sxpgfl._.js:1226
[ 7215244ms] [LOG] [Fast Refresh] done in 38ms @ http://localhost:3000/_next/static/chunks/1l_l_next_dist_0sxpgfl._.js:1226
[ 7215603ms] [INFO] %cDownload the React DevTools for a better development experience: https://react.dev/link/react-devtools font-weight:bold @ http://localhost:3000/_next/static/chunks/1l_l_next_dist_1hdtlhn._.js:2477
[ 7215622ms] [LOG] [HMR] connected @ http://localhost:3000/_next/static/chunks/1l_l_next_dist_1hdtlhn._.js:2477
[ 7217361ms] [LOG] [Fast Refresh] rebuilding @ http://localhost:3000/_next/static/chunks/1l_l_next_dist_1hdtlhn._.js:2477
[ 7217425ms] [LOG] [Fast Refresh] done in 29ms @ http://localhost:3000/_next/static/chunks/1l_l_next_dist_1hdtlhn._.js:2477
[ 7238199ms] [LOG] [Fast Refresh] rebuilding @ http://localhost:3000/_next/static/chunks/1l_l_next_dist_1hdtlhn._.js:2477
[ 7238223ms] [LOG] [Fast Refresh] done in 40ms @ http://localhost:3000/_next/static/chunks/1l_l_next_dist_1hdtlhn._.js:2477
[ 7240536ms] [LOG] [Fast Refresh] rebuilding @ http://localhost:3000/_next/static/chunks/1l_l_next_dist_1hdtlhn._.js:2477
[ 7240573ms] [LOG] [Fast Refresh] done in 66ms @ http://localhost:3000/_next/static/chunks/1l_l_next_dist_1hdtlhn._.js:2477
[ 7242431ms] [LOG] [Fast Refresh] rebuilding @ http://localhost:3000/_next/static/chunks/1l_l_next_dist_1hdtlhn._.js:2477
[ 7242454ms] [LOG] [Fast Refresh] done in 39ms @ http://localhost:3000/_next/static/chunks/1l_l_next_dist_1hdtlhn._.js:2477
[ 7246205ms] [LOG] [Fast Refresh] rebuilding @ http://localhost:3000/_next/static/chunks/1l_l_next_dist_1hdtlhn._.js:2477
[ 7246216ms] ReferenceError: initialType is not defined
    at LedgerSortBar (http://localhost:3000/_next/static/chunks/Dropbox%20(Maestral)_smarthumans_ai_src_0q3wn2p._.js?id=%255Bproject%255D%252FDropbox+%2528Maestral%2529%252Fsmarthumans.ai%252Fsrc%252Fcomponents%252Fledger-sort-bar.tsx+%255Bapp-client%255D+%2528ecmascript%2529:86:280)
    at Object.react_stack_bottom_frame (http://localhost:3000/_next/static/chunks/1l_l_next_dist_compiled_react-dom_0xs73lw._.js:15037:24)
    at renderWithHooks (http://localhost:3000/_next/static/chunks/1l_l_next_dist_compiled_react-dom_0xs73lw._.js:4620:24)
    at updateFunctionComponent (http://localhost:3000/_next/static/chunks/1l_l_next_dist_compiled_react-dom_0xs73lw._.js:6081:21)
    at beginWork (http://localhost:3000/_next/static/chunks/1l_l_next_dist_compiled_react-dom_0xs73lw._.js:6691:24)
    at runWithFiberInDEV (http://localhost:3000/_next/static/chunks/1l_l_next_dist_compiled_react-dom_0xs73lw._.js:965:74)
    at performUnitOfWork (http://localhost:3000/_next/static/chunks/1l_l_next_dist_compiled_react-dom_0xs73lw._.js:9555:97)
    at workLoopSync (http://localhost:3000/_next/static/chunks/1l_l_next_dist_compiled_react-dom_0xs73lw._.js:9449:40)
    at renderRootSync (http://localhost:3000/_next/static/chunks/1l_l_next_dist_compiled_react-dom_0xs73lw._.js:9433:13)
    at performWorkOnRoot (http://localhost:3000/_next/static/chunks/1l_l_next_dist_compiled_react-dom_0xs73lw._.js:9098:47)
    at performSyncWorkOnRoot (http://localhost:3000/_next/static/chunks/1l_l_next_dist_compiled_react-dom_0xs73lw._.js:10263:9)
    at flushSyncWorkAcrossRoots_impl (http://localhost:3000/_next/static/chunks/1l_l_next_dist_compiled_react-dom_0xs73lw._.js:10179:316)
    at flushSyncWork$1 (http://localhost:3000/_next/static/chunks/1l_l_next_dist_compiled_react-dom_0xs73lw._.js:9230:86)
    at Object.scheduleRefresh (http://localhost:3000/_next/static/chunks/1l_l_next_dist_compiled_react-dom_0xs73lw._.js:299:13)
    at http://localhost:3000/_next/static/chunks/1l_l_next_dist_compiled_0zb8ts5._.js:391:33
    at Set.forEach (<anonymous>)
    at Object.performReactRefresh (http://localhost:3000/_next/static/chunks/1l_l_next_dist_compiled_0zb8ts5._.js:384:38)
    at applyUpdate (http://localhost:3000/_next/static/chunks/1l_l_next_dist_compiled_0zb8ts5._.js:878:31)
    at http://localhost:3000/_next/static/chunks/1l_l_next_dist_compiled_0zb8ts5._.js:886:13
[ 7246231ms] [WARNING] [Fast Refresh] performing full reload because your application had an unrecoverable error @ http://localhost:3000/_next/static/chunks/1l_l_next_dist_1hdtlhn._.js:2477
[ 7246256ms] [LOG] [Fast Refresh] done in 63ms @ http://localhost:3000/_next/static/chunks/1l_l_next_dist_1hdtlhn._.js:2477
[ 7246492ms] [ERROR] Failed to load resource: the server responded with a status of 500 (Internal Server Error) @ http://localhost:3000/:0
[ 7246530ms] [INFO] %cDownload the React DevTools for a better development experience: https://react.dev/link/react-devtools font-weight:bold @ http://localhost:3000/_next/static/chunks/1l_l_next_dist_1hdtlhn._.js:2477
[ 7246544ms] [LOG] [HMR] connected @ http://localhost:3000/_next/static/chunks/1l_l_next_dist_1hdtlhn._.js:2477
[ 7246625ms] ReferenceError: initialType is not defined
    at LedgerSortBar (http://localhost:3000/_next/static/chunks/Dropbox%20(Maestral)_smarthumans_ai_src_0q3wn2p._.js:1132:280)
    at Object.react_stack_bottom_frame (http://localhost:3000/_next/static/chunks/1l_l_next_dist_compiled_react-dom_0xs73lw._.js:15037:24)
    at renderWithHooks (http://localhost:3000/_next/static/chunks/1l_l_next_dist_compiled_react-dom_0xs73lw._.js:4620:24)
    at updateFunctionComponent (http://localhost:3000/_next/static/chunks/1l_l_next_dist_compiled_react-dom_0xs73lw._.js:6081:21)
    at beginWork (http://localhost:3000/_next/static/chunks/1l_l_next_dist_compiled_react-dom_0xs73lw._.js:6665:639)
    at runWithFiberInDEV (http://localhost:3000/_next/static/chunks/1l_l_next_dist_compiled_react-dom_0xs73lw._.js:965:74)
    at performUnitOfWork (http://localhost:3000/_next/static/chunks/1l_l_next_dist_compiled_react-dom_0xs73lw._.js:9555:97)
    at workLoopSync (http://localhost:3000/_next/static/chunks/1l_l_next_dist_compiled_react-dom_0xs73lw._.js:9449:40)
    at renderRootSync (http://localhost:3000/_next/static/chunks/1l_l_next_dist_compiled_react-dom_0xs73lw._.js:9433:13)
    at performWorkOnRoot (http://localhost:3000/_next/static/chunks/1l_l_next_dist_compiled_react-dom_0xs73lw._.js:9098:47)
    at performWorkOnRootViaSchedulerTask (http://localhost:3000/_next/static/chunks/1l_l_next_dist_compiled_react-dom_0xs73lw._.js:10255:9)
    at MessagePort.performWorkUntilDeadline (http://localhost:3000/_next/static/chunks/1l_l_next_dist_compiled_0zb8ts5._.js:2647:64)
[ 7249675ms] [WARNING] The resource http://localhost:3000/people/donald-trump.jpg was preloaded using link preload but not used within a few seconds from the window's load event. Please make sure it has an appropriate `as` value and it is preloaded intentionally. @ http://localhost:3000/:0
[ 7249676ms] [WARNING] The resource http://localhost:3000/people/jim-cramer.jpg was preloaded using link preload but not used within a few seconds from the window's load event. Please make sure it has an appropriate `as` value and it is preloaded intentionally. @ http://localhost:3000/:0
[ 7249676ms] [WARNING] The resource http://localhost:3000/people/stephen-a-smith.jpg was preloaded using link preload but not used within a few seconds from the window's load event. Please make sure it has an appropriate `as` value and it is preloaded intentionally. @ http://localhost:3000/:0
[ 7251690ms] [LOG] [Fast Refresh] rebuilding @ http://localhost:3000/_next/static/chunks/1l_l_next_dist_1hdtlhn._.js:2477
[ 7251692ms] [WARNING] [Fast Refresh] performing full reload because your application had an unrecoverable error @ http://localhost:3000/_next/static/chunks/1l_l_next_dist_1hdtlhn._.js:2477
[ 7251747ms] [LOG] [Fast Refresh] done in 47ms @ http://localhost:3000/_next/static/chunks/1l_l_next_dist_1hdtlhn._.js:2477
[ 7251905ms] [ERROR] Failed to load resource: the server responded with a status of 500 (Internal Server Error) @ http://localhost:3000/:0
[ 7251931ms] [INFO] %cDownload the React DevTools for a better development experience: https://react.dev/link/react-devtools font-weight:bold @ http://localhost:3000/_next/static/chunks/1l_l_next_dist_1hdtlhn._.js:2477
[ 7251946ms] [LOG] [HMR] connected @ http://localhost:3000/_next/static/chunks/1l_l_next_dist_1hdtlhn._.js:2477
[ 7252015ms] ReferenceError: initialType is not defined
    at LedgerSortBar (http://localhost:3000/_next/static/chunks/Dropbox%20(Maestral)_smarthumans_ai_src_0q3wn2p._.js:1132:280)
    at Object.react_stack_bottom_frame (http://localhost:3000/_next/static/chunks/1l_l_next_dist_compiled_react-dom_0xs73lw._.js:15037:24)
    at renderWithHooks (http://localhost:3000/_next/static/chunks/1l_l_next_dist_compiled_react-dom_0xs73lw._.js:4620:24)
    at updateFunctionComponent (http://localhost:3000/_next/static/chunks/1l_l_next_dist_compiled_react-dom_0xs73lw._.js:6081:21)
    at beginWork (http://localhost:3000/_next/static/chunks/1l_l_next_dist_compiled_react-dom_0xs73lw._.js:6665:639)
    at runWithFiberInDEV (http://localhost:3000/_next/static/chunks/1l_l_next_dist_compiled_react-dom_0xs73lw._.js:965:74)
    at performUnitOfWork (http://localhost:3000/_next/static/chunks/1l_l_next_dist_compiled_react-dom_0xs73lw._.js:9555:97)
    at workLoopSync (http://localhost:3000/_next/static/chunks/1l_l_next_dist_compiled_react-dom_0xs73lw._.js:9449:40)
    at renderRootSync (http://localhost:3000/_next/static/chunks/1l_l_next_dist_compiled_react-dom_0xs73lw._.js:9433:13)
    at performWorkOnRoot (http://localhost:3000/_next/static/chunks/1l_l_next_dist_compiled_react-dom_0xs73lw._.js:9098:47)
    at performWorkOnRootViaSchedulerTask (http://localhost:3000/_next/static/chunks/1l_l_next_dist_compiled_react-dom_0xs73lw._.js:10255:9)
    at MessagePort.performWorkUntilDeadline (http://localhost:3000/_next/static/chunks/1l_l_next_dist_compiled_0zb8ts5._.js:2647:64)
[ 7255028ms] [WARNING] The resource http://localhost:3000/people/donald-trump.jpg was preloaded using link preload but not used within a few seconds from the window's load event. Please make sure it has an appropriate `as` value and it is preloaded intentionally. @ http://localhost:3000/:0
[ 7255028ms] [WARNING] The resource http://localhost:3000/people/jim-cramer.jpg was preloaded using link preload but not used within a few seconds from the window's load event. Please make sure it has an appropriate `as` value and it is preloaded intentionally. @ http://localhost:3000/:0
[ 7255028ms] [WARNING] The resource http://localhost:3000/people/stephen-a-smith.jpg was preloaded using link preload but not used within a few seconds from the window's load event. Please make sure it has an appropriate `as` value and it is preloaded intentionally. @ http://localhost:3000/:0
[ 7263712ms] [LOG] [Fast Refresh] rebuilding @ http://localhost:3000/_next/static/chunks/1l_l_next_dist_1hdtlhn._.js:2477
[ 7263716ms] [WARNING] [Fast Refresh] performing full reload because your application had an unrecoverable error @ http://localhost:3000/_next/static/chunks/1l_l_next_dist_1hdtlhn._.js:2477
[ 7263807ms] [LOG] [Fast Refresh] done in 56ms @ http://localhost:3000/_next/static/chunks/1l_l_next_dist_1hdtlhn._.js:2477
[ 7263939ms] [ERROR] Failed to load resource: the server responded with a status of 500 (Internal Server Error) @ http://localhost:3000/:0
[ 7263977ms] [INFO] %cDownload the React DevTools for a better development experience: https://react.dev/link/react-devtools font-weight:bold @ http://localhost:3000/_next/static/chunks/1l_l_next_dist_1hdtlhn._.js:2477
[ 7263989ms] [LOG] [HMR] connected @ http://localhost:3000/_next/static/chunks/1l_l_next_dist_1hdtlhn._.js:2477
[ 7264091ms] ReferenceError: initialType is not defined
    at LedgerSortBar (http://localhost:3000/_next/static/chunks/Dropbox%20(Maestral)_smarthumans_ai_src_0q3wn2p._.js:1132:280)
    at Object.react_stack_bottom_frame (http://localhost:3000/_next/static/chunks/1l_l_next_dist_compiled_react-dom_0xs73lw._.js:15037:24)
    at renderWithHooks (http://localhost:3000/_next/static/chunks/1l_l_next_dist_compiled_react-dom_0xs73lw._.js:4620:24)
    at updateFunctionComponent (http://localhost:3000/_next/static/chunks/1l_l_next_dist_compiled_react-dom_0xs73lw._.js:6081:21)
    at beginWork (http://localhost:3000/_next/static/chunks/1l_l_next_dist_compiled_react-dom_0xs73lw._.js:6665:639)
    at runWithFiberInDEV (http://localhost:3000/_next/static/chunks/1l_l_next_dist_compiled_react-dom_0xs73lw._.js:965:74)
    at performUnitOfWork (http://localhost:3000/_next/static/chunks/1l_l_next_dist_compiled_react-dom_0xs73lw._.js:9555:97)
    at workLoopSync (http://localhost:3000/_next/static/chunks/1l_l_next_dist_compiled_react-dom_0xs73lw._.js:9449:40)
    at renderRootSync (http://localhost:3000/_next/static/chunks/1l_l_next_dist_compiled_react-dom_0xs73lw._.js:9433:13)
    at performWorkOnRoot (http://localhost:3000/_next/static/chunks/1l_l_next_dist_compiled_react-dom_0xs73lw._.js:9098:47)
    at performWorkOnRootViaSchedulerTask (http://localhost:3000/_next/static/chunks/1l_l_next_dist_compiled_react-dom_0xs73lw._.js:10255:9)
    at MessagePort.performWorkUntilDeadline (http://localhost:3000/_next/static/chunks/1l_l_next_dist_compiled_0zb8ts5._.js:2647:64)
[ 7267151ms] [WARNING] The resource http://localhost:3000/people/donald-trump.jpg was preloaded using link preload but not used within a few seconds from the window's load event. Please make sure it has an appropriate `as` value and it is preloaded intentionally. @ http://localhost:3000/:0
[ 7267151ms] [WARNING] The resource http://localhost:3000/people/jim-cramer.jpg was preloaded using link preload but not used within a few seconds from the window's load event. Please make sure it has an appropriate `as` value and it is preloaded intentionally. @ http://localhost:3000/:0
[ 7267151ms] [WARNING] The resource http://localhost:3000/people/stephen-a-smith.jpg was preloaded using link preload but not used within a few seconds from the window's load event. Please make sure it has an appropriate `as` value and it is preloaded intentionally. @ http://localhost:3000/:0
[ 7279286ms] [LOG] [Fast Refresh] rebuilding @ http://localhost:3000/_next/static/chunks/1l_l_next_dist_1hdtlhn._.js:2477
[ 7279289ms] [WARNING] [Fast Refresh] performing full reload because your application had an unrecoverable error @ http://localhost:3000/_next/static/chunks/1l_l_next_dist_1hdtlhn._.js:2477
[ 7279332ms] [LOG] [Fast Refresh] done in 51ms @ http://localhost:3000/_next/static/chunks/1l_l_next_dist_1hdtlhn._.js:2477
[ 7279485ms] [ERROR] Failed to load resource: the server responded with a status of 500 (Internal Server Error) @ http://localhost:3000/:0
[ 7279520ms] [INFO] %cDownload the React DevTools for a better development experience: https://react.dev/link/react-devtools font-weight:bold @ http://localhost:3000/_next/static/chunks/1l_l_next_dist_1hdtlhn._.js:2477
[ 7279534ms] [LOG] [HMR] connected @ http://localhost:3000/_next/static/chunks/1l_l_next_dist_1hdtlhn._.js:2477
[ 7279606ms] ReferenceError: initialType is not defined
    at LedgerSortBar (http://localhost:3000/_next/static/chunks/Dropbox%20(Maestral)_smarthumans_ai_src_0q3wn2p._.js:1132:280)
    at Object.react_stack_bottom_frame (http://localhost:3000/_next/static/chunks/1l_l_next_dist_compiled_react-dom_0xs73lw._.js:15037:24)
    at renderWithHooks (http://localhost:3000/_next/static/chunks/1l_l_next_dist_compiled_react-dom_0xs73lw._.js:4620:24)
    at updateFunctionComponent (http://localhost:3000/_next/static/chunks/1l_l_next_dist_compiled_react-dom_0xs73lw._.js:6081:21)
    at beginWork (http://localhost:3000/_next/static/chunks/1l_l_next_dist_compiled_react-dom_0xs73lw._.js:6665:639)
    at runWithFiberInDEV (http://localhost:3000/_next/static/chunks/1l_l_next_dist_compiled_react-dom_0xs73lw._.js:965:74)
    at performUnitOfWork (http://localhost:3000/_next/static/chunks/1l_l_next_dist_compiled_react-dom_0xs73lw._.js:9555:97)
    at workLoopSync (http://localhost:3000/_next/static/chunks/1l_l_next_dist_compiled_react-dom_0xs73lw._.js:9449:40)
    at renderRootSync (http://localhost:3000/_next/static/chunks/1l_l_next_dist_compiled_react-dom_0xs73lw._.js:9433:13)
    at performWorkOnRoot (http://localhost:3000/_next/static/chunks/1l_l_next_dist_compiled_react-dom_0xs73lw._.js:9098:47)
    at performWorkOnRootViaSchedulerTask (http://localhost:3000/_next/static/chunks/1l_l_next_dist_compiled_react-dom_0xs73lw._.js:10255:9)
    at MessagePort.performWorkUntilDeadline (http://localhost:3000/_next/static/chunks/1l_l_next_dist_compiled_0zb8ts5._.js:2647:64)
[ 7279665ms] [LOG] [Fast Refresh] rebuilding @ http://localhost:3000/_next/static/chunks/1l_l_next_dist_1hdtlhn._.js:2477
[ 7279675ms] [LOG] [Fast Refresh] done in 110ms @ http://localhost:3000/_next/static/chunks/1l_l_next_dist_1hdtlhn._.js:2477
[ 7281614ms] [LOG] [Fast Refresh] rebuilding @ http://localhost:3000/_next/static/chunks/1l_l_next_dist_1hdtlhn._.js:2477
[ 7281617ms] [WARNING] [Fast Refresh] performing full reload because your application had an unrecoverable error @ http://localhost:3000/_next/static/chunks/1l_l_next_dist_1hdtlhn._.js:2477
[ 7281685ms] [LOG] [Fast Refresh] done in 43ms @ http://localhost:3000/_next/static/chunks/1l_l_next_dist_1hdtlhn._.js:2477
[ 7281804ms] [ERROR] Failed to load resource: the server responded with a status of 500 (Internal Server Error) @ http://localhost:3000/:0
[ 7281832ms] [INFO] %cDownload the React DevTools for a better development experience: https://react.dev/link/react-devtools font-weight:bold @ http://localhost:3000/_next/static/chunks/1l_l_next_dist_1hdtlhn._.js:2477
[ 7281843ms] [LOG] [HMR] connected @ http://localhost:3000/_next/static/chunks/1l_l_next_dist_1hdtlhn._.js:2477
[ 7281921ms] ReferenceError: initialType is not defined
    at LedgerSortBar (http://localhost:3000/_next/static/chunks/Dropbox%20(Maestral)_smarthumans_ai_src_0q3wn2p._.js:1132:280)
    at Object.react_stack_bottom_frame (http://localhost:3000/_next/static/chunks/1l_l_next_dist_compiled_react-dom_0xs73lw._.js:15037:24)
    at renderWithHooks (http://localhost:3000/_next/static/chunks/1l_l_next_dist_compiled_react-dom_0xs73lw._.js:4620:24)
    at updateFunctionComponent (http://localhost:3000/_next/static/chunks/1l_l_next_dist_compiled_react-dom_0xs73lw._.js:6081:21)
    at beginWork (http://localhost:3000/_next/static/chunks/1l_l_next_dist_compiled_react-dom_0xs73lw._.js:6665:639)
    at runWithFiberInDEV (http://localhost:3000/_next/static/chunks/1l_l_next_dist_compiled_react-dom_0xs73lw._.js:965:74)
    at performUnitOfWork (http://localhost:3000/_next/static/chunks/1l_l_next_dist_compiled_react-dom_0xs73lw._.js:9555:97)
    at workLoopSync (http://localhost:3000/_next/static/chunks/1l_l_next_dist_compiled_react-dom_0xs73lw._.js:9449:40)
    at renderRootSync (http://localhost:3000/_next/static/chunks/1l_l_next_dist_compiled_react-dom_0xs73lw._.js:9433:13)
    at performWorkOnRoot (http://localhost:3000/_next/static/chunks/1l_l_next_dist_compiled_react-dom_0xs73lw._.js:9098:47)
    at performWorkOnRootViaSchedulerTask (http://localhost:3000/_next/static/chunks/1l_l_next_dist_compiled_react-dom_0xs73lw._.js:10255:9)
    at MessagePort.performWorkUntilDeadline (http://localhost:3000/_next/static/chunks/1l_l_next_dist_compiled_0zb8ts5._.js:2647:64)
[ 7284932ms] [WARNING] The resource http://localhost:3000/people/donald-trump.jpg was preloaded using link preload but not used within a few seconds from the window's load event. Please make sure it has an appropriate `as` value and it is preloaded intentionally. @ http://localhost:3000/:0
[ 7284933ms] [WARNING] The resource http://localhost:3000/people/jim-cramer.jpg was preloaded using link preload but not used within a few seconds from the window's load event. Please make sure it has an appropriate `as` value and it is preloaded intentionally. @ http://localhost:3000/:0
[ 7284933ms] [WARNING] The resource http://localhost:3000/people/stephen-a-smith.jpg was preloaded using link preload but not used within a few seconds from the window's load event. Please make sure it has an appropriate `as` value and it is preloaded intentionally. @ http://localhost:3000/:0
[ 7302584ms] [LOG] [Fast Refresh] rebuilding @ http://localhost:3000/_next/static/chunks/1l_l_next_dist_1hdtlhn._.js:2477
[ 7302605ms] [ERROR] ./Dropbox (Maestral)/smarthumans.ai/src/components/ledger-sort-bar.tsx:380:1
Unexpected token. Did you mean `{'}'}` or `&rbrace;`?
  378 |     </div>
  379 |   );
> 380 | }
      | ^
  381 |
  382 | // ---------------------------------------------------------------------------
  383 | // Menu primitives — one open at a time, click-outside, keyboard, menuitemradio

Parsing ecmascript source code failed

Import trace:
  Server Component:
    ./Dropbox (Maestral)/smarthumans.ai/src/components/ledger-sort-bar.tsx
    ./Dropbox (Maestral)/smarthumans.ai/src/app/page.tsx @ http://localhost:3000/_next/static/chunks/1l_l_next_dist_1hdtlhn._.js:3318
[ 7302646ms] [ERROR] Failed to load resource: the server responded with a status of 500 (Internal Server Error) @ http://localhost:3000/:0
[ 7302702ms] [INFO] %cDownload the React DevTools for a better development experience: https://react.dev/link/react-devtools font-weight:bold @ http://localhost:3000/_next/static/chunks/1l_l_react-dom_0juj_l_._.js:15305
[ 7302740ms] Error: ./Dropbox (Maestral)/smarthumans.ai/src/components/ledger-sort-bar.tsx:380:1
Unexpected token. Did you mean `{'}'}` or `&rbrace;`?
  378 |     </div>
  379 |   );
> 380 | }
      | ^
  381 |
  382 | // ---------------------------------------------------------------------------
  383 | // Menu primitives — one open at a time, click-outside, keyboard, menuitemradio

Parsing ecmascript source code failed

Import trace:
  Server Component:
    ./Dropbox (Maestral)/smarthumans.ai/src/components/ledger-sort-bar.tsx
    ./Dropbox (Maestral)/smarthumans.ai/src/app/page.tsx


    at <unknown> (Error: ./Dropbox (Maestral)/smarthumans.ai/src/components/ledger-sort-bar.tsx:380:1)
    at Object.getCompilationErrors (file:///Users/joelei/Dropbox (Maestral)/smarthumans.ai/node_modules/next/dist/server/dev/hot-reloader-turbopack.js:1186:59)
    at DevBundlerService.getCompilationError (file:///Users/joelei/Dropbox (Maestral)/smarthumans.ai/node_modules/next/dist/server/lib/dev-bundler-service.js:44:55)
    at DevServer.getCompilationError (file:///Users/joelei/Dropbox (Maestral)/smarthumans.ai/node_modules/next/dist/server/dev/next-dev-server.js:720:42)
    at DevServer.findPageComponents (file:///Users/joelei/Dropbox (Maestral)/smarthumans.ai/node_modules/next/dist/server/dev/next-dev-server.js:690:43)
    at async DevServer.renderErrorToResponseImpl (file:///Users/joelei/Dropbox (Maestral)/smarthumans.ai/node_modules/next/dist/server/base-server.js:1753:26)
[ 7302741ms] [LOG] [HMR] connected @ http://localhost:3000/_next/static/chunks/1l_l_next_dist_0sxpgfl._.js:1226
[ 7302743ms] [ERROR] ./Dropbox (Maestral)/smarthumans.ai/src/components/ledger-sort-bar.tsx:380:1
Unexpected token. Did you mean `{'}'}` or `&rbrace;`?
  378 |     </div>
  379 |   );
> 380 | }
      | ^
  381 |
  382 | // ---------------------------------------------------------------------------
  383 | // Menu primitives — one open at a time, click-outside, keyboard, menuitemradio

Parsing ecmascript source code failed

Import trace:
  Server Component:
    ./Dropbox (Maestral)/smarthumans.ai/src/components/ledger-sort-bar.tsx
    ./Dropbox (Maestral)/smarthumans.ai/src/app/page.tsx @ http://localhost:3000/_next/static/chunks/1l_l_next_dist_0sxpgfl._.js:1945
[ 7302743ms] [ERROR] ./Dropbox (Maestral)/smarthumans.ai/src/components/ledger-sort-bar.tsx:380:1
Unexpected token. Did you mean `{'}'}` or `&rbrace;`?
  378 |     </div>
  379 |   );
> 380 | }
      | ^
  381 |
  382 | // ---------------------------------------------------------------------------
  383 | // Menu primitives — one open at a time, click-outside, keyboard, menuitemradio

Parsing ecmascript source code failed

Import trace:
  Server Component:
    ./Dropbox (Maestral)/smarthumans.ai/src/components/ledger-sort-bar.tsx
    ./Dropbox (Maestral)/smarthumans.ai/src/app/p/[slug]/page.tsx @ http://localhost:3000/_next/static/chunks/1l_l_next_dist_0sxpgfl._.js:1945
[ 7302743ms] [ERROR] ./Dropbox (Maestral)/smarthumans.ai/src/components/ledger-sort-bar.tsx:380:1
Unexpected token. Did you mean `{'}'}` or `&rbrace;`?
  378 |     </div>
  379 |   );
> 380 | }
      | ^
  381 |
  382 | // ---------------------------------------------------------------------------
  383 | // Menu primitives — one open at a time, click-outside, keyboard, menuitemradio

Parsing ecmascript source code failed

Import trace:
  Server Component:
    ./Dropbox (Maestral)/smarthumans.ai/src/components/ledger-sort-bar.tsx
    ./Dropbox (Maestral)/smarthumans.ai/src/app/browse/[category]/page.tsx @ http://localhost:3000/_next/static/chunks/1l_l_next_dist_0sxpgfl._.js:1945
[ 7302743ms] [ERROR] ./Dropbox (Maestral)/smarthumans.ai/src/components/ledger-sort-bar.tsx:380:1
Unexpected token. Did you mean `{'}'}` or `&rbrace;`?
  378 |     </div>
  379 |   );
> 380 | }
      | ^
  381 |
  382 | // ---------------------------------------------------------------------------
  383 | // Menu primitives — one open at a time, click-outside, keyboard, menuitemradio

Parsing ecmascript source code failed

Import trace:
  Server Component:
    ./Dropbox (Maestral)/smarthumans.ai/src/components/ledger-sort-bar.tsx
    ./Dropbox (Maestral)/smarthumans.ai/src/app/search/page.tsx @ http://localhost:3000/_next/static/chunks/1l_l_next_dist_0sxpgfl._.js:1945
[ 7302778ms] [ERROR] ./Dropbox (Maestral)/smarthumans.ai/src/components/ledger-sort-bar.tsx:380:1
Unexpected token. Did you mean `{'}'}` or `&rbrace;`?
  378 |     </div>
  379 |   );
> 380 | }
      | ^
  381 |
  382 | // ---------------------------------------------------------------------------
  383 | // Menu primitives — one open at a time, click-outside, keyboard, menuitemradio

Parsing ecmascript source code failed

Import trace:
  Server Component:
    ./Dropbox (Maestral)/smarthumans.ai/src/components/ledger-sort-bar.tsx
    ./Dropbox (Maestral)/smarthumans.ai/src/app/page.tsx @ http://localhost:3000/_next/static/chunks/1l_l_next_dist_0sxpgfl._.js:1945
[ 7309194ms] [LOG] [Fast Refresh] rebuilding @ http://localhost:3000/_next/static/chunks/1l_l_next_dist_0sxpgfl._.js:1226
[ 7309250ms] [WARNING] [Fast Refresh] performing full reload because your application had an unrecoverable error @ http://localhost:3000/_next/static/chunks/1l_l_next_dist_0sxpgfl._.js:1226
[ 7309254ms] [LOG] [Fast Refresh] done in 131ms @ http://localhost:3000/_next/static/chunks/1l_l_next_dist_0sxpgfl._.js:1226
[ 7309355ms] [LOG] [Fast Refresh] rebuilding @ http://localhost:3000/_next/static/chunks/1l_l_next_dist_0sxpgfl._.js:1226
[ 7309606ms] [LOG] [Fast Refresh] done in 352ms @ http://localhost:3000/_next/static/chunks/1l_l_next_dist_0sxpgfl._.js:1226
[ 7310779ms] [ERROR] Failed to load resource: the server responded with a status of 500 (Internal Server Error) @ http://localhost:3000/:0
[ 7310805ms] [INFO] %cDownload the React DevTools for a better development experience: https://react.dev/link/react-devtools font-weight:bold @ http://localhost:3000/_next/static/chunks/1l_l_next_dist_1hdtlhn._.js:2477
[ 7310818ms] [LOG] [HMR] connected @ http://localhost:3000/_next/static/chunks/1l_l_next_dist_1hdtlhn._.js:2477
[ 7310898ms] ReferenceError: initialType is not defined
    at LedgerSortBar (http://localhost:3000/_next/static/chunks/Dropbox%20(Maestral)_smarthumans_ai_src_0q3wn2p._.js:1132:280)
    at Object.react_stack_bottom_frame (http://localhost:3000/_next/static/chunks/1l_l_next_dist_compiled_react-dom_0xs73lw._.js:15037:24)
    at renderWithHooks (http://localhost:3000/_next/static/chunks/1l_l_next_dist_compiled_react-dom_0xs73lw._.js:4620:24)
    at updateFunctionComponent (http://localhost:3000/_next/static/chunks/1l_l_next_dist_compiled_react-dom_0xs73lw._.js:6081:21)
    at beginWork (http://localhost:3000/_next/static/chunks/1l_l_next_dist_compiled_react-dom_0xs73lw._.js:6665:639)
    at runWithFiberInDEV (http://localhost:3000/_next/static/chunks/1l_l_next_dist_compiled_react-dom_0xs73lw._.js:965:74)
    at performUnitOfWork (http://localhost:3000/_next/static/chunks/1l_l_next_dist_compiled_react-dom_0xs73lw._.js:9555:97)
    at workLoopSync (http://localhost:3000/_next/static/chunks/1l_l_next_dist_compiled_react-dom_0xs73lw._.js:9449:40)
    at renderRootSync (http://localhost:3000/_next/static/chunks/1l_l_next_dist_compiled_react-dom_0xs73lw._.js:9433:13)
    at performWorkOnRoot (http://localhost:3000/_next/static/chunks/1l_l_next_dist_compiled_react-dom_0xs73lw._.js:9098:47)
    at performWorkOnRootViaSchedulerTask (http://localhost:3000/_next/static/chunks/1l_l_next_dist_compiled_react-dom_0xs73lw._.js:10255:9)
    at MessagePort.performWorkUntilDeadline (http://localhost:3000/_next/static/chunks/1l_l_next_dist_compiled_0zb8ts5._.js:2647:64)
[ 7310955ms] [LOG] [Fast Refresh] rebuilding @ http://localhost:3000/_next/static/chunks/1l_l_next_dist_1hdtlhn._.js:2477
[ 7311127ms] [LOG] [Fast Refresh] done in 274ms @ http://localhost:3000/_next/static/chunks/1l_l_next_dist_1hdtlhn._.js:2477
[ 7314174ms] [WARNING] The resource http://localhost:3000/people/donald-trump.jpg was preloaded using link preload but not used within a few seconds from the window's load event. Please make sure it has an appropriate `as` value and it is preloaded intentionally. @ http://localhost:3000/:0
[ 7314174ms] [WARNING] The resource http://localhost:3000/people/jim-cramer.jpg was preloaded using link preload but not used within a few seconds from the window's load event. Please make sure it has an appropriate `as` value and it is preloaded intentionally. @ http://localhost:3000/:0
[ 7314174ms] [WARNING] The resource http://localhost:3000/people/stephen-a-smith.jpg was preloaded using link preload but not used within a few seconds from the window's load event. Please make sure it has an appropriate `as` value and it is preloaded intentionally. @ http://localhost:3000/:0
[ 7327455ms] [LOG] [Fast Refresh] rebuilding @ http://localhost:3000/_next/static/chunks/1l_l_next_dist_1hdtlhn._.js:2477
[ 7327523ms] [LOG] [Fast Refresh] done in 35ms @ http://localhost:3000/_next/static/chunks/1l_l_next_dist_1hdtlhn._.js:2477
[ 7328007ms] [ERROR] Failed to load resource: the server responded with a status of 500 (Internal Server Error) @ http://localhost:3000/:0
[ 7328040ms] [INFO] %cDownload the React DevTools for a better development experience: https://react.dev/link/react-devtools font-weight:bold @ http://localhost:3000/_next/static/chunks/1l_l_next_dist_1hdtlhn._.js:2477
[ 7328058ms] [LOG] [HMR] connected @ http://localhost:3000/_next/static/chunks/1l_l_next_dist_1hdtlhn._.js:2477
[ 7328131ms] ReferenceError: initialType is not defined
    at LedgerSortBar (http://localhost:3000/_next/static/chunks/Dropbox%20(Maestral)_smarthumans_ai_src_0q3wn2p._.js:1132:280)
    at Object.react_stack_bottom_frame (http://localhost:3000/_next/static/chunks/1l_l_next_dist_compiled_react-dom_0xs73lw._.js:15037:24)
    at renderWithHooks (http://localhost:3000/_next/static/chunks/1l_l_next_dist_compiled_react-dom_0xs73lw._.js:4620:24)
    at updateFunctionComponent (http://localhost:3000/_next/static/chunks/1l_l_next_dist_compiled_react-dom_0xs73lw._.js:6081:21)
    at beginWork (http://localhost:3000/_next/static/chunks/1l_l_next_dist_compiled_react-dom_0xs73lw._.js:6665:639)
    at runWithFiberInDEV (http://localhost:3000/_next/static/chunks/1l_l_next_dist_compiled_react-dom_0xs73lw._.js:965:74)
    at performUnitOfWork (http://localhost:3000/_next/static/chunks/1l_l_next_dist_compiled_react-dom_0xs73lw._.js:9555:97)
    at workLoopSync (http://localhost:3000/_next/static/chunks/1l_l_next_dist_compiled_react-dom_0xs73lw._.js:9449:40)
    at renderRootSync (http://localhost:3000/_next/static/chunks/1l_l_next_dist_compiled_react-dom_0xs73lw._.js:9433:13)
    at performWorkOnRoot (http://localhost:3000/_next/static/chunks/1l_l_next_dist_compiled_react-dom_0xs73lw._.js:9098:47)
    at performWorkOnRootViaSchedulerTask (http://localhost:3000/_next/static/chunks/1l_l_next_dist_compiled_react-dom_0xs73lw._.js:10255:9)
    at MessagePort.performWorkUntilDeadline (http://localhost:3000/_next/static/chunks/1l_l_next_dist_compiled_0zb8ts5._.js:2647:64)
[ 7331149ms] [WARNING] The resource http://localhost:3000/people/donald-trump.jpg was preloaded using link preload but not used within a few seconds from the window's load event. Please make sure it has an appropriate `as` value and it is preloaded intentionally. @ http://localhost:3000/:0
[ 7331150ms] [WARNING] The resource http://localhost:3000/people/jim-cramer.jpg was preloaded using link preload but not used within a few seconds from the window's load event. Please make sure it has an appropriate `as` value and it is preloaded intentionally. @ http://localhost:3000/:0
[ 7331150ms] [WARNING] The resource http://localhost:3000/people/stephen-a-smith.jpg was preloaded using link preload but not used within a few seconds from the window's load event. Please make sure it has an appropriate `as` value and it is preloaded intentionally. @ http://localhost:3000/:0
[ 7381966ms] [LOG] [Fast Refresh] rebuilding @ http://localhost:3000/_next/static/chunks/1l_l_next_dist_1hdtlhn._.js:2477
[ 7382072ms] [WARNING] [Fast Refresh] performing full reload because your application had an unrecoverable error @ http://localhost:3000/_next/static/chunks/1l_l_next_dist_1hdtlhn._.js:2477
[ 7382072ms] [LOG] [Fast Refresh] done in 203ms @ http://localhost:3000/_next/static/chunks/1l_l_next_dist_1hdtlhn._.js:2477
[ 7382925ms] [ERROR] Failed to load resource: the server responded with a status of 500 (Internal Server Error) @ http://localhost:3000/:0
[ 7383009ms] [INFO] %cDownload the React DevTools for a better development experience: https://react.dev/link/react-devtools font-weight:bold @ http://localhost:3000/_next/static/chunks/1l_l_next_dist_1hdtlhn._.js:2477
[ 7383023ms] [LOG] [HMR] connected @ http://localhost:3000/_next/static/chunks/1l_l_next_dist_1hdtlhn._.js:2477
[ 7383104ms] ReferenceError: initialType is not defined
    at LedgerSortBar (http://localhost:3000/_next/static/chunks/Dropbox%20(Maestral)_smarthumans_ai_src_19r5t91._.js:1132:280)
    at Object.react_stack_bottom_frame (http://localhost:3000/_next/static/chunks/1l_l_next_dist_compiled_react-dom_0xs73lw._.js:15037:24)
    at renderWithHooks (http://localhost:3000/_next/static/chunks/1l_l_next_dist_compiled_react-dom_0xs73lw._.js:4620:24)
    at updateFunctionComponent (http://localhost:3000/_next/static/chunks/1l_l_next_dist_compiled_react-dom_0xs73lw._.js:6081:21)
    at beginWork (http://localhost:3000/_next/static/chunks/1l_l_next_dist_compiled_react-dom_0xs73lw._.js:6665:639)
    at runWithFiberInDEV (http://localhost:3000/_next/static/chunks/1l_l_next_dist_compiled_react-dom_0xs73lw._.js:965:74)
    at performUnitOfWork (http://localhost:3000/_next/static/chunks/1l_l_next_dist_compiled_react-dom_0xs73lw._.js:9555:97)
    at workLoopSync (http://localhost:3000/_next/static/chunks/1l_l_next_dist_compiled_react-dom_0xs73lw._.js:9449:40)
    at renderRootSync (http://localhost:3000/_next/static/chunks/1l_l_next_dist_compiled_react-dom_0xs73lw._.js:9433:13)
    at performWorkOnRoot (http://localhost:3000/_next/static/chunks/1l_l_next_dist_compiled_react-dom_0xs73lw._.js:9098:47)
    at performWorkOnRootViaSchedulerTask (http://localhost:3000/_next/static/chunks/1l_l_next_dist_compiled_react-dom_0xs73lw._.js:10255:9)
    at MessagePort.performWorkUntilDeadline (http://localhost:3000/_next/static/chunks/1l_l_next_dist_compiled_0zb8ts5._.js:2647:64)
[ 7383180ms] [LOG] [Fast Refresh] rebuilding @ http://localhost:3000/_next/static/chunks/1l_l_next_dist_1hdtlhn._.js:2477
[ 7383299ms] [LOG] [Fast Refresh] done in 220ms @ http://localhost:3000/_next/static/chunks/1l_l_next_dist_1hdtlhn._.js:2477
[ 7384225ms] [LOG] [Fast Refresh] rebuilding @ http://localhost:3000/_next/static/chunks/1l_l_next_dist_1hdtlhn._.js:2477
[ 7384298ms] [WARNING] [Fast Refresh] performing full reload because your application had an unrecoverable error @ http://localhost:3000/_next/static/chunks/1l_l_next_dist_1hdtlhn._.js:2477
[ 7384298ms] [LOG] [Fast Refresh] done in 171ms @ http://localhost:3000/_next/static/chunks/1l_l_next_dist_1hdtlhn._.js:2477
[ 7384402ms] [LOG] [Fast Refresh] rebuilding @ http://localhost:3000/_next/static/chunks/1l_l_next_dist_1hdtlhn._.js:2477
[ 7384551ms] [LOG] [Fast Refresh] done in 250ms @ http://localhost:3000/_next/static/chunks/1l_l_next_dist_1hdtlhn._.js:2477
[ 7385362ms] [ERROR] Failed to load resource: the server responded with a status of 500 (Internal Server Error) @ http://localhost:3000/:0
[ 7385392ms] [INFO] %cDownload the React DevTools for a better development experience: https://react.dev/link/react-devtools font-weight:bold @ http://localhost:3000/_next/static/chunks/1l_l_next_dist_1hdtlhn._.js:2477
[ 7385406ms] [LOG] [HMR] connected @ http://localhost:3000/_next/static/chunks/1l_l_next_dist_1hdtlhn._.js:2477
[ 7385483ms] ReferenceError: initialType is not defined
    at LedgerSortBar (http://localhost:3000/_next/static/chunks/Dropbox%20(Maestral)_smarthumans_ai_src_0nztplz._.js:1132:280)
    at Object.react_stack_bottom_frame (http://localhost:3000/_next/static/chunks/1l_l_next_dist_compiled_react-dom_0xs73lw._.js:15037:24)
    at renderWithHooks (http://localhost:3000/_next/static/chunks/1l_l_next_dist_compiled_react-dom_0xs73lw._.js:4620:24)
    at updateFunctionComponent (http://localhost:3000/_next/static/chunks/1l_l_next_dist_compiled_react-dom_0xs73lw._.js:6081:21)
    at beginWork (http://localhost:3000/_next/static/chunks/1l_l_next_dist_compiled_react-dom_0xs73lw._.js:6665:639)
    at runWithFiberInDEV (http://localhost:3000/_next/static/chunks/1l_l_next_dist_compiled_react-dom_0xs73lw._.js:965:74)
    at performUnitOfWork (http://localhost:3000/_next/static/chunks/1l_l_next_dist_compiled_react-dom_0xs73lw._.js:9555:97)
    at workLoopSync (http://localhost:3000/_next/static/chunks/1l_l_next_dist_compiled_react-dom_0xs73lw._.js:9449:40)
    at renderRootSync (http://localhost:3000/_next/static/chunks/1l_l_next_dist_compiled_react-dom_0xs73lw._.js:9433:13)
    at performWorkOnRoot (http://localhost:3000/_next/static/chunks/1l_l_next_dist_compiled_react-dom_0xs73lw._.js:9098:47)
    at performWorkOnRootViaSchedulerTask (http://localhost:3000/_next/static/chunks/1l_l_next_dist_compiled_react-dom_0xs73lw._.js:10255:9)
    at MessagePort.performWorkUntilDeadline (http://localhost:3000/_next/static/chunks/1l_l_next_dist_compiled_0zb8ts5._.js:2647:64)
[ 7385553ms] [LOG] [Fast Refresh] rebuilding @ http://localhost:3000/_next/static/chunks/1l_l_next_dist_1hdtlhn._.js:2477
[ 7385628ms] [LOG] [Fast Refresh] done in 176ms @ http://localhost:3000/_next/static/chunks/1l_l_next_dist_1hdtlhn._.js:2477
[ 7386642ms] [LOG] [Fast Refresh] rebuilding @ http://localhost:3000/_next/static/chunks/1l_l_next_dist_1hdtlhn._.js:2477
[ 7386847ms] [WARNING] [Fast Refresh] performing full reload because your application had an unrecoverable error @ http://localhost:3000/_next/static/chunks/1l_l_next_dist_1hdtlhn._.js:2477
[ 7386847ms] [LOG] [Fast Refresh] done in 288ms @ http://localhost:3000/_next/static/chunks/1l_l_next_dist_1hdtlhn._.js:2477
[ 7386956ms] [LOG] [Fast Refresh] rebuilding @ http://localhost:3000/_next/static/chunks/1l_l_next_dist_1hdtlhn._.js:2477
[ 7387073ms] [LOG] [Fast Refresh] done in 217ms @ http://localhost:3000/_next/static/chunks/1l_l_next_dist_1hdtlhn._.js:2477
[ 7387465ms] [ERROR] Failed to load resource: the server responded with a status of 500 (Internal Server Error) @ http://localhost:3000/:0
[ 7387504ms] [INFO] %cDownload the React DevTools for a better development experience: https://react.dev/link/react-devtools font-weight:bold @ http://localhost:3000/_next/static/chunks/1l_l_next_dist_1hdtlhn._.js:2477
[ 7387514ms] [LOG] [HMR] connected @ http://localhost:3000/_next/static/chunks/1l_l_next_dist_1hdtlhn._.js:2477
[ 7387601ms] ReferenceError: initialType is not defined
    at LedgerSortBar (http://localhost:3000/_next/static/chunks/Dropbox%20(Maestral)_smarthumans_ai_src_1n2gpg3._.js:1132:280)
    at Object.react_stack_bottom_frame (http://localhost:3000/_next/static/chunks/1l_l_next_dist_compiled_react-dom_0xs73lw._.js:15037:24)
    at renderWithHooks (http://localhost:3000/_next/static/chunks/1l_l_next_dist_compiled_react-dom_0xs73lw._.js:4620:24)
    at updateFunctionComponent (http://localhost:3000/_next/static/chunks/1l_l_next_dist_compiled_react-dom_0xs73lw._.js:6081:21)
    at beginWork (http://localhost:3000/_next/static/chunks/1l_l_next_dist_compiled_react-dom_0xs73lw._.js:6665:639)
    at runWithFiberInDEV (http://localhost:3000/_next/static/chunks/1l_l_next_dist_compiled_react-dom_0xs73lw._.js:965:74)
    at performUnitOfWork (http://localhost:3000/_next/static/chunks/1l_l_next_dist_compiled_react-dom_0xs73lw._.js:9555:97)
    at workLoopSync (http://localhost:3000/_next/static/chunks/1l_l_next_dist_compiled_react-dom_0xs73lw._.js:9449:40)
    at renderRootSync (http://localhost:3000/_next/static/chunks/1l_l_next_dist_compiled_react-dom_0xs73lw._.js:9433:13)
    at performWorkOnRoot (http://localhost:3000/_next/static/chunks/1l_l_next_dist_compiled_react-dom_0xs73lw._.js:9098:47)
    at performWorkOnRootViaSchedulerTask (http://localhost:3000/_next/static/chunks/1l_l_next_dist_compiled_react-dom_0xs73lw._.js:10255:9)
    at MessagePort.performWorkUntilDeadline (http://localhost:3000/_next/static/chunks/1l_l_next_dist_compiled_0zb8ts5._.js:2647:64)
[ 7387685ms] [LOG] [Fast Refresh] rebuilding @ http://localhost:3000/_next/static/chunks/1l_l_next_dist_1hdtlhn._.js:2477
[ 7387761ms] [LOG] [Fast Refresh] done in 178ms @ http://localhost:3000/_next/static/chunks/1l_l_next_dist_1hdtlhn._.js:2477
[ 7390784ms] [WARNING] The resource http://localhost:3000/people/donald-trump.jpg was preloaded using link preload but not used within a few seconds from the window's load event. Please make sure it has an appropriate `as` value and it is preloaded intentionally. @ http://localhost:3000/:0
[ 7390784ms] [WARNING] The resource http://localhost:3000/people/jim-cramer.jpg was preloaded using link preload but not used within a few seconds from the window's load event. Please make sure it has an appropriate `as` value and it is preloaded intentionally. @ http://localhost:3000/:0
[ 7390784ms] [WARNING] The resource http://localhost:3000/people/stephen-a-smith.jpg was preloaded using link preload but not used within a few seconds from the window's load event. Please make sure it has an appropriate `as` value and it is preloaded intentionally. @ http://localhost:3000/:0
[ 7394323ms] [LOG] [Fast Refresh] rebuilding @ http://localhost:3000/_next/static/chunks/1l_l_next_dist_1hdtlhn._.js:2477
[ 7394789ms] [WARNING] [Fast Refresh] performing full reload because your application had an unrecoverable error @ http://localhost:3000/_next/static/chunks/1l_l_next_dist_1hdtlhn._.js:2477
[ 7394790ms] [LOG] [Fast Refresh] done in 563ms @ http://localhost:3000/_next/static/chunks/1l_l_next_dist_1hdtlhn._.js:2477
[ 7395552ms] [ERROR] Failed to load resource: the server responded with a status of 500 (Internal Server Error) @ http://localhost:3000/:0
[ 7395584ms] [INFO] %cDownload the React DevTools for a better development experience: https://react.dev/link/react-devtools font-weight:bold @ http://localhost:3000/_next/static/chunks/1l_l_next_dist_1hdtlhn._.js:2477
[ 7395596ms] [LOG] [HMR] connected @ http://localhost:3000/_next/static/chunks/1l_l_next_dist_1hdtlhn._.js:2477
[ 7395671ms] ReferenceError: initialType is not defined
    at LedgerSortBar (http://localhost:3000/_next/static/chunks/Dropbox%20(Maestral)_smarthumans_ai_src_1mv-4oj._.js:1132:280)
    at Object.react_stack_bottom_frame (http://localhost:3000/_next/static/chunks/1l_l_next_dist_compiled_react-dom_0xs73lw._.js:15037:24)
    at renderWithHooks (http://localhost:3000/_next/static/chunks/1l_l_next_dist_compiled_react-dom_0xs73lw._.js:4620:24)
    at updateFunctionComponent (http://localhost:3000/_next/static/chunks/1l_l_next_dist_compiled_react-dom_0xs73lw._.js:6081:21)
    at beginWork (http://localhost:3000/_next/static/chunks/1l_l_next_dist_compiled_react-dom_0xs73lw._.js:6665:639)
    at runWithFiberInDEV (http://localhost:3000/_next/static/chunks/1l_l_next_dist_compiled_react-dom_0xs73lw._.js:965:74)
    at performUnitOfWork (http://localhost:3000/_next/static/chunks/1l_l_next_dist_compiled_react-dom_0xs73lw._.js:9555:97)
    at workLoopSync (http://localhost:3000/_next/static/chunks/1l_l_next_dist_compiled_react-dom_0xs73lw._.js:9449:40)
    at renderRootSync (http://localhost:3000/_next/static/chunks/1l_l_next_dist_compiled_react-dom_0xs73lw._.js:9433:13)
    at performWorkOnRoot (http://localhost:3000/_next/static/chunks/1l_l_next_dist_compiled_react-dom_0xs73lw._.js:9098:47)
    at performWorkOnRootViaSchedulerTask (http://localhost:3000/_next/static/chunks/1l_l_next_dist_compiled_react-dom_0xs73lw._.js:10255:9)
    at MessagePort.performWorkUntilDeadline (http://localhost:3000/_next/static/chunks/1l_l_next_dist_compiled_0zb8ts5._.js:2647:64)
[ 7395745ms] [LOG] [Fast Refresh] rebuilding @ http://localhost:3000/_next/static/chunks/1l_l_next_dist_1hdtlhn._.js:2477
[ 7395809ms] [LOG] [Fast Refresh] done in 166ms @ http://localhost:3000/_next/static/chunks/1l_l_next_dist_1hdtlhn._.js:2477
[ 7398836ms] [WARNING] The resource http://localhost:3000/people/donald-trump.jpg was preloaded using link preload but not used within a few seconds from the window's load event. Please make sure it has an appropriate `as` value and it is preloaded intentionally. @ http://localhost:3000/:0
[ 7398836ms] [WARNING] The resource http://localhost:3000/people/jim-cramer.jpg was preloaded using link preload but not used within a few seconds from the window's load event. Please make sure it has an appropriate `as` value and it is preloaded intentionally. @ http://localhost:3000/:0
[ 7398836ms] [WARNING] The resource http://localhost:3000/people/stephen-a-smith.jpg was preloaded using link preload but not used within a few seconds from the window's load event. Please make sure it has an appropriate `as` value and it is preloaded intentionally. @ http://localhost:3000/:0
[ 7477652ms] [LOG] [Fast Refresh] rebuilding @ http://localhost:3000/_next/static/chunks/1l_l_next_dist_1hdtlhn._.js:2477
[ 7477692ms] [LOG] [Fast Refresh] done in 82ms @ http://localhost:3000/_next/static/chunks/1l_l_next_dist_1hdtlhn._.js:2477
[ 7478043ms] [ERROR] Failed to load resource: the server responded with a status of 500 (Internal Server Error) @ http://localhost:3000/:0
[ 7478106ms] [INFO] %cDownload the React DevTools for a better development experience: https://react.dev/link/react-devtools font-weight:bold @ http://localhost:3000/_next/static/chunks/1l_l_next_dist_1hdtlhn._.js:2477
[ 7478122ms] [LOG] [HMR] connected @ http://localhost:3000/_next/static/chunks/1l_l_next_dist_1hdtlhn._.js:2477
[ 7478223ms] ReferenceError: initialType is not defined
    at LedgerSortBar (http://localhost:3000/_next/static/chunks/Dropbox%20(Maestral)_smarthumans_ai_src_1mv-4oj._.js:1132:280)
    at Object.react_stack_bottom_frame (http://localhost:3000/_next/static/chunks/1l_l_next_dist_compiled_react-dom_0xs73lw._.js:15037:24)
    at renderWithHooks (http://localhost:3000/_next/static/chunks/1l_l_next_dist_compiled_react-dom_0xs73lw._.js:4620:24)
    at updateFunctionComponent (http://localhost:3000/_next/static/chunks/1l_l_next_dist_compiled_react-dom_0xs73lw._.js:6081:21)
    at beginWork (http://localhost:3000/_next/static/chunks/1l_l_next_dist_compiled_react-dom_0xs73lw._.js:6665:639)
    at runWithFiberInDEV (http://localhost:3000/_next/static/chunks/1l_l_next_dist_compiled_react-dom_0xs73lw._.js:965:74)
    at performUnitOfWork (http://localhost:3000/_next/static/chunks/1l_l_next_dist_compiled_react-dom_0xs73lw._.js:9555:97)
    at workLoopSync (http://localhost:3000/_next/static/chunks/1l_l_next_dist_compiled_react-dom_0xs73lw._.js:9449:40)
    at renderRootSync (http://localhost:3000/_next/static/chunks/1l_l_next_dist_compiled_react-dom_0xs73lw._.js:9433:13)
    at performWorkOnRoot (http://localhost:3000/_next/static/chunks/1l_l_next_dist_compiled_react-dom_0xs73lw._.js:9098:47)
    at performWorkOnRootViaSchedulerTask (http://localhost:3000/_next/static/chunks/1l_l_next_dist_compiled_react-dom_0xs73lw._.js:10255:9)
    at MessagePort.performWorkUntilDeadline (http://localhost:3000/_next/static/chunks/1l_l_next_dist_compiled_0zb8ts5._.js:2647:64)
[ 7478266ms] [LOG] [Fast Refresh] rebuilding @ http://localhost:3000/_next/static/chunks/1l_l_next_dist_1hdtlhn._.js:2477
[ 7478303ms] [LOG] [Fast Refresh] done in 137ms @ http://localhost:3000/_next/static/chunks/1l_l_next_dist_1hdtlhn._.js:2477
[ 7480012ms] [LOG] [Fast Refresh] rebuilding @ http://localhost:3000/_next/static/chunks/1l_l_next_dist_1hdtlhn._.js:2477
[ 7480101ms] [LOG] [Fast Refresh] done in 33ms @ http://localhost:3000/_next/static/chunks/1l_l_next_dist_1hdtlhn._.js:2477
[ 7480291ms] [ERROR] Failed to load resource: the server responded with a status of 500 (Internal Server Error) @ http://localhost:3000/:0
[ 7480333ms] [INFO] %cDownload the React DevTools for a better development experience: https://react.dev/link/react-devtools font-weight:bold @ http://localhost:3000/_next/static/chunks/1l_l_next_dist_1hdtlhn._.js:2477
[ 7480343ms] [LOG] [HMR] connected @ http://localhost:3000/_next/static/chunks/1l_l_next_dist_1hdtlhn._.js:2477
[ 7480425ms] ReferenceError: initialType is not defined
    at LedgerSortBar (http://localhost:3000/_next/static/chunks/Dropbox%20(Maestral)_smarthumans_ai_src_1mv-4oj._.js:1132:280)
    at Object.react_stack_bottom_frame (http://localhost:3000/_next/static/chunks/1l_l_next_dist_compiled_react-dom_0xs73lw._.js:15037:24)
    at renderWithHooks (http://localhost:3000/_next/static/chunks/1l_l_next_dist_compiled_react-dom_0xs73lw._.js:4620:24)
    at updateFunctionComponent (http://localhost:3000/_next/static/chunks/1l_l_next_dist_compiled_react-dom_0xs73lw._.js:6081:21)
    at beginWork (http://localhost:3000/_next/static/chunks/1l_l_next_dist_compiled_react-dom_0xs73lw._.js:6665:639)
    at runWithFiberInDEV (http://localhost:3000/_next/static/chunks/1l_l_next_dist_compiled_react-dom_0xs73lw._.js:965:74)
    at performUnitOfWork (http://localhost:3000/_next/static/chunks/1l_l_next_dist_compiled_react-dom_0xs73lw._.js:9555:97)
    at workLoopSync (http://localhost:3000/_next/static/chunks/1l_l_next_dist_compiled_react-dom_0xs73lw._.js:9449:40)
    at renderRootSync (http://localhost:3000/_next/static/chunks/1l_l_next_dist_compiled_react-dom_0xs73lw._.js:9433:13)
    at performWorkOnRoot (http://localhost:3000/_next/static/chunks/1l_l_next_dist_compiled_react-dom_0xs73lw._.js:9098:47)
    at performWorkOnRootViaSchedulerTask (http://localhost:3000/_next/static/chunks/1l_l_next_dist_compiled_react-dom_0xs73lw._.js:10255:9)
    at MessagePort.performWorkUntilDeadline (http://localhost:3000/_next/static/chunks/1l_l_next_dist_compiled_0zb8ts5._.js:2647:64)
[ 7482506ms] [LOG] [Fast Refresh] rebuilding @ http://localhost:3000/_next/static/chunks/1l_l_next_dist_1hdtlhn._.js:2477
[ 7482589ms] [LOG] [Fast Refresh] done in 17ms @ http://localhost:3000/_next/static/chunks/1l_l_next_dist_1hdtlhn._.js:2477
[ 7482718ms] [ERROR] Failed to load resource: the server responded with a status of 500 (Internal Server Error) @ http://localhost:3000/:0
[ 7482749ms] [INFO] %cDownload the React DevTools for a better development experience: https://react.dev/link/react-devtools font-weight:bold @ http://localhost:3000/_next/static/chunks/1l_l_next_dist_1hdtlhn._.js:2477
[ 7482761ms] [LOG] [HMR] connected @ http://localhost:3000/_next/static/chunks/1l_l_next_dist_1hdtlhn._.js:2477
[ 7482833ms] ReferenceError: initialType is not defined
    at LedgerSortBar (http://localhost:3000/_next/static/chunks/Dropbox%20(Maestral)_smarthumans_ai_src_1mv-4oj._.js:1132:280)
    at Object.react_stack_bottom_frame (http://localhost:3000/_next/static/chunks/1l_l_next_dist_compiled_react-dom_0xs73lw._.js:15037:24)
    at renderWithHooks (http://localhost:3000/_next/static/chunks/1l_l_next_dist_compiled_react-dom_0xs73lw._.js:4620:24)
    at updateFunctionComponent (http://localhost:3000/_next/static/chunks/1l_l_next_dist_compiled_react-dom_0xs73lw._.js:6081:21)
    at beginWork (http://localhost:3000/_next/static/chunks/1l_l_next_dist_compiled_react-dom_0xs73lw._.js:6665:639)
    at runWithFiberInDEV (http://localhost:3000/_next/static/chunks/1l_l_next_dist_compiled_react-dom_0xs73lw._.js:965:74)
    at performUnitOfWork (http://localhost:3000/_next/static/chunks/1l_l_next_dist_compiled_react-dom_0xs73lw._.js:9555:97)
    at workLoopSync (http://localhost:3000/_next/static/chunks/1l_l_next_dist_compiled_react-dom_0xs73lw._.js:9449:40)
    at renderRootSync (http://localhost:3000/_next/static/chunks/1l_l_next_dist_compiled_react-dom_0xs73lw._.js:9433:13)
    at performWorkOnRoot (http://localhost:3000/_next/static/chunks/1l_l_next_dist_compiled_react-dom_0xs73lw._.js:9098:47)
    at performWorkOnRootViaSchedulerTask (http://localhost:3000/_next/static/chunks/1l_l_next_dist_compiled_react-dom_0xs73lw._.js:10255:9)
    at MessagePort.performWorkUntilDeadline (http://localhost:3000/_next/static/chunks/1l_l_next_dist_compiled_0zb8ts5._.js:2647:64)
[ 7485847ms] [WARNING] The resource http://localhost:3000/people/donald-trump.jpg was preloaded using link preload but not used within a few seconds from the window's load event. Please make sure it has an appropriate `as` value and it is preloaded intentionally. @ http://localhost:3000/:0
[ 7485847ms] [WARNING] The resource http://localhost:3000/people/jim-cramer.jpg was preloaded using link preload but not used within a few seconds from the window's load event. Please make sure it has an appropriate `as` value and it is preloaded intentionally. @ http://localhost:3000/:0
[ 7485847ms] [WARNING] The resource http://localhost:3000/people/stephen-a-smith.jpg was preloaded using link preload but not used within a few seconds from the window's load event. Please make sure it has an appropriate `as` value and it is preloaded intentionally. @ http://localhost:3000/:0
[ 7502927ms] [LOG] [Fast Refresh] rebuilding @ http://localhost:3000/_next/static/chunks/1l_l_next_dist_1hdtlhn._.js:2477
[ 7502994ms] [LOG] [Fast Refresh] done in 57ms @ http://localhost:3000/_next/static/chunks/1l_l_next_dist_1hdtlhn._.js:2477
[ 7503144ms] [ERROR] Failed to load resource: the server responded with a status of 500 (Internal Server Error) @ http://localhost:3000/:0
[ 7503176ms] [INFO] %cDownload the React DevTools for a better development experience: https://react.dev/link/react-devtools font-weight:bold @ http://localhost:3000/_next/static/chunks/1l_l_next_dist_1hdtlhn._.js:2477
[ 7503187ms] [LOG] [HMR] connected @ http://localhost:3000/_next/static/chunks/1l_l_next_dist_1hdtlhn._.js:2477
[ 7503260ms] ReferenceError: initialType is not defined
    at LedgerSortBar (http://localhost:3000/_next/static/chunks/Dropbox%20(Maestral)_smarthumans_ai_src_1mv-4oj._.js:1132:280)
    at Object.react_stack_bottom_frame (http://localhost:3000/_next/static/chunks/1l_l_next_dist_compiled_react-dom_0xs73lw._.js:15037:24)
    at renderWithHooks (http://localhost:3000/_next/static/chunks/1l_l_next_dist_compiled_react-dom_0xs73lw._.js:4620:24)
    at updateFunctionComponent (http://localhost:3000/_next/static/chunks/1l_l_next_dist_compiled_react-dom_0xs73lw._.js:6081:21)
    at beginWork (http://localhost:3000/_next/static/chunks/1l_l_next_dist_compiled_react-dom_0xs73lw._.js:6665:639)
    at runWithFiberInDEV (http://localhost:3000/_next/static/chunks/1l_l_next_dist_compiled_react-dom_0xs73lw._.js:965:74)
    at performUnitOfWork (http://localhost:3000/_next/static/chunks/1l_l_next_dist_compiled_react-dom_0xs73lw._.js:9555:97)
    at workLoopSync (http://localhost:3000/_next/static/chunks/1l_l_next_dist_compiled_react-dom_0xs73lw._.js:9449:40)
    at renderRootSync (http://localhost:3000/_next/static/chunks/1l_l_next_dist_compiled_react-dom_0xs73lw._.js:9433:13)
    at performWorkOnRoot (http://localhost:3000/_next/static/chunks/1l_l_next_dist_compiled_react-dom_0xs73lw._.js:9098:47)
    at performWorkOnRootViaSchedulerTask (http://localhost:3000/_next/static/chunks/1l_l_next_dist_compiled_react-dom_0xs73lw._.js:10255:9)
    at MessagePort.performWorkUntilDeadline (http://localhost:3000/_next/static/chunks/1l_l_next_dist_compiled_0zb8ts5._.js:2647:64)
[ 7506272ms] [WARNING] The resource http://localhost:3000/people/donald-trump.jpg was preloaded using link preload but not used within a few seconds from the window's load event. Please make sure it has an appropriate `as` value and it is preloaded intentionally. @ http://localhost:3000/:0
[ 7506272ms] [WARNING] The resource http://localhost:3000/people/jim-cramer.jpg was preloaded using link preload but not used within a few seconds from the window's load event. Please make sure it has an appropriate `as` value and it is preloaded intentionally. @ http://localhost:3000/:0
[ 7506272ms] [WARNING] The resource http://localhost:3000/people/stephen-a-smith.jpg was preloaded using link preload but not used within a few seconds from the window's load event. Please make sure it has an appropriate `as` value and it is preloaded intentionally. @ http://localhost:3000/:0
[ 7515428ms] [LOG] [Fast Refresh] rebuilding @ http://localhost:3000/_next/static/chunks/1l_l_next_dist_1hdtlhn._.js:2477
[ 7515496ms] [LOG] [Fast Refresh] done in 31ms @ http://localhost:3000/_next/static/chunks/1l_l_next_dist_1hdtlhn._.js:2477
[ 7515603ms] [ERROR] Failed to load resource: the server responded with a status of 500 (Internal Server Error) @ http://localhost:3000/:0
[ 7515656ms] [INFO] %cDownload the React DevTools for a better development experience: https://react.dev/link/react-devtools font-weight:bold @ http://localhost:3000/_next/static/chunks/1l_l_next_dist_1hdtlhn._.js:2477
[ 7515670ms] [LOG] [HMR] connected @ http://localhost:3000/_next/static/chunks/1l_l_next_dist_1hdtlhn._.js:2477
[ 7515744ms] ReferenceError: initialType is not defined
    at LedgerSortBar (http://localhost:3000/_next/static/chunks/Dropbox%20(Maestral)_smarthumans_ai_src_1mv-4oj._.js:1132:280)
    at Object.react_stack_bottom_frame (http://localhost:3000/_next/static/chunks/1l_l_next_dist_compiled_react-dom_0xs73lw._.js:15037:24)
    at renderWithHooks (http://localhost:3000/_next/static/chunks/1l_l_next_dist_compiled_react-dom_0xs73lw._.js:4620:24)
    at updateFunctionComponent (http://localhost:3000/_next/static/chunks/1l_l_next_dist_compiled_react-dom_0xs73lw._.js:6081:21)
    at beginWork (http://localhost:3000/_next/static/chunks/1l_l_next_dist_compiled_react-dom_0xs73lw._.js:6665:639)
    at runWithFiberInDEV (http://localhost:3000/_next/static/chunks/1l_l_next_dist_compiled_react-dom_0xs73lw._.js:965:74)
    at performUnitOfWork (http://localhost:3000/_next/static/chunks/1l_l_next_dist_compiled_react-dom_0xs73lw._.js:9555:97)
    at workLoopSync (http://localhost:3000/_next/static/chunks/1l_l_next_dist_compiled_react-dom_0xs73lw._.js:9449:40)
    at renderRootSync (http://localhost:3000/_next/static/chunks/1l_l_next_dist_compiled_react-dom_0xs73lw._.js:9433:13)
    at performWorkOnRoot (http://localhost:3000/_next/static/chunks/1l_l_next_dist_compiled_react-dom_0xs73lw._.js:9098:47)
    at performWorkOnRootViaSchedulerTask (http://localhost:3000/_next/static/chunks/1l_l_next_dist_compiled_react-dom_0xs73lw._.js:10255:9)
    at MessagePort.performWorkUntilDeadline (http://localhost:3000/_next/static/chunks/1l_l_next_dist_compiled_0zb8ts5._.js:2647:64)
[ 7518770ms] [WARNING] The resource http://localhost:3000/people/donald-trump.jpg was preloaded using link preload but not used within a few seconds from the window's load event. Please make sure it has an appropriate `as` value and it is preloaded intentionally. @ http://localhost:3000/:0
[ 7518771ms] [WARNING] The resource http://localhost:3000/people/jim-cramer.jpg was preloaded using link preload but not used within a few seconds from the window's load event. Please make sure it has an appropriate `as` value and it is preloaded intentionally. @ http://localhost:3000/:0
[ 7518771ms] [WARNING] The resource http://localhost:3000/people/stephen-a-smith.jpg was preloaded using link preload but not used within a few seconds from the window's load event. Please make sure it has an appropriate `as` value and it is preloaded intentionally. @ http://localhost:3000/:0
[ 7522235ms] [LOG] [Fast Refresh] rebuilding @ http://localhost:3000/_next/static/chunks/1l_l_next_dist_1hdtlhn._.js:2477
[ 7522290ms] [LOG] [Fast Refresh] done in 94ms @ http://localhost:3000/_next/static/chunks/1l_l_next_dist_1hdtlhn._.js:2477
[ 7522418ms] [ERROR] Failed to load resource: the server responded with a status of 500 (Internal Server Error) @ http://localhost:3000/:0
[ 7522493ms] [INFO] %cDownload the React DevTools for a better development experience: https://react.dev/link/react-devtools font-weight:bold @ http://localhost:3000/_next/static/chunks/1l_l_next_dist_1hdtlhn._.js:2477
[ 7522509ms] [LOG] [HMR] connected @ http://localhost:3000/_next/static/chunks/1l_l_next_dist_1hdtlhn._.js:2477
[ 7522578ms] ReferenceError: initialType is not defined
    at LedgerSortBar (http://localhost:3000/_next/static/chunks/Dropbox%20(Maestral)_smarthumans_ai_src_1mv-4oj._.js:1132:280)
    at Object.react_stack_bottom_frame (http://localhost:3000/_next/static/chunks/1l_l_next_dist_compiled_react-dom_0xs73lw._.js:15037:24)
    at renderWithHooks (http://localhost:3000/_next/static/chunks/1l_l_next_dist_compiled_react-dom_0xs73lw._.js:4620:24)
    at updateFunctionComponent (http://localhost:3000/_next/static/chunks/1l_l_next_dist_compiled_react-dom_0xs73lw._.js:6081:21)
    at beginWork (http://localhost:3000/_next/static/chunks/1l_l_next_dist_compiled_react-dom_0xs73lw._.js:6665:639)
    at runWithFiberInDEV (http://localhost:3000/_next/static/chunks/1l_l_next_dist_compiled_react-dom_0xs73lw._.js:965:74)
    at performUnitOfWork (http://localhost:3000/_next/static/chunks/1l_l_next_dist_compiled_react-dom_0xs73lw._.js:9555:97)
    at workLoopSync (http://localhost:3000/_next/static/chunks/1l_l_next_dist_compiled_react-dom_0xs73lw._.js:9449:40)
    at renderRootSync (http://localhost:3000/_next/static/chunks/1l_l_next_dist_compiled_react-dom_0xs73lw._.js:9433:13)
    at performWorkOnRoot (http://localhost:3000/_next/static/chunks/1l_l_next_dist_compiled_react-dom_0xs73lw._.js:9098:47)
    at performWorkOnRootViaSchedulerTask (http://localhost:3000/_next/static/chunks/1l_l_next_dist_compiled_react-dom_0xs73lw._.js:10255:9)
    at MessagePort.performWorkUntilDeadline (http://localhost:3000/_next/static/chunks/1l_l_next_dist_compiled_0zb8ts5._.js:2647:64)
[ 7525591ms] [WARNING] The resource http://localhost:3000/people/donald-trump.jpg was preloaded using link preload but not used within a few seconds from the window's load event. Please make sure it has an appropriate `as` value and it is preloaded intentionally. @ http://localhost:3000/:0
[ 7525591ms] [WARNING] The resource http://localhost:3000/people/jim-cramer.jpg was preloaded using link preload but not used within a few seconds from the window's load event. Please make sure it has an appropriate `as` value and it is preloaded intentionally. @ http://localhost:3000/:0
[ 7525591ms] [WARNING] The resource http://localhost:3000/people/stephen-a-smith.jpg was preloaded using link preload but not used within a few seconds from the window's load event. Please make sure it has an appropriate `as` value and it is preloaded intentionally. @ http://localhost:3000/:0
[ 7540693ms] [LOG] [Fast Refresh] rebuilding @ http://localhost:3000/_next/static/chunks/1l_l_next_dist_1hdtlhn._.js:2477
[ 7540732ms] [LOG] [Fast Refresh] done in 41ms @ http://localhost:3000/_next/static/chunks/1l_l_next_dist_1hdtlhn._.js:2477
[ 7540841ms] [ERROR] Failed to load resource: the server responded with a status of 500 (Internal Server Error) @ http://localhost:3000/:0
[ 7540912ms] [INFO] %cDownload the React DevTools for a better development experience: https://react.dev/link/react-devtools font-weight:bold @ http://localhost:3000/_next/static/chunks/1l_l_next_dist_1hdtlhn._.js:2477
[ 7540924ms] [LOG] [HMR] connected @ http://localhost:3000/_next/static/chunks/1l_l_next_dist_1hdtlhn._.js:2477
[ 7540992ms] ReferenceError: initialType is not defined
    at LedgerSortBar (http://localhost:3000/_next/static/chunks/Dropbox%20(Maestral)_smarthumans_ai_src_1mv-4oj._.js:1132:280)
    at Object.react_stack_bottom_frame (http://localhost:3000/_next/static/chunks/1l_l_next_dist_compiled_react-dom_0xs73lw._.js:15037:24)
    at renderWithHooks (http://localhost:3000/_next/static/chunks/1l_l_next_dist_compiled_react-dom_0xs73lw._.js:4620:24)
    at updateFunctionComponent (http://localhost:3000/_next/static/chunks/1l_l_next_dist_compiled_react-dom_0xs73lw._.js:6081:21)
    at beginWork (http://localhost:3000/_next/static/chunks/1l_l_next_dist_compiled_react-dom_0xs73lw._.js:6665:639)
    at runWithFiberInDEV (http://localhost:3000/_next/static/chunks/1l_l_next_dist_compiled_react-dom_0xs73lw._.js:965:74)
    at performUnitOfWork (http://localhost:3000/_next/static/chunks/1l_l_next_dist_compiled_react-dom_0xs73lw._.js:9555:97)
    at workLoopSync (http://localhost:3000/_next/static/chunks/1l_l_next_dist_compiled_react-dom_0xs73lw._.js:9449:40)
    at renderRootSync (http://localhost:3000/_next/static/chunks/1l_l_next_dist_compiled_react-dom_0xs73lw._.js:9433:13)
    at performWorkOnRoot (http://localhost:3000/_next/static/chunks/1l_l_next_dist_compiled_react-dom_0xs73lw._.js:9098:47)
    at performWorkOnRootViaSchedulerTask (http://localhost:3000/_next/static/chunks/1l_l_next_dist_compiled_react-dom_0xs73lw._.js:10255:9)
    at MessagePort.performWorkUntilDeadline (http://localhost:3000/_next/static/chunks/1l_l_next_dist_compiled_0zb8ts5._.js:2647:64)
[ 7544023ms] [WARNING] The resource http://localhost:3000/people/donald-trump.jpg was preloaded using link preload but not used within a few seconds from the window's load event. Please make sure it has an appropriate `as` value and it is preloaded intentionally. @ http://localhost:3000/:0
[ 7544023ms] [WARNING] The resource http://localhost:3000/people/jim-cramer.jpg was preloaded using link preload but not used within a few seconds from the window's load event. Please make sure it has an appropriate `as` value and it is preloaded intentionally. @ http://localhost:3000/:0
[ 7544023ms] [WARNING] The resource http://localhost:3000/people/stephen-a-smith.jpg was preloaded using link preload but not used within a few seconds from the window's load event. Please make sure it has an appropriate `as` value and it is preloaded intentionally. @ http://localhost:3000/:0
[ 7571440ms] [LOG] [Fast Refresh] rebuilding @ http://localhost:3000/_next/static/chunks/1l_l_next_dist_1hdtlhn._.js:2477
[ 7571532ms] [LOG] [Fast Refresh] done in 41ms @ http://localhost:3000/_next/static/chunks/1l_l_next_dist_1hdtlhn._.js:2477
[ 7571724ms] [ERROR] Failed to load resource: the server responded with a status of 500 (Internal Server Error) @ http://localhost:3000/:0
[ 7571769ms] [INFO] %cDownload the React DevTools for a better development experience: https://react.dev/link/react-devtools font-weight:bold @ http://localhost:3000/_next/static/chunks/1l_l_next_dist_1hdtlhn._.js:2477
[ 7571787ms] [LOG] [HMR] connected @ http://localhost:3000/_next/static/chunks/1l_l_next_dist_1hdtlhn._.js:2477
[ 7571863ms] ReferenceError: initialType is not defined
    at LedgerSortBar (http://localhost:3000/_next/static/chunks/Dropbox%20(Maestral)_smarthumans_ai_src_1mv-4oj._.js:1132:280)
    at Object.react_stack_bottom_frame (http://localhost:3000/_next/static/chunks/1l_l_next_dist_compiled_react-dom_0xs73lw._.js:15037:24)
    at renderWithHooks (http://localhost:3000/_next/static/chunks/1l_l_next_dist_compiled_react-dom_0xs73lw._.js:4620:24)
    at updateFunctionComponent (http://localhost:3000/_next/static/chunks/1l_l_next_dist_compiled_react-dom_0xs73lw._.js:6081:21)
    at beginWork (http://localhost:3000/_next/static/chunks/1l_l_next_dist_compiled_react-dom_0xs73lw._.js:6665:639)
    at runWithFiberInDEV (http://localhost:3000/_next/static/chunks/1l_l_next_dist_compiled_react-dom_0xs73lw._.js:965:74)
    at performUnitOfWork (http://localhost:3000/_next/static/chunks/1l_l_next_dist_compiled_react-dom_0xs73lw._.js:9555:97)
    at workLoopSync (http://localhost:3000/_next/static/chunks/1l_l_next_dist_compiled_react-dom_0xs73lw._.js:9449:40)
    at renderRootSync (http://localhost:3000/_next/static/chunks/1l_l_next_dist_compiled_react-dom_0xs73lw._.js:9433:13)
    at performWorkOnRoot (http://localhost:3000/_next/static/chunks/1l_l_next_dist_compiled_react-dom_0xs73lw._.js:9098:47)
    at performWorkOnRootViaSchedulerTask (http://localhost:3000/_next/static/chunks/1l_l_next_dist_compiled_react-dom_0xs73lw._.js:10255:9)
    at MessagePort.performWorkUntilDeadline (http://localhost:3000/_next/static/chunks/1l_l_next_dist_compiled_0zb8ts5._.js:2647:64)
[ 7572860ms] [LOG] [Fast Refresh] rebuilding @ http://localhost:3000/_next/static/chunks/1l_l_next_dist_1hdtlhn._.js:2477
[ 7572863ms] [WARNING] [Fast Refresh] performing full reload because your application had an unrecoverable error @ http://localhost:3000/_next/static/chunks/1l_l_next_dist_1hdtlhn._.js:2477
[ 7572937ms] [LOG] [Fast Refresh] done in 49ms @ http://localhost:3000/_next/static/chunks/1l_l_next_dist_1hdtlhn._.js:2477
[ 7573165ms] [INFO] %cDownload the React DevTools for a better development experience: https://react.dev/link/react-devtools font-weight:bold @ http://localhost:3000/_next/static/chunks/1l_l_next_dist_1hdtlhn._.js:2477
[ 7573179ms] [LOG] [HMR] connected @ http://localhost:3000/_next/static/chunks/1l_l_next_dist_1hdtlhn._.js:2477
[ 7992358ms] [LOG] [Fast Refresh] rebuilding @ http://localhost:3000/_next/static/chunks/1l_l_next_dist_1hdtlhn._.js:2477
[ 7992386ms] [LOG] [Fast Refresh] done in 93ms @ http://localhost:3000/_next/static/chunks/1l_l_next_dist_1hdtlhn._.js:2477
[ 8011087ms] [LOG] [Fast Refresh] rebuilding @ http://localhost:3000/_next/static/chunks/1l_l_next_dist_1hdtlhn._.js:2477
[ 8011136ms] [LOG] [Fast Refresh] done in 101ms @ http://localhost:3000/_next/static/chunks/1l_l_next_dist_1hdtlhn._.js:2477
[ 8019508ms] [LOG] [Fast Refresh] rebuilding @ http://localhost:3000/_next/static/chunks/1l_l_next_dist_1hdtlhn._.js:2477
[ 8019545ms] [ERROR] ./Dropbox (Maestral)/smarthumans.ai/src/app/page.tsx:6:1
Module not found: Can't resolve '@/components/home-hybrid'
  4 | import { ClaimCard } from "@/components/claim-card";
  5 | import { Section } from "@/components/section";
> 6 | import { HomeSkin } from "@/components/home-hybrid";
    | ^^^^^^^^^^^^^^^^^^^^^^^^^^^^^^^^^^^^^^^^^^^^^^^^^^^^
  7 | import { LedgerSortBar, type LedgerItem } from "@/components/ledger-sort-bar";
  8 | import { DOMAIN_LABEL } from "@/lib/status";
  9 | import { cn } from "@/lib/utils";

Import map: aliased to relative './src/components/home-hybrid' inside of [project]/Dropbox (Maestral)/smarthumans.ai

https://nextjs.org/docs/messages/module-not-found @ http://localhost:3000/_next/static/chunks/1l_l_next_dist_1hdtlhn._.js:3318
[ 8019575ms] [ERROR] Failed to load resource: the server responded with a status of 500 (Internal Server Error) @ http://localhost:3000/?_rsc=q3mOO9BClNZHexY7:0
[ 8019627ms] [ERROR] Failed to load resource: the server responded with a status of 500 (Internal Server Error) @ http://localhost:3000/?_rsc=q3mOO9BClNZHexY7:0
[ 8019662ms] [ERROR] Failed to load resource: the server responded with a status of 500 (Internal Server Error) @ http://localhost:3000/:0
[ 8019930ms] [INFO] %cDownload the React DevTools for a better development experience: https://react.dev/link/react-devtools font-weight:bold @ http://localhost:3000/_next/static/chunks/1l_l_react-dom_0juj_l_._.js:15305
[ 8019973ms] Error: ./Dropbox (Maestral)/smarthumans.ai/src/app/page.tsx:6:1
Module not found: Can't resolve '@/components/home-hybrid'
  4 | import { ClaimCard } from "@/components/claim-card";
  5 | import { Section } from "@/components/section";
> 6 | import { HomeSkin } from "@/components/home-hybrid";
    | ^^^^^^^^^^^^^^^^^^^^^^^^^^^^^^^^^^^^^^^^^^^^^^^^^^^^
  7 | import { LedgerSortBar, type LedgerItem } from "@/components/ledger-sort-bar";
  8 | import { DOMAIN_LABEL } from "@/lib/status";
  9 | import { cn } from "@/lib/utils";

Import map: aliased to relative './src/components/home-hybrid' inside of [project]/Dropbox (Maestral)/smarthumans.ai


https://nextjs.org/docs/messages/module-not-found


    at <unknown> (Error: ./Dropbox (Maestral)/smarthumans.ai/src/app/page.tsx:6:1)
    at <unknown> (https://nextjs.org/docs/messages/module-not-found)
    at Object.getCompilationErrors (file:///Users/joelei/Dropbox (Maestral)/smarthumans.ai/node_modules/next/dist/server/dev/hot-reloader-turbopack.js:1186:59)
    at DevBundlerService.getCompilationError (file:///Users/joelei/Dropbox (Maestral)/smarthumans.ai/node_modules/next/dist/server/lib/dev-bundler-service.js:44:55)
    at DevServer.getCompilationError (file:///Users/joelei/Dropbox (Maestral)/smarthumans.ai/node_modules/next/dist/server/dev/next-dev-server.js:720:42)
    at DevServer.findPageComponents (file:///Users/joelei/Dropbox (Maestral)/smarthumans.ai/node_modules/next/dist/server/dev/next-dev-server.js:690:43)
    at async DevServer.renderErrorToResponseImpl (file:///Users/joelei/Dropbox (Maestral)/smarthumans.ai/node_modules/next/dist/server/base-server.js:1753:26)
[ 8020003ms] [LOG] [HMR] connected @ http://localhost:3000/_next/static/chunks/1l_l_next_dist_0sxpgfl._.js:1226
[ 8020073ms] [ERROR] ./Dropbox (Maestral)/smarthumans.ai/src/app/page.tsx:6:1
Module not found: Can't resolve '@/components/home-hybrid'
  4 | import { ClaimCard } from "@/components/claim-card";
  5 | import { Section } from "@/components/section";
> 6 | import { HomeSkin } from "@/components/home-hybrid";
    | ^^^^^^^^^^^^^^^^^^^^^^^^^^^^^^^^^^^^^^^^^^^^^^^^^^^^
  7 | import { LedgerSortBar, type LedgerItem } from "@/components/ledger-sort-bar";
  8 | import { DOMAIN_LABEL } from "@/lib/status";
  9 | import { cn } from "@/lib/utils";

Import map: aliased to relative './src/components/home-hybrid' inside of [project]/Dropbox (Maestral)/smarthumans.ai

https://nextjs.org/docs/messages/module-not-found @ http://localhost:3000/_next/static/chunks/1l_l_next_dist_0sxpgfl._.js:1945
[ 8020121ms] [ERROR] ./Dropbox (Maestral)/smarthumans.ai/src/app/page.tsx:6:1
Module not found: Can't resolve '@/components/home-hybrid'
  4 | import { ClaimCard } from "@/components/claim-card";
  5 | import { Section } from "@/components/section";
> 6 | import { HomeSkin } from "@/components/home-hybrid";
    | ^^^^^^^^^^^^^^^^^^^^^^^^^^^^^^^^^^^^^^^^^^^^^^^^^^^^
  7 | import { LedgerSortBar, type LedgerItem } from "@/components/ledger-sort-bar";
  8 | import { DOMAIN_LABEL } from "@/lib/status";
  9 | import { cn } from "@/lib/utils";

Import map: aliased to relative './src/components/home-hybrid' inside of [project]/Dropbox (Maestral)/smarthumans.ai

https://nextjs.org/docs/messages/module-not-found @ http://localhost:3000/_next/static/chunks/1l_l_next_dist_0sxpgfl._.js:1945
[ 8020140ms] [ERROR] ./Dropbox (Maestral)/smarthumans.ai/src/app/page.tsx:6:1
Module not found: Can't resolve '@/components/home-hybrid'
  4 | import { ClaimCard } from "@/components/claim-card";
  5 | import { Section } from "@/components/section";
> 6 | import { HomeSkin } from "@/components/home-hybrid";
    | ^^^^^^^^^^^^^^^^^^^^^^^^^^^^^^^^^^^^^^^^^^^^^^^^^^^^
  7 | import { LedgerSortBar, type LedgerItem } from "@/components/ledger-sort-bar";
  8 | import { DOMAIN_LABEL } from "@/lib/status";
  9 | import { cn } from "@/lib/utils";

Import map: aliased to relative './src/components/home-hybrid' inside of [project]/Dropbox (Maestral)/smarthumans.ai

https://nextjs.org/docs/messages/module-not-found @ http://localhost:3000/_next/static/chunks/1l_l_next_dist_0sxpgfl._.js:1945
[ 8020179ms] [ERROR] ./Dropbox (Maestral)/smarthumans.ai/src/app/page.tsx:6:1
Module not found: Can't resolve '@/components/home-hybrid'
  4 | import { ClaimCard } from "@/components/claim-card";
  5 | import { Section } from "@/components/section";
> 6 | import { HomeSkin } from "@/components/home-hybrid";
    | ^^^^^^^^^^^^^^^^^^^^^^^^^^^^^^^^^^^^^^^^^^^^^^^^^^^^
  7 | import { LedgerSortBar, type LedgerItem } from "@/components/ledger-sort-bar";
  8 | import { DOMAIN_LABEL } from "@/lib/status";
  9 | import { cn } from "@/lib/utils";

Import map: aliased to relative './src/components/home-hybrid' inside of [project]/Dropbox (Maestral)/smarthumans.ai

https://nextjs.org/docs/messages/module-not-found @ http://localhost:3000/_next/static/chunks/1l_l_next_dist_0sxpgfl._.js:1945
[ 8020282ms] [ERROR] ./Dropbox (Maestral)/smarthumans.ai/src/app/page.tsx:6:1
Module not found: Can't resolve '@/components/home-hybrid'
  4 | import { ClaimCard } from "@/components/claim-card";
  5 | import { Section } from "@/components/section";
> 6 | import { HomeSkin } from "@/components/home-hybrid";
    | ^^^^^^^^^^^^^^^^^^^^^^^^^^^^^^^^^^^^^^^^^^^^^^^^^^^^
  7 | import { LedgerSortBar, type LedgerItem } from "@/components/ledger-sort-bar";
  8 | import { DOMAIN_LABEL } from "@/lib/status";
  9 | import { cn } from "@/lib/utils";

Import map: aliased to relative './src/components/home-hybrid' inside of [project]/Dropbox (Maestral)/smarthumans.ai

https://nextjs.org/docs/messages/module-not-found @ http://localhost:3000/_next/static/chunks/1l_l_next_dist_0sxpgfl._.js:1945
[ 8020327ms] [LOG] [Fast Refresh] rebuilding @ http://localhost:3000/_next/static/chunks/1l_l_next_dist_0sxpgfl._.js:1226
[ 8021535ms] [LOG] [Fast Refresh] rebuilding @ http://localhost:3000/_next/static/chunks/1l_l_next_dist_0sxpgfl._.js:1226
[ 8021923ms] [LOG] [Fast Refresh] done in 44ms @ http://localhost:3000/_next/static/chunks/1l_l_next_dist_0sxpgfl._.js:1226
[ 8022302ms] [ERROR] Failed to load resource: the server responded with a status of 500 (Internal Server Error) @ http://localhost:3000/:0
[ 8022335ms] [INFO] %cDownload the React DevTools for a better development experience: https://react.dev/link/react-devtools font-weight:bold @ http://localhost:3000/_next/static/chunks/1l_l_next_dist_1hdtlhn._.js:2477
[ 8022351ms] [LOG] [HMR] connected @ http://localhost:3000/_next/static/chunks/1l_l_next_dist_1hdtlhn._.js:2477
[ 8022400ms] ReferenceError: HomeSkin is not defined
    at HomePage (/Users/joelei/Dropbox (about://React/Server/Maestral)/smarthumans.ai/.next/dev/server/chunks/ssr/%5Broot-of-the-server%5D__00ps8mf._.js?0:2028:312)
    at resolveErrorDev (http://localhost:3000/_next/static/chunks/1l_l_next_dist_compiled_react-server-dom-turbopack_1pd5eef._.js:1919:105)
    at processFullStringRow (http://localhost:3000/_next/static/chunks/1l_l_next_dist_compiled_react-server-dom-turbopack_1pd5eef._.js:2434:29)
    at processFullBinaryRow (http://localhost:3000/_next/static/chunks/1l_l_next_dist_compiled_react-server-dom-turbopack_1pd5eef._.js:2393:9)
    at processBinaryChunk (http://localhost:3000/_next/static/chunks/1l_l_next_dist_compiled_react-server-dom-turbopack_1pd5eef._.js:2502:221)
    at progress (http://localhost:3000/_next/static/chunks/1l_l_next_dist_compiled_react-server-dom-turbopack_1pd5eef._.js:2689:13)
[ 8022502ms] [LOG] [Fast Refresh] rebuilding @ http://localhost:3000/_next/static/chunks/1l_l_next_dist_1hdtlhn._.js:2477
[ 8022607ms] [LOG] [Fast Refresh] done in 206ms @ http://localhost:3000/_next/static/chunks/1l_l_next_dist_1hdtlhn._.js:2477
[ 8034423ms] [ERROR] ./Dropbox (Maestral)/smarthumans.ai/src/app/page.tsx:101:6
Unterminated regexp literal
   99 |         </div>
  100 |       </div>
> 101 |     </HomeSkin>
      |      ^^^^^^^^^^
  102 |   );
  103 | }
  104 |

Parsing ecmascript source code failed @ http://localhost:3000/_next/static/chunks/1l_l_next_dist_1hdtlhn._.js:3318
[ 8034459ms] [LOG] [Fast Refresh] rebuilding @ http://localhost:3000/_next/static/chunks/1l_l_next_dist_1hdtlhn._.js:2477
[ 8035896ms] [LOG] [Fast Refresh] rebuilding @ http://localhost:3000/_next/static/chunks/1l_l_next_dist_1hdtlhn._.js:2477
[ 8035896ms] [LOG] [Fast Refresh] done in 62ms @ http://localhost:3000/_next/static/chunks/1l_l_next_dist_1hdtlhn._.js:2477
[ 8036258ms] [INFO] %cDownload the React DevTools for a better development experience: https://react.dev/link/react-devtools font-weight:bold @ http://localhost:3000/_next/static/chunks/1l_l_next_dist_1hdtlhn._.js:2477
[ 8036277ms] [LOG] [HMR] connected @ http://localhost:3000/_next/static/chunks/1l_l_next_dist_1hdtlhn._.js:2477
[ 8052679ms] [LOG] [Fast Refresh] rebuilding @ http://localhost:3000/_next/static/chunks/1l_l_next_dist_1hdtlhn._.js:2477
[ 8052732ms] [LOG] [Fast Refresh] done in 32ms @ http://localhost:3000/_next/static/chunks/1l_l_next_dist_1hdtlhn._.js:2477
[ 8055548ms] [LOG] [Fast Refresh] rebuilding @ http://localhost:3000/_next/static/chunks/1l_l_next_dist_1hdtlhn._.js:2477
[ 8055601ms] [LOG] [Fast Refresh] done in 32ms @ http://localhost:3000/_next/static/chunks/1l_l_next_dist_1hdtlhn._.js:2477
[ 8073797ms] [LOG] [Fast Refresh] rebuilding @ http://localhost:3000/_next/static/chunks/1l_l_next_dist_1hdtlhn._.js:2477
[ 8073888ms] [LOG] [Fast Refresh] done in 40ms @ http://localhost:3000/_next/static/chunks/1l_l_next_dist_1hdtlhn._.js:2477
[ 8084601ms] [LOG] [Fast Refresh] rebuilding @ http://localhost:3000/_next/static/chunks/1l_l_next_dist_1hdtlhn._.js:2477
[ 8084639ms] [LOG] [Fast Refresh] done in 31ms @ http://localhost:3000/_next/static/chunks/1l_l_next_dist_1hdtlhn._.js:2477
[ 8311036ms] [LOG] [Fast Refresh] rebuilding @ http://localhost:3000/_next/static/chunks/1l_l_next_dist_1hdtlhn._.js:2477
[ 8311054ms] [LOG] [Fast Refresh] done in 120ms @ http://localhost:3000/_next/static/chunks/1l_l_next_dist_1hdtlhn._.js:2477
[ 8340459ms] [LOG] [Fast Refresh] rebuilding @ http://localhost:3000/_next/static/chunks/1l_l_next_dist_1hdtlhn._.js:2477
[ 8340506ms] [LOG] [Fast Refresh] done in 46ms @ http://localhost:3000/_next/static/chunks/1l_l_next_dist_1hdtlhn._.js:2477
[ 8343829ms] [LOG] [Fast Refresh] rebuilding @ http://localhost:3000/_next/static/chunks/1l_l_next_dist_1hdtlhn._.js:2477
[ 8343870ms] [LOG] [Fast Refresh] done in 33ms @ http://localhost:3000/_next/static/chunks/1l_l_next_dist_1hdtlhn._.js:2477
[ 8354064ms] [LOG] [Fast Refresh] rebuilding @ http://localhost:3000/_next/static/chunks/1l_l_next_dist_1hdtlhn._.js:2477
[ 8354137ms] [LOG] [Fast Refresh] done in 31ms @ http://localhost:3000/_next/static/chunks/1l_l_next_dist_1hdtlhn._.js:2477
[ 8599493ms] [LOG] [Fast Refresh] rebuilding @ http://localhost:3000/_next/static/chunks/1l_l_next_dist_1hdtlhn._.js:2477
[ 8599589ms] [LOG] [Fast Refresh] done in 128ms @ http://localhost:3000/_next/static/chunks/1l_l_next_dist_1hdtlhn._.js:2477
[ 8601282ms] [LOG] [Fast Refresh] rebuilding @ http://localhost:3000/_next/static/chunks/1l_l_next_dist_1hdtlhn._.js:2477
[ 8601329ms] [LOG] [Fast Refresh] done in 41ms @ http://localhost:3000/_next/static/chunks/1l_l_next_dist_1hdtlhn._.js:2477
[ 8604107ms] [LOG] [Fast Refresh] rebuilding @ http://localhost:3000/_next/static/chunks/1l_l_next_dist_1hdtlhn._.js:2477
[ 8604182ms] [LOG] [Fast Refresh] done in 107ms @ http://localhost:3000/_next/static/chunks/1l_l_next_dist_1hdtlhn._.js:2477
[ 8606475ms] [LOG] [Fast Refresh] rebuilding @ http://localhost:3000/_next/static/chunks/1l_l_next_dist_1hdtlhn._.js:2477
[ 8606522ms] [LOG] [Fast Refresh] done in 33ms @ http://localhost:3000/_next/static/chunks/1l_l_next_dist_1hdtlhn._.js:2477
[ 8609876ms] [LOG] [Fast Refresh] rebuilding @ http://localhost:3000/_next/static/chunks/1l_l_next_dist_1hdtlhn._.js:2477
[ 8609947ms] [LOG] [Fast Refresh] done in 96ms @ http://localhost:3000/_next/static/chunks/1l_l_next_dist_1hdtlhn._.js:2477
[ 8622242ms] [LOG] [Fast Refresh] rebuilding @ http://localhost:3000/_next/static/chunks/1l_l_next_dist_1hdtlhn._.js:2477
[ 8622300ms] [LOG] [Fast Refresh] done in 95ms @ http://localhost:3000/_next/static/chunks/1l_l_next_dist_1hdtlhn._.js:2477
[ 8624008ms] [LOG] [Fast Refresh] rebuilding @ http://localhost:3000/_next/static/chunks/1l_l_next_dist_1hdtlhn._.js:2477
[ 8624036ms] [LOG] [Fast Refresh] done in 36ms @ http://localhost:3000/_next/static/chunks/1l_l_next_dist_1hdtlhn._.js:2477
